username,platform,label,follower_count,following_count,friends_count,posts_count,account_age_days,has_profile_photo,has_cover_photo,bio_length,username_digit_ratio,username_length,friend_request_mutuals,profile_completeness,avg_likes_per_post,posts_per_week
maya.park,twitter,real,601,140,9,513,572,0,0,122,0.0,9,28,0.6667,25.36,6.282
anikakade2,facebook,fake,22,966,28,28,1750,1,0,2,0.1,10,7,0.62,1.52,0.111
idnet6013,twitter,fake,16,1187,22,44,499,1,0,22,0.4444,9,3,0.7133,0.69,0.624
xx_3173204,twitter,fake,18,1907,8,12,26,0,1,14,0.7,10,2,0.4249,0.28,3.204
freya_rao,twitter,real,496,85,55,341,372,1,0,91,0.0,9,3,0.8333,52.02,6.425
xxdeal2954221,facebook,fake,8,796,9,50,1508,1,0,49,0.5385,13,3,0.7695,2.29,0.231
net.deal462,facebook,fake,17,1525,10,3,90,0,0,0,0.2727,11,3,0.2199,3.84,0.227
sienna_khan,twitter,real,447,155,18,4,1819,1,0,3,0.0,11,7,0.5207,5.6,0.013
promo550686,instagram,fake,7,2046,8,1,26,0,0,30,0.5455,11,1,0.2435,2.17,0.212
realid04681,facebook,fake,13,1161,50,10,45,0,0,15,0.4545,11,2,0.2584,2.21,1.495
acc.deal139,facebook,fake,14,680,42,6,50,0,0,7,0.2727,11,1,0.2304,4.95,0.859
win_tmp975,facebook,fake,3,1415,18,6,104,0,0,1,0.3,10,0,0.2433,4.82,0.435
real_5735213,facebook,fake,32,955,9,8,14,1,0,2,0.5833,12,1,0.3753,1.24,15.884
deal.acc4792,facebook,fake,5,621,64,21,163,0,1,38,0.3333,12,0,0.5759,1.0,0.922
marcoberg6,twitter,fake,16,953,3,12,1290,1,0,34,0.1,10,2,0.6188,5.24,0.063
follow_637299,instagram,fake,9,480,3,8,25,0,0,10,0.4615,13,1,0.2333,1.07,2.327
isla_moreau,facebook,real,177,229,214,48,1109,1,1,208,0.0,11,5,1.0,44.02,0.305
meera.khan,instagram,real,173,425,40,22,1070,1,0,107,0.0,10,15,0.7586,32.57,0.144
acc_430,facebook,fake,3,1314,81,1,46,0,0,22,0.4286,7,3,0.2365,5.87,0.11
promo.xx928208,facebook,fake,115,674,16,21,1185,1,1,79,0.4286,14,12,0.9186,40.75,0.124
q_promo782,facebook,fake,251,340,64,49,35,1,1,100,0.3,10,15,0.8493,9.26,9.737
id.xx9349996,instagram,fake,17,2546,6,6,45,0,1,0,0.5833,12,4,0.3777,1.64,0.89
ravi_nair,instagram,real,675,118,21,214,1035,1,1,63,0.0,9,15,0.9636,51.44,1.445
id.90367,twitter,fake,19,1690,3,6,105,0,1,14,0.625,8,2,0.4336,2.49,0.378
noahkhan90,facebook,real,376,179,661,73,1666,1,1,54,0.2,10,21,0.9448,43.54,0.305
clara_santos,instagram,real,310,221,16,61,277,1,1,117,0.0,12,9,0.9598,146.77,1.552
samirsingh,facebook,real,641,121,503,44,285,1,1,87,0.0,10,17,0.9635,25.75,1.086
jonas.weiss,instagram,real,156,189,11,320,2153,1,1,7,0.0,11,36,0.8481,89.56,1.04
rohan.singh,twitter,real,306,141,7,772,396,1,0,91,0.0,11,50,0.8333,2.08,13.655
anika_singh,twitter,real,764,223,33,5,178,1,0,3,0.0,11,5,0.4418,2.55,0.192
hugo_weiss,instagram,real,1340,375,33,230,850,1,0,95,0.0,10,11,0.8333,27.73,1.895
q_0762,twitter,fake,39,2120,5,3,65,1,0,34,0.6667,6,1,0.4476,1.8,0.363
samir.iyer98,facebook,real,31,326,234,291,545,1,1,147,0.1667,12,25,1.0,11.78,3.742
win1177380,instagram,fake,6,1198,18,24,135,0,0,12,0.7,10,1,0.3532,4.62,1.231
tmp.id0143737,twitter,fake,8,1342,1,32,817,1,0,49,0.5385,13,4,0.7354,2.15,0.273
net_37205,instagram,fake,41,3390,9,2,32,0,0,0,0.5556,9,1,0.1901,3.86,0.461
xx_real410042,instagram,fake,37,1151,5,5,18,0,0,29,0.4615,13,4,0.2573,2.72,14.104
jonas.hassan,twitter,real,2862,368,17,82,998,1,1,52,0.0,12,8,0.942,19.1,0.575
priya_iyer,twitter,real,191,264,16,20,22,1,1,108,0.0,10,3,0.7621,6.14,6.521
followdeal111,facebook,fake,47,447,20,5,12,0,0,28,0.2308,13,2,0.2489,1.5,2.725
id2134,instagram,fake,48,565,16,2,29,0,0,1,0.6667,6,1,0.1921,10.13,0.562
dev.berg,facebook,real,142,64,589,125,960,1,1,138,0.0,8,17,1.0,16.71,0.91
leilacosta1,twitter,fake,27,635,7,6,41,1,1,0,0.0909,11,2,0.5421,1.73,0.957
newpromo583,instagram,fake,14,833,9,4,21,1,0,29,0.2727,11,2,0.4201,1.17,1.298
id_0646015,instagram,fake,12,1497,19,31,1245,1,1,43,0.7,10,0,0.8862,6.8,0.175
amarabrook6,instagram,fake,84,1175,17,26,16,0,0,35,0.0909,11,0,0.3543,3.27,11.187
dev_park,facebook,real,223,244,215,705,605,1,1,101,0.0,8,7,1.0,41.58,8.157
aisha_moreau,twitter,real,1203,570,38,315,1725,0,0,77,0.0,12,21,0.6611,11.73,1.278
winxx087092,instagram,fake,9,2197,4,1,14,0,0,23,0.5455,11,1,0.2263,3.61,13.47
acc36038,twitter,fake,5,1293,4,14,1249,1,0,47,0.625,8,3,0.6562,1.08,0.078
samirsingh2,facebook,real,116,166,314,72,396,1,1,69,0.0909,11,25,0.9777,15.03,1.28
follow_305,twitter,fake,4,1042,2,22,1263,1,0,0,0.3,10,2,0.592,1.58,0.122
officialreal240385,facebook,fake,20,1136,40,6,82,0,0,37,0.3333,18,2,0.3088,0.52,0.546
siennarao8,facebook,fake,17,1364,15,5,14,0,0,41,0.1,10,2,0.2815,1.73,9.61
meeraberg,instagram,real,370,343,16,2,21,0,0,0,0.0,9,8,0.1847,12.35,0.677
promo.48232,instagram,fake,36,1799,3,22,55,1,0,40,0.4545,11,0,0.532,2.76,2.758
user.449449,twitter,fake,12,1208,10,24,1045,1,0,15,0.5455,11,3,0.6295,1.29,0.16
ninaweiss,twitter,real,66,614,3,192,3976,0,1,47,0.0,9,11,0.7652,22.83,0.338
new_431,twitter,fake,201,1962,6,90,15,1,0,79,0.4286,7,10,0.6706,31.85,11.701
amara_chen,instagram,real,1143,299,14,745,846,1,1,87,0.0,10,23,1.0,25.63,6.166
adityanair,facebook,real,280,334,439,70,273,1,1,44,0.0,10,12,0.8822,15.08,1.791
leo.kade,facebook,real,128,90,824,39,411,1,0,165,0.0,8,18,0.8288,18.48,0.663
noah.khan,facebook,real,201,195,243,155,1080,1,1,23,0.0,9,19,0.8817,13.19,1.007
leilahassan,facebook,real,53,62,463,12,22,1,1,44,0.0,11,5,0.6527,23.69,3.901
priyakhan,instagram,real,1556,317,51,165,478,1,1,65,0.0,9,26,0.9679,25.17,2.422
win.user6666,instagram,fake,21,2184,8,9,17,1,0,0,0.3333,12,2,0.3766,4.49,13.985
meera.alvarez,facebook,real,50,151,494,193,481,1,1,0,0.0,13,6,0.8333,29.32,2.802
deal_922,instagram,fake,25,1175,2,51,1340,1,1,0,0.375,8,1,0.8333,6.59,0.266
amaraweiss,twitter,real,749,417,4,394,1157,1,0,113,0.0,10,57,0.8333,34.3,2.386
user.follow34365,instagram,fake,8,1067,9,29,1061,1,0,0,0.3125,16,1,0.6225,4.49,0.194
meera_vale,facebook,real,133,154,613,52,378,1,1,159,0.0,10,17,1.0,54.52,0.963
ninakade1,facebook,fake,17,276,56,1,167,0,0,13,0.1111,9,2,0.2742,1.16,0.046
theonguyen,facebook,real,558,147,489,155,327,1,1,83,0.0,10,4,0.9826,28.81,3.319
xx.win7332,twitter,fake,39,919,6,13,4,0,1,55,0.4,10,3,0.5057,1.88,9.393
anika_iyer,twitter,real,500,165,2,2073,1478,1,0,89,0.0,10,34,0.8333,1.95,9.819
isla.moreau,facebook,real,142,91,447,64,962,1,1,115,0.0,11,7,1.0,24.21,0.466
clara_alvarez92,twitter,real,786,173,12,92,1974,1,0,69,0.1333,15,17,0.811,6.98,0.327
jonas.okoye,twitter,real,34,135,56,36,359,1,0,141,0.0,11,56,0.8147,8.74,0.706
ravi_weiss,facebook,real,47,226,162,5,1098,1,1,8,0.0,10,27,0.7029,3.08,0.029
zara.santos,instagram,real,2542,244,23,167,1148,1,1,96,0.0,11,34,1.0,25.33,1.015
elena_okoye,instagram,real,407,332,25,629,352,1,0,125,0.0,11,14,0.8274,238.44,12.507
kaisantos,instagram,real,1336,297,30,186,1736,1,1,77,0.0,9,12,0.9929,164.1,0.752
rohan.alvarez94,instagram,real,358,193,27,126,459,1,0,83,0.1333,15,17,0.8333,192.98,1.929
acc.follow602,twitter,fake,13,845,1,3,11,0,0,0,0.2308,13,1,0.1835,2.57,16.738
xx_873,facebook,fake,144,602,16,2,13,0,0,17,0.5,6,2,0.2178,2.18,1.335
aditya_chen,twitter,real,68,201,19,19,28,1,0,113,0.0,11,2,0.5917,1.46,4.736
dev.okoye,facebook,real,80,59,389,93,158,1,1,173,0.0,9,7,0.9055,14.51,4.106
freya_costa97,instagram,real,167,238,53,10,24,1,0,97,0.1538,13,6,0.5514,15.57,2.828
mayachen96,facebook,real,223,36,255,6,15,1,1,172,0.2,10,2,0.6992,18.47,2.878
felix_santos,facebook,real,355,98,317,9,611,1,1,14,0.0,12,17,0.7345,8.27,0.104
new.354,facebook,fake,33,663,17,2,18,0,0,1,0.4286,7,0,0.1845,3.51,14.746
newq9938,instagram,fake,27,1202,5,26,1610,1,0,0,0.5,8,4,0.6066,1.56,0.111
meera_rao,facebook,real,225,83,186,94,5200,1,1,116,0.0,9,28,1.0,30.68,0.127
theo.moreau,instagram,real,4720,259,49,28,385,1,1,48,0.0,11,3,0.8827,24.62,0.51
deal2518,twitter,fake,12,773,9,3,38,0,0,34,0.5,8,2,0.2667,0.98,0.539
freyasingh,facebook,real,157,240,568,20,1345,1,1,32,0.0,10,45,0.817,10.66,0.104
noahdsouza,twitter,real,275,73,13,241,372,1,1,74,0.0,10,65,0.9872,10.56,4.528
q.5894,instagram,fake,66,2165,18,2,18,1,0,0,0.6667,6,5,0.3517,11.34,0.943
elena_moreau,facebook,real,356,157,311,175,745,1,0,65,0.0,12,28,0.8025,70.01,1.645
luciamoreau1,facebook,fake,13,852,38,6,11,1,0,27,0.0833,12,1,0.4203,2.36,6.514
promo_92154,facebook,fake,361,707,25,46,31,1,1,125,0.4545,11,8,0.8475,33.95,10.495
noah.vale97,facebook,real,78,115,890,58,209,1,1,128,0.1818,11,20,0.9288,29.52,1.944
adityabrook,twitter,real,547,214,14,514,674,1,0,11,0.0,11,13,0.6898,28.81,5.34
ravi.dsouza92,twitter,real,662,165,4,47,310,1,1,158,0.1538,13,13,0.9749,16.04,1.053
net4512,instagram,fake,57,1098,15,9,35,0,0,21,0.5714,7,1,0.2661,0.64,1.893
jonas.singh99,facebook,real,228,166,243,23,348,1,0,145,0.1538,13,24,0.7552,9.55,0.465
winuser56970,instagram,fake,9,937,31,27,775,1,0,9,0.4167,12,2,0.6311,3.15,0.245
official0392,instagram,fake,117,2032,14,25,33,1,1,0,0.3333,12,0,0.6173,1.07,5.207
user.35007,instagram,fake,27,2891,7,12,1442,1,0,30,0.5,10,1,0.6114,9.61,0.058
marcohassan,facebook,real,343,57,226,73,1036,1,1,81,0.0,11,15,1.0,5.36,0.496
official.2244118,facebook,fake,40,1316,45,7,10,1,1,40,0.4375,16,1,0.6164,2.9,4.701
amara.hassan,instagram,real,1085,588,65,296,593,1,0,0,0.0,12,14,0.6667,33.83,3.492
real_485,instagram,fake,25,2532,5,1,4,0,0,31,0.375,8,2,0.2391,3.63,2.329
xx.promo339,instagram,fake,10,2041,10,10,48,0,0,13,0.2727,11,1,0.2564,1.27,1.46
meerahassan4,facebook,fake,6,262,16,8,33,0,0,1,0.0833,12,1,0.219,3.26,1.75
elena.iyer,twitter,real,178,274,43,136,1091,0,1,122,0.0,10,15,0.8333,9.26,0.876
user.promo4471048,instagram,fake,54,2402,8,2,72,1,1,4,0.4118,17,5,0.5495,3.56,0.217
net_460143,instagram,fake,41,768,2,15,4,1,0,23,0.6,10,1,0.4449,17.16,6.015
omar_kade,instagram,real,161,361,11,45,1458,1,1,130,0.0,9,11,1.0,109.6,0.217
real_1048670,facebook,fake,13,786,8,1,27,0,0,18,0.5833,12,1,0.2233,4.38,0.382
aditya_dsouza,instagram,real,2426,100,22,67,177,1,1,88,0.0,13,20,0.9142,50.07,2.655
rohan_brook,facebook,real,245,96,335,109,786,1,1,114,0.0,11,23,1.0,20.11,0.968
userdeal73663,facebook,fake,6,695,50,1,44,1,0,0,0.3846,13,1,0.3588,1.62,0.203
promoacc811,instagram,fake,35,768,5,1,54,1,0,47,0.2727,11,3,0.4604,2.82,0.152
user.105,twitter,fake,253,1548,2,56,71,1,0,38,0.375,8,10,0.6117,18.97,5.519
anika_berg,facebook,real,50,207,1886,23,6,1,0,133,0.0,10,6,0.5984,7.16,26.773
q.07680,instagram,fake,2,2530,7,6,164,0,0,51,0.7143,7,7,0.3736,2.23,0.264
clara.hassan,instagram,real,907,318,30,43,1430,1,0,74,0.0,12,48,0.8207,66.73,0.211
omarokoye,facebook,real,829,132,129,64,693,1,1,68,0.0,9,38,0.9756,5.41,0.642
rohandsouza5,instagram,fake,415,1207,9,34,527,1,0,47,0.0833,12,9,0.7388,24.69,0.449
rohan_santos94,instagram,real,1585,177,8,38,1279,1,1,0,0.1429,14,19,0.8244,78.32,0.207
theorao,facebook,real,79,213,436,114,2891,1,1,13,0.0,7,18,0.8601,34.65,0.277
anikavale,facebook,real,494,52,249,40,343,1,1,92,0.0,9,20,0.99,4.16,0.82
win.official145,facebook,fake,5,643,13,3,8,1,0,35,0.2,15,1,0.4226,7.2,5.672
jonas_berg,facebook,real,184,99,902,234,196,1,1,76,0.0,10,5,0.9144,31.69,8.343
win_user9682922,instagram,fake,45,1276,10,1,4,1,0,23,0.4667,15,2,0.3862,17.52,1.47
dev.hassan,facebook,real,672,84,334,145,1202,1,1,64,0.0,10,25,0.9657,62.09,0.843
meera_santos,twitter,real,14,95,43,477,582,1,0,105,0.0,12,48,0.8333,4.6,5.735
official.win516,facebook,fake,27,970,12,1,55,1,0,0,0.2,15,1,0.3616,5.38,0.097
meeranair,instagram,real,455,603,76,109,641,1,0,111,0.0,9,9,0.8333,96.6,1.187
hugoiyer,facebook,real,363,449,300,63,422,1,1,158,0.0,8,18,1.0,12.19,1.039
real_753487,facebook,fake,518,277,14,36,28,1,0,121,0.5455,11,14,0.6638,33.72,9.062
amaranair6,twitter,fake,4,479,5,16,10,0,0,30,0.1,10,1,0.2995,1.83,10.927
deal03569,facebook,fake,8,1977,11,1,30,0,0,34,0.5556,9,1,0.2559,1.57,0.267
dev.brook,facebook,real,1008,99,613,20,48,1,1,56,0.0,9,1,0.7206,7.71,2.851
jonas_singh,facebook,real,45,66,303,69,602,1,1,47,0.0,11,11,0.9312,33.78,0.804
samirnair,instagram,real,1422,389,38,1131,2359,1,1,106,0.0,9,19,1.0,24.78,3.355
ravi.vale,twitter,real,182,316,13,305,360,1,0,42,0.0,9,25,0.7516,4.34,5.927
newxx4198559,twitter,fake,20,1683,6,41,850,1,0,0,0.5833,12,1,0.6674,2.01,0.337
theosingh,facebook,real,259,170,1361,247,692,1,1,101,0.0,9,15,1.0,10.54,2.502
freya.alvarez,instagram,real,552,225,28,219,1436,1,1,76,0.0,13,13,0.9919,76.6,1.069
samir_brook,twitter,real,383,231,127,16,877,1,0,21,0.0,11,31,0.6096,0.61,0.127
user.42523,instagram,fake,45,664,6,4,26,0,1,17,0.5,10,1,0.3954,2.29,0.949
raviokoye,instagram,real,372,200,44,86,1255,1,0,78,0.0,9,41,0.8288,34.34,0.478
officialnew5420,facebook,fake,3,378,33,11,7,0,0,31,0.2667,15,2,0.2789,1.24,10.627
ninacosta,facebook,real,97,227,242,37,871,1,1,12,0.0,9,5,0.8468,15.97,0.3
new_3753,instagram,fake,4,1434,6,1,13,0,0,24,0.5,8,1,0.2274,3.91,15.43
xxdeal299,instagram,fake,80,2561,7,47,869,1,0,29,0.3333,9,0,0.7267,5.17,0.376
q4332,instagram,fake,23,1431,7,16,8,0,0,27,0.8,5,2,0.2915,0.67,6.524
user.win7412738,instagram,fake,29,1264,7,7,9,1,0,49,0.4667,15,1,0.4682,6.91,5.697
zararao7,facebook,fake,37,2106,96,4,5,1,0,40,0.125,8,1,0.4342,3.56,5.188
zaraweiss3,instagram,fake,23,1993,21,15,22,0,0,42,0.1,10,3,0.3282,1.22,4.834
theobrook6,facebook,fake,45,808,37,36,1658,1,0,26,0.1,10,4,0.7048,3.98,0.152
jonas_costa,facebook,real,46,129,655,59,1724,1,1,0,0.0,11,35,0.8333,59.37,0.239
rohankhan,facebook,real,67,125,115,7,636,1,1,83,0.0,9,8,0.8626,17.62,0.077
jonaskade,twitter,real,177,355,14,14,41,1,1,92,0.0,9,6,0.7451,2.89,2.447
zara_costa,instagram,real,328,540,32,289,841,1,0,64,0.0,10,5,0.8002,61.1,2.404
acc.199782,twitter,fake,13,1553,4,6,24,0,0,26,0.6,10,2,0.2582,2.77,1.832
new_tmp250444,facebook,fake,6,695,42,32,499,1,0,24,0.4615,13,1,0.6825,0.85,0.447
follow01904,instagram,fake,6,1328,8,8,9,0,0,34,0.4545,11,1,0.273,2.92,5.892
aisha.brook,facebook,real,191,255,199,51,1717,1,1,18,0.0,11,12,0.8716,14.11,0.209
leila_brook92,instagram,real,122,608,27,292,408,1,1,93,0.1538,13,15,1.0,22.6,5.01
anika.singh,facebook,real,1281,134,299,63,2385,1,1,125,0.0,11,21,1.0,9.29,0.186
net137565,facebook,fake,330,784,14,16,16,1,0,136,0.6667,9,15,0.5749,24.33,7.101
kai.alvarez,instagram,real,1840,338,25,154,2259,1,0,84,0.0,11,12,0.8333,45.24,0.476
promo1981,facebook,fake,150,462,18,72,8,1,1,142,0.4444,9,9,0.837,28.17,14.17
meera_chen,facebook,real,868,143,561,14,128,1,1,16,0.0,10,38,0.6516,3.35,0.792
priya_rao,facebook,real,473,145,300,64,734,1,1,44,0.0,9,11,0.9243,7.55,0.608
mayaiyer,instagram,real,8555,271,39,15,27,1,0,113,0.0,8,3,0.5749,10.36,3.896
freyapark,facebook,real,1448,122,262,70,858,1,1,118,0.0,9,8,1.0,23.27,0.572
kaiokoye,twitter,real,164,279,9,11,840,1,0,10,0.0,8,173,0.5685,0.59,0.094
adityahassan,instagram,real,481,124,46,150,855,1,0,143,0.0,12,12,0.8333,131.91,1.225
jonas.vale,instagram,real,1965,229,20,51,196,1,1,50,0.0,10,7,0.8598,10.86,1.828
noah_vale,instagram,real,16978,616,4,195,1007,1,0,101,0.0,9,47,0.8333,347.66,1.355
officialid3362666,instagram,fake,487,1214,3,79,40,1,1,55,0.4118,17,5,0.8002,23.28,13.855
noah_nguyen,facebook,real,279,109,443,61,362,1,1,0,0.0,11,9,0.832,33.7,1.179
theohassan1,instagram,fake,12,1457,5,1,29,0,1,27,0.0909,11,2,0.4095,3.53,0.327
clara_chen,twitter,real,202,290,14,71,689,1,1,120,0.0,10,3,1.0,9.08,0.718
devberg,instagram,real,863,139,85,9,934,1,0,21,0.0,7,24,0.5828,8.07,0.07
user_6722706,twitter,fake,32,671,2,5,102,0,0,26,0.5833,12,1,0.2886,2.18,0.341
maya.iyer,facebook,real,345,400,406,59,254,1,1,117,0.0,9,11,0.9493,12.15,1.625
samirpark4,facebook,fake,4,551,36,15,4,0,0,0,0.1,10,3,0.2314,2.07,16.817
omarnair,facebook,real,127,193,311,87,421,1,0,73,0.0,8,23,0.8197,17.65,1.452
felix_iyer,instagram,real,74,275,36,66,416,1,0,115,0.0,10,9,0.8333,356.79,1.108
elena_costa94,facebook,real,108,116,786,151,843,1,1,209,0.1538,13,57,1.0,23.89,1.25
theonguyen2,facebook,real,159,273,339,58,695,1,1,134,0.0909,11,4,1.0,41.15,0.583
kaiokoye2,twitter,real,864,42,6,1101,946,1,0,129,0.1111,9,8,0.8333,16.47,8.148
amara.kade,facebook,real,84,151,325,60,746,1,1,18,0.0,10,24,0.8708,6.7,0.567
luciakhan,facebook,real,427,65,124,225,507,1,1,87,0.0,9,16,1.0,13.77,3.111
claraalvarez6,facebook,fake,5,267,7,1,39,0,0,38,0.0769,13,5,0.2702,3.5,0.261
dealwin59949,instagram,fake,30,453,10,4,19,0,0,21,0.4167,12,2,0.235,5.43,9.669
clara.hassan2,facebook,real,100,202,193,165,320,1,1,44,0.0769,13,24,0.9043,12.86,3.6
official.1007750,instagram,fake,26,972,5,4,22,1,1,36,0.4375,16,4,0.6025,2.9,1.381
priya_alvarez,facebook,real,41,244,429,7,46,1,1,13,0.0,13,1,0.5779,4.17,1.118
dev_santos,twitter,real,142,418,18,38,1551,1,0,33,0.0,10,17,0.7261,8.01,0.17
tmp_126,twitter,fake,6,888,3,18,40,0,0,37,0.4286,7,0,0.3366,1.07,3.175
bot_2413,instagram,fake,25,1484,5,4,30,1,1,0,0.5,8,1,0.531,7.54,0.967
net_194,instagram,fake,7,690,6,4,89,1,0,35,0.4286,7,1,0.4626,4.65,0.307
leilacosta,twitter,real,39,130,15,19,38,1,1,104,0.0,10,5,0.7639,0.38,3.531
marco_brook,facebook,real,194,121,240,108,745,1,1,156,0.0,11,21,1.0,48.78,1.016
jonas.weiss2,instagram,real,4444,186,32,62,2287,1,0,134,0.0833,12,22,0.8333,43.29,0.19
siennaweiss,twitter,real,111,621,15,19,428,1,0,141,0.0,11,6,0.7443,8.91,0.305
promoofficial1749917,facebook,fake,7,3094,18,6,23,0,0,30,0.35,20,1,0.1571,0.94,1.814
xx5862,twitter,fake,6,1681,7,7,5,0,1,22,0.6667,6,4,0.4102,0.6,9.107
aisha_okoye,facebook,real,71,206,993,233,362,1,0,142,0.0,11,12,0.832,51.86,4.508
lucia_iyer90,facebook,real,749,151,186,5,20,1,0,221,0.1667,12,2,0.5295,5.24,1.708
xx9169,facebook,fake,24,532,20,2,59,0,0,35,0.6667,6,1,0.2752,2.04,0.229
acc_06826,twitter,fake,3,2359,5,8,16,0,0,7,0.5556,9,1,0.2218,1.12,3.481
lucia_berg,twitter,real,505,423,16,200,753,1,0,0,0.0,10,19,0.6667,13.6,1.856
new.user5837220,instagram,fake,45,729,16,2,79,0,0,18,0.4667,15,6,0.2493,2.05,0.178
net.acc526677,instagram,fake,13,2013,4,6,26,0,0,8,0.4615,13,1,0.2196,0.61,1.63
omarkade,facebook,real,207,194,515,22,562,1,1,52,0.0,8,7,0.8675,15.31,0.278
marco.moreau,instagram,real,1387,193,32,13,597,1,0,72,0.0,12,3,0.7036,5.01,0.151
isla.kade,facebook,real,109,184,317,18,8,1,1,80,0.0,9,3,0.7463,7.21,15.949
acc_q915689,facebook,fake,37,812,8,5,25,1,0,58,0.5455,11,2,0.4869,0.42,1.395
ravimoreau6,instagram,fake,36,892,8,1,6,1,0,28,0.0909,11,1,0.3982,2.45,17.515
lucianguyen,instagram,real,999,315,50,8,18,1,1,114,0.0,11,3,0.7096,25.66,3.241
bot.win0280,twitter,fake,4,2064,0,8,24,0,0,32,0.3636,11,3,0.2757,0.96,2.211
elena.rao,facebook,real,39,90,436,1,22,0,1,14,0.0,9,2,0.3759,1.85,0.232
lucia_berg2,instagram,real,623,532,70,56,394,1,1,39,0.0909,11,11,0.9137,54.35,1.002
aishanair,instagram,real,721,178,22,141,790,1,0,8,0.0,9,6,0.6833,53.76,1.245
new645416,facebook,fake,508,613,8,34,45,1,1,138,0.6667,9,11,0.83,10.12,5.33
zara.brook,facebook,real,307,93,577,53,1492,1,1,123,0.0,10,8,1.0,12.44,0.248
zarahassan,twitter,real,339,169,27,12,213,1,0,24,0.0,10,12,0.5303,2.92,0.392
id_bot1858481,facebook,fake,7,703,19,4,26,1,0,0,0.5385,13,2,0.3616,4.5,1.06
netuser6037,facebook,fake,15,543,16,44,393,1,0,48,0.3636,11,1,0.7671,2.27,0.788
anika.iyer,instagram,real,1919,121,39,44,366,1,0,98,0.0,10,17,0.8333,28.0,0.847
rohan_santos,instagram,real,329,438,19,15,52,1,0,38,0.0,12,4,0.4982,34.47,2.031
theo_santos,instagram,real,353,179,23,124,856,1,1,82,0.0,11,5,1.0,217.38,1.018
new_user658,instagram,fake,29,728,8,3,55,1,1,54,0.2727,11,2,0.6506,3.31,0.402
ninacosta2,facebook,real,330,313,518,4,1012,1,1,0,0.1,10,7,0.6841,2.54,0.029
felixpark,facebook,real,584,170,445,43,1099,1,1,152,0.0,9,6,1.0,101.01,0.276
win.real3933481,facebook,fake,13,177,35,33,1815,1,0,43,0.4667,15,1,0.7274,1.88,0.127
adityaiyer4,twitter,fake,7,583,11,25,1146,1,0,49,0.0909,11,3,0.7056,1.4,0.151
zara_santos,facebook,real,548,186,262,42,709,1,1,67,0.0,11,39,0.9735,13.23,0.414
real.q085,facebook,fake,26,744,18,16,1529,1,0,35,0.3333,9,2,0.6381,2.56,0.072
bot837086,facebook,fake,3,855,28,1,6,1,1,28,0.6667,9,1,0.5664,2.46,10.413
arjun_hassan,facebook,real,139,96,201,9,45,1,1,124,0.0,12,6,0.7237,2.78,1.363
freya.moreau,facebook,real,107,474,825,191,779,1,1,75,0.0,12,23,0.9905,23.37,1.717
clarapark3,twitter,fake,28,1068,10,2,71,1,0,47,0.1,10,1,0.4727,1.45,0.192
real.win15044,instagram,fake,84,1482,12,14,17,0,0,29,0.3846,13,1,0.2937,2.9,14.172
official_user57060,twitter,fake,5,518,2,1,12,1,0,24,0.2778,18,2,0.3934,3.51,0.705
noahmoreau3,instagram,fake,3,1508,5,3,15,0,0,6,0.0909,11,1,0.2001,4.72,7.144
arjun_hassan2,instagram,real,66,377,64,17,13,1,1,85,0.0769,13,8,0.7426,17.44,9.047
mayaberg2,instagram,fake,96,3413,70,1,18,0,0,25,0.1111,9,6,0.2304,5.73,16.506
meera.kade,facebook,real,175,175,318,40,742,1,1,63,0.0,10,33,0.9654,15.24,0.381
rohan.weiss,instagram,real,3017,289,49,104,283,1,1,81,0.0,11,6,0.9626,41.39,2.567
official_300,instagram,fake,10,1197,8,43,1179,1,0,6,0.25,12,2,0.6802,11.4,0.257
priyanair4,facebook,fake,22,1291,22,9,15,1,0,8,0.1,10,1,0.394,1.65,4.241
official98368,instagram,fake,93,2619,7,11,796,1,0,31,0.3846,13,1,0.6105,1.74,0.098
id735,instagram,fake,13,5201,7,11,22,1,1,44,0.6,5,1,0.6473,6.05,3.457
zararao,facebook,real,296,217,171,33,950,1,0,70,0.0,7,31,0.7849,7.72,0.245
nina.costa,twitter,real,39,130,12,102,1662,0,0,45,0.0,10,20,0.5937,12.22,0.428
elena_santos,instagram,real,568,186,54,107,536,0,1,53,0.0,12,34,0.7779,63.54,1.393
net.new4347906,instagram,fake,34,1245,7,3,27,1,1,0,0.5,14,1,0.5249,1.98,0.781
leilanair5,twitter,fake,17,1209,4,5,31,0,0,51,0.1,10,4,0.3061,5.03,1.033
noah_brook,instagram,real,6143,397,16,58,1654,1,1,124,0.0,10,28,1.0,49.67,0.246
noahkhan,facebook,real,136,95,193,125,531,1,1,50,0.0,8,34,0.9368,31.42,1.654
lucia.alvarez,twitter,real,516,438,8,1101,875,1,1,119,0.0,13,45,1.0,4.31,8.805
real826263,instagram,fake,11,599,3,24,95,0,1,10,0.6,10,0,0.4985,3.5,1.773
priya.kade90,instagram,real,223,162,58,99,608,1,1,166,0.1667,12,40,1.0,295.96,1.134
kai.dsouza97,instagram,real,697,440,32,420,774,1,0,68,0.1667,12,20,0.8094,105.71,3.802
isla.rao,instagram,real,534,434,55,79,1123,1,1,74,0.0,8,16,0.9881,22.65,0.495
net_user7674363,instagram,fake,29,1877,6,3,44,0,1,15,0.4667,15,1,0.3987,2.52,0.51
bot.7760639,twitter,fake,4,2069,2,6,54,1,1,9,0.6364,11,1,0.5669,1.11,0.722
dev_iyer,facebook,real,80,164,503,110,728,1,1,27,0.0,8,16,0.8889,6.14,1.057
follow_user7471,instagram,fake,140,3625,5,20,589,1,0,33,0.2667,15,2,0.6515,2.17,0.238
acc53863,facebook,fake,29,1690,19,1,31,0,0,7,0.625,8,1,0.1982,4.46,0.162
botuser21635,instagram,fake,37,1158,11,6,16,1,1,29,0.4167,12,2,0.5948,15.57,12.327
netfollow1451,facebook,fake,21,718,6,2,16,0,0,2,0.3077,13,1,0.1858,1.54,0.741
promo.net5471,facebook,fake,12,1003,30,4,59,0,0,9,0.3077,13,1,0.2292,2.74,0.501
noah_alvarez,facebook,real,483,113,249,97,367,1,1,70,0.0,12,7,0.9781,40.76,1.848
leilaalvarez,instagram,real,250,206,49,343,258,1,1,126,0.0,12,25,0.9511,77.73,9.296
amarahassan,twitter,real,162,522,18,2214,602,1,1,75,0.0,11,50,0.9905,5.24,25.742
bot085181,facebook,fake,4,398,13,10,127,0,0,32,0.6667,9,1,0.3325,1.15,0.543
jonas.iyer,facebook,real,138,78,401,59,1955,1,1,126,0.0,10,7,1.0,17.31,0.21
net.q8366,facebook,fake,8,673,14,4,91,0,0,18,0.4444,9,1,0.2615,1.09,0.307
aditya.berg,facebook,real,290,294,1774,113,1173,1,1,77,0.0,11,26,0.9936,5.39,0.672
win_bot1213,instagram,fake,22,3039,20,3,14,0,0,51,0.3636,11,2,0.293,3.0,1.58
meera_iyer,twitter,real,75,272,22,234,1570,1,0,23,0.0,10,9,0.7144,6.18,1.044
tmp.9358074,twitter,fake,21,1468,6,15,28,0,0,0,0.6364,11,1,0.2419,3.1,3.744
adityahassan6,instagram,fake,30,928,15,11,1967,1,0,41,0.0769,13,1,0.6298,0.55,0.038
hugorao7,instagram,fake,8,1353,3,16,23,0,0,36,0.125,8,1,0.3181,5.58,4.846
felix_rao,facebook,real,83,219,287,11,1320,1,1,9,0.0,9,50,0.7303,12.6,0.057
amaranguyen4,facebook,fake,4,596,19,15,130,0,0,22,0.0833,12,1,0.3323,1.39,0.787
lucia.park,facebook,real,335,87,216,10,33,1,1,72,0.0,10,2,0.7059,1.24,2.067
hugopark8,instagram,fake,30,903,6,4,38,0,0,27,0.1111,9,1,0.2542,2.27,0.654
new_423255,instagram,fake,87,2043,17,3,48,0,1,11,0.6,10,2,0.3878,7.94,0.366
priya_singh,facebook,real,126,262,474,38,577,1,1,45,0.0,11,8,0.9203,30.51,0.465
ravi.hassan,instagram,real,182,257,99,5,700,1,1,11,0.0,11,3,0.7082,3.34,0.045
theoalvarez93,facebook,real,63,245,468,75,701,1,1,66,0.1538,13,4,0.971,105.02,0.749
arjuniyer8,instagram,fake,28,842,3,20,34,0,1,19,0.1,10,1,0.4711,6.82,4.066
deal_deal46039,facebook,fake,8,764,25,22,108,1,0,37,0.3571,14,3,0.5499,1.58,1.411
amarahassan6,facebook,fake,2,1389,44,3,48,0,0,13,0.0833,12,0,0.231,1.11,0.507
clara_vale92,instagram,real,1896,368,21,22,955,1,0,77,0.1667,12,12,0.7508,254.86,0.158
jonassantos5,facebook,fake,8,592,40,17,61,0,1,24,0.0833,12,3,0.4795,3.73,1.902
jonas.costa,facebook,real,929,284,171,197,1001,1,1,52,0.0,11,28,0.9415,11.35,1.377
xx.9197,twitter,fake,17,1728,1,0,52,0,1,0,0.5714,7,0,0.3591,1.08,0.065
new.tmp0894,instagram,fake,79,1271,13,8,9,1,0,38,0.3636,11,1,0.4494,2.31,6.698
omar_kade2,instagram,real,335,142,15,9,27,1,1,148,0.1,10,2,0.7168,2.77,2.354
q.9709318,facebook,fake,290,788,59,45,1217,1,1,95,0.7778,9,13,1.0,14.06,0.258
theonair,twitter,real,175,202,17,570,1664,1,0,112,0.0,8,3,0.8333,31.05,2.399
marco_moreau,twitter,real,46,160,11,270,2844,1,1,19,0.0,12,24,0.8728,19.35,0.664
aisha.nair,facebook,real,1252,106,221,21,2671,1,1,81,0.0,10,8,0.9195,3.28,0.054
promo.2841,twitter,fake,9,2531,7,5,4,1,0,20,0.4,10,6,0.3969,1.35,7.83
user_win08001,facebook,fake,9,855,71,2,49,0,0,26,0.3846,13,2,0.2503,3.0,0.238
ninacosta3,facebook,real,35,144,467,18,34,1,1,21,0.1,10,3,0.6342,2.59,3.674
felix.weiss,facebook,real,96,166,400,76,464,1,1,44,0.0,11,13,0.9252,25.43,1.14
zara.rao,twitter,real,2541,372,12,1,55,1,0,14,0.0,8,3,0.3944,1.04,0.184
arjunalvarez3,instagram,fake,10,1449,3,22,23,1,1,18,0.0769,13,1,0.6388,3.34,6.628
new.1815,twitter,fake,5,2049,7,3,30,0,0,27,0.5,8,2,0.248,3.43,0.615
id7495,instagram,fake,7,2002,4,22,474,1,1,0,0.6667,6,1,0.7604,1.43,0.332
ravisingh,instagram,real,1910,439,47,196,787,1,1,84,0.0,9,13,1.0,46.14,1.745
deal.id277962,instagram,fake,14,911,8,51,1851,1,0,16,0.4615,13,3,0.701,2.3,0.191
sienna.weiss,instagram,real,2007,446,18,248,342,1,0,82,0.0,12,10,0.8228,13.15,5.078
official_55256,facebook,fake,29,291,15,22,19,0,0,23,0.3571,14,3,0.3137,3.02,15.051
luciaokoye,twitter,real,740,498,7,819,778,0,0,37,0.0,10,6,0.5777,13.98,7.369
omar_chen,facebook,real,77,88,461,158,209,1,1,124,0.0,9,7,0.9288,19.34,5.308
xx.acc0766,twitter,fake,35,2219,11,7,43,0,1,12,0.4,10,1,0.405,0.17,1.078
leo.hassan,facebook,real,74,241,2659,170,1377,1,1,86,0.0,10,13,1.0,92.93,0.863
tmpfollow6784794,instagram,fake,31,888,7,3,31,0,0,8,0.4375,16,2,0.2123,6.78,0.76
official.q5975288,facebook,fake,48,413,16,9,11,0,0,0,0.4118,17,1,0.2111,4.53,6.012
deal_541723,facebook,fake,8,1817,25,27,16,0,0,2,0.5455,11,1,0.2895,2.2,11.596
bot_588781,twitter,fake,2,1433,6,3,18,1,0,0,0.6,10,1,0.3557,2.36,16.161
xx9471604,facebook,fake,8,811,29,39,1902,1,0,27,0.7778,9,1,0.7192,1.56,0.144
official_42557,facebook,fake,9,1032,22,2,36,1,0,28,0.3571,14,2,0.4176,2.4,0.413
samir_park,instagram,real,390,206,38,67,1056,0,0,125,0.0,10,15,0.6667,332.18,0.446
deal_9432,facebook,fake,33,709,16,1,26,1,0,46,0.4444,9,1,0.4453,3.35,0.272
noah.weiss,facebook,real,154,134,163,9,12,1,0,169,0.0,10,1,0.5413,6.7,5.01
devkade,facebook,real,56,72,446,147,1113,1,1,50,0.0,7,19,0.9379,4.56,0.924
official.real294,instagram,fake,17,1853,15,2,56,0,0,24,0.1875,16,1,0.2491,1.69,0.204
newuser1757,facebook,fake,40,896,16,3,23,0,1,7,0.3636,11,1,0.3711,3.27,0.859
islakhan,facebook,real,784,446,525,128,1494,1,0,82,0.0,8,8,0.8333,51.92,0.602
aditya.moreau,twitter,real,169,72,18,64,1227,1,0,28,0.0,13,10,0.7257,102.64,0.367
user_net7916,instagram,fake,27,1489,4,5,5,1,0,56,0.3333,12,2,0.472,5.78,6.409
win59806,instagram,fake,9,1458,2,6,50,0,0,27,0.625,8,2,0.2715,0.45,0.884
win.follow9877049,facebook,fake,8,1221,5,1,12,1,0,6,0.4118,17,1,0.3553,2.94,4.854
net_208076,twitter,fake,348,575,5,18,20,1,1,134,0.6,10,12,0.7489,6.56,6.144
sienna_santos,instagram,real,384,145,6,12,938,1,0,12,0.0,13,6,0.5725,13.32,0.087
hugo.vale,instagram,real,75,173,38,131,447,1,0,82,0.0,9,13,0.8333,116.16,2.047
noahbrook,instagram,real,1272,297,10,1,4,0,1,17,0.0,9,5,0.3761,0.61,2.264
win_xx620956,twitter,fake,56,1708,4,1,75,0,0,30,0.5,12,4,0.266,0.83,0.064
zara_santos2,instagram,real,474,120,7,233,2149,1,0,116,0.0833,12,6,0.8333,77.64,0.761
new.net673,twitter,fake,185,1131,6,65,32,1,1,99,0.3,10,3,0.8479,33.06,14.225
user.deal83638,instagram,fake,7,668,19,3,57,1,0,38,0.3571,14,0,0.4511,4.32,0.363
elenaberg,twitter,real,149,78,76,7,448,1,0,17,0.0,9,14,0.5659,1.78,0.111
clara.rao,facebook,real,250,154,233,50,883,1,1,77,0.0,9,8,0.9948,13.62,0.396
rohan.singh2,facebook,real,93,54,1105,524,514,1,1,71,0.0833,12,19,0.9816,56.82,7.136
tmpnet25056,twitter,fake,49,1628,5,13,1360,1,0,18,0.4545,11,4,0.5891,0.85,0.065
meera_okoye,facebook,real,825,88,347,1,27,0,1,16,0.0,11,3,0.3852,0.12,0.348
net_official831,facebook,fake,11,522,12,4,6,0,0,41,0.2,15,6,0.2739,2.3,5.248
leomoreau,facebook,real,162,130,284,3,521,1,1,20,0.0,9,4,0.7222,1.61,0.043
ravi_khan,facebook,real,104,208,234,13,865,1,1,113,0.0,9,70,0.8888,3.28,0.108
net446349,facebook,fake,263,836,28,51,13,1,0,102,0.6667,9,1,0.6726,37.72,4.578
user_792,twitter,fake,36,2987,5,16,15,0,0,5,0.375,8,2,0.2509,0.98,7.527
meera_park94,instagram,real,231,259,31,21,17,1,0,154,0.1667,12,4,0.5941,14.74,8.53
lucia.iyer,twitter,real,228,294,9,9,18,0,0,158,0.0,10,3,0.3791,6.94,3.504
jonas_moreau,facebook,real,176,254,805,60,699,1,1,23,0.0,12,17,0.8808,54.77,0.603
xx_74848,instagram,fake,308,1458,3,34,9,1,1,150,0.625,8,3,0.8109,41.15,26.154
theo.khan,twitter,real,94,318,20,224,2200,1,0,34,0.0,9,28,0.7378,23.16,0.713
noah.moreau,facebook,real,99,159,522,365,319,1,1,65,0.0,11,18,0.9476,12.29,8.005
tmp_new4063,twitter,fake,257,1160,1,28,72,1,0,84,0.3636,11,2,0.651,31.58,2.756
isla_okoye,instagram,real,465,122,41,76,180,1,0,75,0.0,10,6,0.7382,5.97,2.945
accuser0698845,instagram,fake,113,1331,6,6,50,0,1,14,0.5,14,0,0.4081,2.02,0.787
tmp_acc164831,facebook,fake,22,1183,28,4,48,0,0,1,0.4615,13,6,0.2068,2.59,0.54
samirnair8,facebook,fake,19,717,72,3,26,0,0,44,0.1,10,2,0.2818,1.52,0.748
win.new6242,instagram,fake,31,1023,7,30,1552,1,0,0,0.3636,11,1,0.6241,1.88,0.134
meera.iyer98,twitter,real,39,233,45,16,29,1,1,10,0.1667,12,1,0.5997,1.23,3.832
theo_weiss,facebook,real,102,172,873,69,701,1,1,90,0.0,10,10,1.0,28.32,0.689
leo_khan,facebook,real,272,416,94,7,53,1,1,144,0.0,8,1,0.7204,18.97,0.937
zarabrook96,twitter,real,2076,198,28,76,471,1,0,0,0.1818,11,12,0.6667,5.62,1.128
official.00825,twitter,fake,4,1671,4,7,83,1,0,13,0.3571,14,2,0.4267,1.57,0.578
id567,twitter,fake,386,3272,5,71,1054,1,1,41,0.6,5,9,0.9182,24.15,0.47
nina.khan,twitter,real,530,236,7,525,562,1,1,85,0.0,9,41,1.0,5.69,6.54
net_new304,facebook,fake,17,1327,9,3,19,0,0,0,0.3,10,2,0.1872,4.03,14.459
isla.khan,facebook,real,52,212,1140,2,5,0,1,84,0.0,9,8,0.5114,4.59,3.06
nina.park,instagram,real,20971,757,5,303,1089,1,0,0,0.0,9,17,0.6667,123.32,1.949
xx_win0871304,facebook,fake,239,662,21,85,35,1,1,120,0.5385,13,14,0.8493,19.25,16.937
leosingh,facebook,real,82,108,242,30,360,1,1,0,0.0,8,11,0.788,22.57,0.577
wintmp9707147,twitter,fake,44,3667,23,25,39,1,0,26,0.5385,13,1,0.509,2.8,4.455
claramoreau,facebook,real,140,146,243,87,931,0,1,107,0.0,11,31,0.8333,69.39,0.653
leila_berg,facebook,real,287,72,207,13,50,1,1,42,0.0,10,5,0.6644,2.99,1.8
kaiweiss1,twitter,fake,15,2415,2,21,47,0,0,29,0.1111,9,2,0.3381,0.98,3.199
islaberg,twitter,real,254,160,4,729,539,1,0,93,0.0,8,5,0.8333,18.08,9.463
amara.dsouza,twitter,real,78,169,7,120,468,1,0,0,0.0,12,12,0.6667,16.85,1.792
xx_94425,facebook,fake,15,154,8,2,31,0,1,0,0.625,8,3,0.3551,2.8,0.412
luciaweiss97,instagram,real,505,268,42,21,55,1,0,87,0.1667,12,8,0.6122,6.18,2.659
user.follow4824,facebook,fake,5,593,5,2,220,0,1,24,0.2667,15,1,0.492,4.1,0.066
luciaberg92,instagram,real,290,149,37,6,1070,1,0,11,0.1818,11,5,0.5453,20.62,0.037
felixsantos,instagram,real,294,60,32,102,2322,1,0,119,0.0,11,8,0.8333,35.63,0.307
samirbrook,facebook,real,173,110,463,167,1112,1,1,18,0.0,10,23,0.8712,17.93,1.053
priya.rao,twitter,real,497,447,33,455,198,1,0,146,0.0,9,15,0.7571,10.65,16.1
zara_hassan92,instagram,real,296,226,27,137,397,1,0,66,0.1538,13,19,0.8035,63.8,2.417
rohan.berg95,twitter,real,183,74,23,180,629,0,0,128,0.1667,12,7,0.6667,101.05,2.007
meera.berg,instagram,real,626,155,49,334,450,1,1,50,0.0,10,23,0.9374,29.9,5.194
maya.costa,instagram,real,182,141,11,192,435,1,1,95,0.0,10,4,1.0,198.46,3.095
xx_promo6513,facebook,fake,3,1081,8,43,802,1,1,29,0.3333,12,2,0.8942,3.66,0.376
promo_official70749,instagram,fake,17,1362,7,1,33,0,0,6,0.2632,19,2,0.0884,4.53,0.176
bot.official339886,facebook,fake,16,720,33,8,24,0,0,0,0.3333,18,2,0.209,1.99,2.198
tmp.new40779,facebook,fake,16,772,33,22,1844,1,1,49,0.4167,12,1,0.8604,2.14,0.084
felixweiss91,facebook,real,492,130,414,4,13,1,1,109,0.1667,12,5,0.6888,6.0,2.09
felix.park,instagram,real,1919,481,12,84,1003,1,0,133,0.0,10,32,0.8333,123.78,0.585
zaradsouza,facebook,real,95,44,74,74,1880,1,1,19,0.0,10,17,0.8728,78.32,0.274
tmp3184931,twitter,fake,20,2577,3,7,10,1,0,8,0.7,10,1,0.3842,1.52,5.126
rohankhan2,facebook,real,4931,215,316,121,1904,1,1,0,0.1,10,4,0.8333,36.14,0.446
adityavale,facebook,real,619,326,493,2,38,1,1,17,0.0,10,6,0.5603,1.25,0.302
freyasantos91,instagram,real,391,91,45,42,837,0,1,119,0.1538,13,9,0.8333,161.97,0.349
arjun_rao,instagram,real,273,390,21,93,439,1,1,19,0.0,9,11,0.8731,84.99,1.478
samirnair2,instagram,real,513,280,10,76,367,1,1,43,0.1,10,7,0.9231,800.31,1.45
tmp0011150,twitter,fake,21,465,6,47,1307,1,0,10,0.7,10,3,0.6882,2.22,0.253
follow_acc36461,twitter,fake,5,1055,5,48,1618,1,0,0,0.3333,15,2,0.6667,2.92,0.21
priya.alvarez,facebook,real,1079,111,591,95,621,0,1,96,0.0,13,11,0.8333,16.05,1.07
clarakhan6,instagram,fake,278,885,5,43,9,1,1,75,0.1,10,2,0.827,35.19,8.848
meerahassan7,instagram,fake,9,1737,87,2,33,1,0,20,0.0833,12,0,0.3962,2.27,0.359
arjunmoreau,twitter,real,290,235,36,97,541,1,0,109,0.0,11,3,0.8333,46.2,1.251
siennaiyer7,facebook,fake,18,734,21,1,96,1,0,28,0.0909,11,1,0.4422,1.0,0.1
bot_218,facebook,fake,4,605,13,2,32,0,0,28,0.4286,7,2,0.2502,1.69,0.546
luciachen96,facebook,real,206,183,1097,11,1340,1,1,21,0.1818,11,38,0.7547,3.91,0.056
noah.kade,facebook,real,471,46,196,65,1365,1,0,176,0.0,9,3,0.8333,50.64,0.333
theookoye,twitter,real,695,868,28,409,301,1,0,89,0.0,9,42,0.8041,32.34,9.51
official_967259,twitter,fake,30,2387,4,3,25,0,0,4,0.4,15,1,0.2005,3.46,0.884
leohassan,instagram,real,168,470,169,816,1673,0,0,129,0.0,9,22,0.6667,49.16,3.415
aishakade,instagram,real,84,833,65,174,821,1,0,111,0.0,9,21,0.8333,82.9,1.485
qnet37142,twitter,fake,264,1539,3,22,19,1,1,145,0.5556,9,2,0.7665,12.45,8.057
win882207,facebook,fake,20,826,12,24,1212,1,0,0,0.6667,9,3,0.6015,0.75,0.141
leilaberg6,twitter,fake,435,698,6,72,1286,1,1,114,0.1,10,8,1.0,41.49,0.394
anika.berg,facebook,real,377,234,279,21,788,1,1,26,0.0,10,7,0.8096,9.76,0.19
zarakade,instagram,real,1616,123,67,19,4,1,0,6,0.0,8,0,0.4252,37.39,32.565
isladsouza,twitter,real,430,626,17,93,459,1,1,43,0.0,10,17,0.9222,17.32,1.415
marcodsouza,facebook,real,308,88,404,54,119,1,1,73,0.0,11,70,0.8721,63.04,3.187
kaikhan,twitter,real,688,473,7,103,397,1,0,104,0.0,7,27,0.8333,42.83,1.818
zarakade6,instagram,fake,39,1432,20,1,13,1,1,29,0.1111,9,1,0.5728,4.19,0.736
ravi.singh,facebook,real,100,231,346,59,1471,1,1,77,0.0,10,10,0.9939,10.83,0.281
meera_chen94,facebook,real,1099,201,615,498,1721,1,1,46,0.1667,12,25,0.9297,5.68,2.027
bot_net565,instagram,fake,9,2568,5,8,6,1,0,36,0.3,10,2,0.4449,0.73,8.241
priya.santos,facebook,real,434,482,467,26,1047,0,1,47,0.0,12,7,0.7078,7.16,0.175
mayakade,facebook,real,141,126,306,5,37,1,1,37,0.0,8,2,0.6166,4.09,1.04
noahrao,facebook,real,135,130,493,63,238,1,1,157,0.0,7,6,0.942,10.83,1.855
q32656,instagram,fake,17,2281,19,1,16,0,0,35,0.8333,6,1,0.2518,0.43,0.427
win5031,instagram,fake,46,941,8,2,28,1,0,35,0.5714,7,1,0.4271,14.05,0.54
luciaalvarez,instagram,real,101,98,19,127,1372,1,1,134,0.0,12,3,1.0,107.88,0.65
kai_khan,twitter,real,183,220,5,2,5,1,0,11,0.0,8,1,0.3663,1.04,2.484
theonair2,facebook,real,685,120,88,81,3254,1,1,67,0.1111,9,5,0.9722,12.97,0.175
theo.iyer,facebook,real,461,112,389,138,579,1,1,14,0.0,9,18,0.8625,18.05,1.672
kaiweiss,twitter,real,262,250,9,121,985,1,1,105,0.0,8,8,1.0,40.23,0.862
maya.alvarez,instagram,real,312,249,42,14,1552,1,1,9,0.0,12,10,0.743,3.33,0.062
islavale,twitter,real,48,248,11,164,300,1,0,37,0.0,8,8,0.7136,44.07,3.837
dev.kade,instagram,real,1204,409,18,16,43,1,1,34,0.0,8,1,0.658,33.57,2.624
netwin2149,facebook,fake,11,517,19,2,23,1,0,13,0.4,10,1,0.3816,0.69,0.703
followuser15035,facebook,fake,10,1061,7,1,15,0,0,67,0.3333,15,5,0.3177,1.41,9.789
adityaokoye3,facebook,fake,687,525,9,54,19,1,1,87,0.0833,12,3,0.842,17.62,19.958
follow.acc475302,facebook,fake,224,1531,13,77,31,1,1,135,0.375,16,17,0.8475,28.8,17.481
q466198,instagram,fake,11,1239,3,16,103,1,0,21,0.8571,7,2,0.492,2.39,1.117
kaiiyer,twitter,real,673,58,13,285,1145,0,1,117,0.0,7,13,0.8333,4.96,1.742
felix_okoye,facebook,real,1120,105,287,114,1423,1,1,67,0.0,11,8,0.9728,7.06,0.562
bot_net598535,facebook,fake,13,638,35,12,413,1,0,45,0.4615,13,2,0.6437,6.43,0.207
noahkade3,facebook,fake,10,698,23,2,15,0,0,49,0.1111,9,3,0.2834,3.79,0.853
adityahassan2,facebook,real,123,53,547,130,444,1,1,133,0.0769,13,8,1.0,91.51,2.048
marco_hassan,twitter,real,617,127,17,168,366,1,1,118,0.0,12,6,1.0,15.38,3.212
bot_82740,instagram,fake,37,726,7,3,55,0,0,11,0.5556,9,1,0.2278,1.07,0.429
officialdeal6226833,facebook,fake,7,811,48,4,21,1,0,16,0.3684,19,1,0.2836,5.57,1.269
follow_deal523588,instagram,fake,199,1072,6,37,49,1,1,123,0.3529,17,3,0.8427,16.23,5.269
dealfollow72234,facebook,fake,19,179,17,2,31,1,0,55,0.3333,15,1,0.4729,0.53,0.541
leo.santos,instagram,real,216,238,18,5,858,1,1,5,0.0,10,11,0.697,5.58,0.039
net.user6550,instagram,fake,17,1180,2,26,837,1,0,17,0.3333,12,2,0.6438,8.84,0.217
samir_santos,instagram,real,1139,165,33,148,1253,1,0,167,0.0,12,8,0.8333,37.61,0.83
followwin65522,instagram,fake,9,438,1,4,24,1,0,54,0.3571,14,2,0.4757,1.55,1.268
aisha_park,instagram,real,138,274,48,206,1882,1,0,121,0.0,10,20,0.8333,24.22,0.766
tmp851,facebook,fake,11,356,12,13,23,1,0,49,0.5,6,2,0.498,7.82,3.835
real.2736148,twitter,fake,32,3080,2,13,26,0,0,33,0.5833,12,3,0.3023,4.12,3.549
meera_singh,twitter,real,34,256,13,494,352,1,0,152,0.0,11,9,0.8274,28.2,9.828
follow_124,twitter,fake,24,1593,2,4,26,1,0,13,0.3,10,1,0.3871,1.4,0.981
user_follow8551127,instagram,fake,23,1439,17,1,52,0,0,15,0.3889,18,4,0.2283,4.13,0.185
hugokhan,twitter,real,259,189,5,17,46,1,1,57,0.0,8,3,0.7095,9.53,2.572
follow.follow061,instagram,fake,11,3326,14,11,47,0,0,24,0.1875,16,2,0.2828,6.04,1.58
dev_park2,instagram,real,1193,300,53,24,585,1,1,0,0.1111,9,13,0.7675,50.55,0.289
xx.new173,instagram,fake,27,768,12,38,432,1,0,25,0.3333,9,1,0.7124,1.23,0.621
acc_3693644,instagram,fake,78,1073,7,3,21,1,0,25,0.6364,11,2,0.4056,3.41,0.873
hugo_park,instagram,real,393,607,91,48,754,1,0,90,0.0,9,8,0.8333,11.12,0.449
sienna.hassan,twitter,real,188,203,17,85,325,1,1,88,0.0,13,9,0.9817,4.72,1.837
luciaokoye2,twitter,real,198,215,15,383,619,0,1,79,0.0909,11,28,0.8315,27.04,4.337
rohan.hassan,facebook,real,167,160,699,46,1010,1,1,147,0.0,12,13,1.0,55.14,0.32
tmp.real684364,facebook,fake,116,488,17,79,1401,1,1,111,0.4286,14,5,1.0,24.42,0.394
theo.dsouza,twitter,real,136,228,56,738,2893,0,1,0,0.0,11,27,0.6667,15.89,1.785
aditya_park,twitter,real,170,271,15,62,635,1,1,97,0.0,11,6,1.0,22.03,0.684
real.net6940,twitter,fake,3,1098,3,4,27,0,0,30,0.3333,12,1,0.2599,2.33,1.118
siennasingh8,twitter,fake,1472,584,14,56,47,1,1,86,0.0833,12,9,0.8548,37.65,8.271
theohassan,facebook,real,280,182,205,44,887,1,1,61,0.0,10,22,0.9613,15.84,0.351
priyakhan4,instagram,fake,59,5684,19,11,14,1,0,20,0.1,10,2,0.4252,2.04,5.295
arjun.khan,facebook,real,80,126,316,36,653,1,1,73,0.0,10,3,0.966,10.24,0.381
net.promo4432,facebook,fake,14,1505,18,2,3,0,0,23,0.3077,13,1,0.2225,0.83,4.156
new.401,instagram,fake,27,3647,9,3,124,1,0,23,0.4286,7,2,0.451,7.32,0.181
isla.nguyen,twitter,real,87,152,16,1130,858,1,0,93,0.0,11,5,0.8333,58.9,9.216
tmp.8172,instagram,fake,69,1756,7,1,56,0,1,34,0.5,8,2,0.434,7.76,0.12
luciahassan4,twitter,fake,38,616,3,3,35,1,0,0,0.0833,12,3,0.3612,0.87,0.571
acc_acc809,instagram,fake,25,1943,33,3,18,0,0,39,0.3,10,1,0.2686,1.9,4.675
samiralvarez,instagram,real,386,248,74,7,387,1,0,5,0.0,12,9,0.5418,8.9,0.135
id.follow0336722,facebook,fake,9,770,5,2,21,0,0,54,0.4375,16,1,0.2993,1.47,0.784
kai.santos97,instagram,real,370,113,16,6,1034,1,0,0,0.1667,12,17,0.5245,1.96,0.04
luciarao,twitter,real,2379,147,16,378,1988,0,1,55,0.0,8,16,0.7808,25.61,1.332
omar_costa,facebook,real,276,156,139,70,534,1,0,179,0.0,10,12,0.8333,82.55,0.918
xx_real8921594,facebook,fake,6,1453,26,3,19,0,0,49,0.5,14,2,0.2915,0.52,14.416
aditya_khan,instagram,real,686,525,16,204,551,1,1,131,0.0,11,22,1.0,149.9,2.591
felixberg2,facebook,fake,200,564,21,65,1970,1,1,107,0.1,10,6,1.0,32.18,0.229
aishaweiss,instagram,real,4925,99,44,7,350,1,1,21,0.0,10,27,0.7307,5.28,0.133
zara_dsouza,instagram,real,1516,209,21,233,2157,1,1,50,0.0,11,34,0.9384,71.24,0.757
hugo.chen,facebook,real,79,223,811,2,305,1,1,3,0.0,9,26,0.6527,1.59,0.045
new_promo628405,instagram,fake,39,1326,4,6,21,1,0,37,0.4,15,2,0.4468,5.3,2.11
follow.5078,facebook,fake,5,288,8,7,6,0,0,27,0.3636,11,2,0.2567,0.78,8.725
realofficial695127,instagram,fake,38,976,20,3,77,1,0,12,0.3333,18,4,0.4057,21.41,0.266
xx_5341107,instagram,fake,25,1869,4,17,1178,1,0,29,0.7,10,1,0.6306,1.05,0.099
official_real107948,instagram,fake,5,904,6,9,62,0,0,12,0.3158,19,6,0.1484,2.16,0.993
id54393,facebook,fake,31,554,51,6,11,0,1,0,0.7143,7,1,0.3648,13.54,4.041
lucia.khan,facebook,real,367,76,246,79,813,1,1,66,0.0,10,13,0.9706,10.87,0.684
jonas_santos,facebook,real,49,80,349,1,46,1,1,16,0.0,12,2,0.5602,0.84,0.2
promo928511,facebook,fake,14,1647,13,39,1903,1,0,12,0.5455,11,1,0.687,4.79,0.143
jonasdsouza,facebook,real,432,151,337,8,38,1,1,46,0.0,11,4,0.647,4.43,1.481
devcosta,twitter,real,12,156,38,345,1644,1,1,58,0.0,8,12,0.9547,3.82,1.467
deal.user442,twitter,fake,6,1249,5,2,14,1,1,50,0.25,12,0,0.6187,2.13,9.989
mayavale,instagram,real,339,137,25,15,23,1,0,110,0.0,8,1,0.5733,3.64,4.589
adityasantos,facebook,real,256,84,267,116,1535,1,1,123,0.0,12,9,1.0,11.92,0.529
zarabrook6,facebook,fake,15,294,28,27,682,1,0,16,0.1,10,0,0.646,0.92,0.279
net_new494,instagram,fake,20,1365,3,23,1747,1,0,20,0.3,10,2,0.6365,1.9,0.091
follow_id642181,facebook,fake,18,400,34,3,5,1,0,2,0.4,15,2,0.3496,1.29,3.563
felix.nguyen,instagram,real,1105,340,11,14,43,1,0,124,0.0,12,2,0.5796,27.55,2.341
noahdsouza2,facebook,real,324,90,567,130,1131,1,1,129,0.0909,11,17,1.0,12.26,0.804
islakade,twitter,real,562,69,45,14,586,1,0,18,0.0,8,5,0.5944,1.21,0.162
zara_kade,instagram,real,1567,391,16,102,116,1,1,70,0.0,9,72,0.8647,112.25,6.167
winnet8539,instagram,fake,32,1771,3,6,28,0,1,31,0.4,10,2,0.4361,2.97,1.52
promo_825828,facebook,fake,11,753,57,7,21,1,0,26,0.5,12,6,0.4275,2.68,2.488
zarasantos,instagram,real,1150,93,21,254,473,1,1,74,0.0,10,32,0.9877,54.52,3.758
xx_4909,facebook,fake,7,687,20,47,1909,1,0,1,0.5714,7,1,0.6696,6.61,0.172
amaravale7,twitter,fake,11,430,2,31,57,1,0,23,0.1,10,1,0.5355,2.1,3.809
botid4852,twitter,fake,4,1534,7,5,12,0,1,2,0.4444,9,2,0.3639,0.63,8.549
theomoreau,facebook,real,123,89,612,142,2554,1,1,88,0.0,10,46,1.0,24.04,0.39
deal36653,twitter,fake,5,681,15,24,876,1,0,17,0.5556,9,2,0.634,4.06,0.189
kai.dsouza92,twitter,real,30,147,6,19,26,1,0,115,0.1667,12,5,0.5927,13.99,5.226
theo.dsouza2,instagram,real,732,83,17,4,21,1,0,52,0.0833,12,1,0.4683,29.73,1.425
user_173,instagram,fake,12,619,6,2,19,1,0,3,0.375,8,1,0.3566,1.37,16.664
lucia_costa,facebook,real,150,170,526,149,385,0,1,124,0.0,11,12,0.8333,13.42,2.712
deal.1522570,instagram,fake,695,769,9,68,18,1,1,74,0.5833,12,1,0.8298,16.14,26.452
omaralvarez,facebook,real,83,63,144,111,413,1,1,84,0.0,11,8,1.0,71.91,1.877
kai_okoye,instagram,real,444,501,67,27,31,1,0,176,0.0,9,2,0.6265,10.4,6.091
official_1728,twitter,fake,2,553,5,1,15,1,1,23,0.3077,13,1,0.5587,1.59,0.399
leo.iyer98,instagram,real,622,340,121,19,53,1,1,72,0.2,10,4,0.7514,25.84,2.451
lucia.vale,facebook,real,54,84,314,132,1460,1,1,130,0.0,10,12,1.0,4.31,0.633
xx.tmp6898,twitter,fake,4,943,7,19,29,0,1,39,0.4,10,1,0.5068,3.82,4.524
isla.okoye,facebook,real,115,114,211,170,894,1,1,93,0.0,10,48,1.0,18.86,1.334
theo.vale,facebook,real,306,185,204,88,1001,1,1,74,0.0,9,11,0.9868,11.28,0.618
qtmp3343,instagram,fake,93,1876,10,2,13,0,0,17,0.5,8,2,0.2173,3.19,1.184
felix_iyer2,instagram,real,191,444,19,177,454,1,1,117,0.0909,11,31,1.0,37.63,2.724
real.5986596,facebook,fake,428,765,9,50,72,1,1,52,0.5833,12,7,0.8077,4.2,4.904
zaraiyer,facebook,real,195,332,407,57,528,1,0,98,0.0,8,68,0.8333,6.37,0.754
rohan_dsouza,twitter,real,437,111,8,209,328,1,1,81,0.0,12,6,0.9831,28.39,4.459
id_3315433,facebook,fake,8,1448,63,15,12,0,0,0,0.7,10,2,0.2359,1.57,8.93
devcosta2,facebook,real,201,143,295,14,50,1,1,126,0.1111,9,1,0.747,8.55,1.931
bot_official67636,facebook,fake,7,1636,36,8,2,0,0,0,0.2941,17,1,0.1997,1.45,22.045
zara.costa,instagram,real,286,37,61,211,4566,1,1,41,0.0,10,33,0.9196,353.25,0.323
felix.weiss2,twitter,real,46,201,13,176,681,1,1,105,0.0833,12,11,1.0,16.11,1.81
islanair,facebook,real,42,220,312,57,2417,1,1,147,0.0,8,6,1.0,30.79,0.166
bot0482280,facebook,fake,9,702,12,22,15,0,0,59,0.7,10,1,0.3886,3.84,5.46
arjun.chen90,facebook,real,540,129,548,24,4066,1,1,96,0.1667,12,9,0.9346,44.7,0.042
q.xx3600,facebook,fake,32,263,45,8,31,1,0,21,0.5,8,1,0.4258,0.87,1.88
anika.brook,facebook,real,41,123,243,67,244,1,1,87,0.0,11,7,0.9447,23.77,1.909
win418772,twitter,fake,4,926,14,1,118,1,0,46,0.6667,9,2,0.4878,3.77,0.074
priya.moreau,twitter,real,1855,56,20,7,659,1,0,9,0.0,12,25,0.5473,1.69,0.071
acc6031,facebook,fake,27,815,13,3,14,0,0,41,0.5714,7,1,0.2697,2.45,5.988
zarasingh,instagram,real,1183,619,44,155,778,1,0,103,0.0,9,22,0.8333,59.68,1.397
idfollow737376,facebook,fake,17,1319,22,4,64,1,0,37,0.4286,14,6,0.4582,0.84,0.47
aishahassan,facebook,real,121,144,247,203,914,1,1,21,0.0,11,14,0.8776,25.24,1.554
theo.brook94,instagram,real,1192,627,18,197,323,1,0,103,0.1667,12,11,0.8142,66.59,4.269
priyacosta,facebook,real,446,108,371,64,791,1,1,174,0.0,10,30,1.0,14.26,0.566
nina.khan2,facebook,real,86,160,185,18,24,1,1,100,0.1,10,3,0.752,7.13,5.208
omar_vale,facebook,real,109,56,363,79,308,1,1,97,0.0,9,9,0.974,18.11,1.791
ninabrook,instagram,real,437,199,73,2,22,1,1,113,0.0,9,8,0.6848,47.0,0.617
lucia_costa2,instagram,real,6991,640,107,12,18,1,0,69,0.0833,12,1,0.5335,6.87,4.481
ravi_hassan,facebook,real,438,260,361,32,886,1,1,69,0.0,11,10,0.9428,28.38,0.252
clara.vale,facebook,real,134,64,267,100,649,1,1,0,0.0,10,36,0.8333,42.48,1.082
meeranair2,instagram,real,1658,162,24,169,846,1,1,90,0.1,10,16,1.0,29.42,1.4
meera.singh,instagram,real,316,356,41,9,28,1,0,8,0.0,11,7,0.4006,47.5,2.317
samir.park,facebook,real,157,130,816,57,297,1,1,77,0.0,10,26,0.9624,25.62,1.351
tmp_6324830,facebook,fake,25,414,44,2,15,1,1,56,0.6364,11,1,0.6331,1.93,1.145
bot.acc56177,facebook,fake,13,308,36,3,34,0,0,22,0.4167,12,1,0.239,5.56,0.561
theo_dsouza,instagram,real,457,230,31,44,2018,1,1,0,0.0,11,21,0.8333,21.65,0.154
noah.costa,facebook,real,139,184,844,63,2669,1,1,69,0.0,10,7,0.9777,44.13,0.164
ravi_brook,facebook,real,19,219,270,131,877,1,1,123,0.0,10,10,1.0,8.11,1.048
leosantos2,facebook,fake,245,1407,7,38,34,1,1,111,0.1,10,10,0.8407,20.22,7.833
tmp_7884,facebook,fake,7,747,12,5,32,0,0,44,0.5,8,2,0.2928,0.31,1.038
arjuniyer,instagram,real,106,174,21,294,341,1,0,74,0.0,9,9,0.8097,15.24,6.044
new_official098,instagram,fake,5,1867,6,4,6,0,0,26,0.2,15,1,0.2409,0.3,5.127
noahnair6,facebook,fake,21,903,30,4,29,0,0,63,0.1111,9,1,0.3252,0.83,0.865
elena_santos2,facebook,real,115,133,425,15,19,1,1,196,0.0769,13,3,0.7359,2.32,5.358
freyachen,instagram,real,2070,784,8,304,747,1,1,35,0.0,9,7,0.9058,15.02,2.847
theo.kade,instagram,real,136,207,6,182,767,1,0,106,0.0,9,10,0.8333,15.22,1.66
aditya_dsouza2,instagram,real,268,258,38,60,1306,1,0,110,0.0714,14,9,0.8333,174.25,0.321
official_q206448,instagram,fake,8,480,5,1,26,0,1,17,0.375,16,3,0.3849,2.34,0.218
kai_brook,instagram,real,467,158,16,47,316,1,1,82,0.0,9,20,0.9776,63.96,1.033
acc_8251964,instagram,fake,27,1916,7,1,66,1,1,0,0.6364,11,1,0.5324,5.26,0.058
islaokoye,instagram,real,460,163,7,53,269,1,0,75,0.0,9,8,0.7787,567.09,1.376
leonair,facebook,real,203,208,313,19,23,1,1,37,0.0,7,3,0.6662,3.95,5.689
felixvale,twitter,real,496,177,6,379,348,0,0,24,0.0,9,2,0.5413,2.79,7.631
zara.rao2,twitter,real,168,402,7,2043,223,1,0,93,0.1111,9,11,0.7685,36.48,40.0
islavale2,twitter,real,991,203,49,155,2847,1,1,118,0.1111,9,17,1.0,71.6,0.381
maya.weiss96,instagram,real,676,650,13,113,588,1,0,0,0.1667,12,10,0.6667,74.91,1.342
zara_nair,instagram,real,729,111,77,51,547,1,1,39,0.0,9,2,0.9152,16.25,0.656
arjuniyer2,instagram,real,1434,354,29,267,383,1,1,12,0.1,10,23,0.8591,67.76,4.874
real_xx077,facebook,fake,4,938,31,7,10,1,1,28,0.3,10,2,0.5926,0.73,5.059
maya.santos,facebook,real,152,232,503,23,388,1,0,122,0.0,11,14,0.7632,34.12,0.418
acc.945,facebook,fake,6,1095,17,1,18,1,0,9,0.4286,7,2,0.3647,4.21,0.398
anika.nguyen,facebook,real,25,152,723,63,210,1,1,137,0.0,12,6,0.9292,25.14,2.088
omar_okoye,instagram,real,487,412,31,152,3520,1,1,163,0.0,10,12,1.0,50.02,0.302
q.508775,instagram,fake,44,1568,17,13,5,0,0,24,0.75,8,3,0.2736,5.93,18.053
freya.vale97,facebook,real,47,208,203,18,27,1,1,83,0.1667,12,3,0.7527,8.18,4.586
promo_deal274567,facebook,fake,20,549,18,25,1646,1,1,7,0.375,16,0,0.7845,1.27,0.105
hugo_kade,facebook,real,23,107,304,248,1271,1,0,152,0.0,9,6,0.8333,8.77,1.365
kaiokoye3,facebook,real,122,63,248,81,736,1,1,119,0.1111,9,12,1.0,35.29,0.774
elena.iyer93,instagram,real,617,202,33,94,813,1,0,54,0.1667,12,8,0.7798,186.16,0.812
samir_vale,instagram,real,162,181,70,41,433,1,1,101,0.0,10,21,1.0,97.4,0.665
id.509,instagram,fake,55,982,5,7,17,1,0,30,0.5,6,4,0.433,6.55,2.99
deal_new39738,facebook,fake,19,601,58,1,27,0,0,17,0.3846,13,1,0.2176,0.87,0.188
felix_vale,facebook,real,222,135,754,16,24,1,1,0,0.0,10,3,0.579,13.04,4.763
bot_4763,instagram,fake,22,1238,14,4,53,0,0,32,0.5,8,1,0.2738,2.17,0.513
promo.1935778,facebook,fake,10,1166,62,3,53,1,0,27,0.5385,13,0,0.4277,1.29,0.436
amarabrook,facebook,real,215,161,127,130,1188,1,1,42,0.0,10,9,0.9213,7.8,0.768
real.8256,twitter,fake,3,1183,1,8,59,0,0,11,0.4444,9,1,0.2506,0.59,0.981
id_814,facebook,fake,24,454,16,4,100,1,0,53,0.5,6,1,0.5071,2.32,0.31
leohassan6,twitter,fake,34,948,14,8,15,0,0,43,0.1,10,4,0.2958,0.63,3.548
official.deal858,instagram,fake,69,2008,4,1,24,1,0,31,0.1875,16,1,0.4156,2.53,0.417
theo.kade2,twitter,real,676,118,11,18,35,0,1,112,0.1,10,3,0.589,2.01,3.503
xx.tmp77904,facebook,fake,15,785,26,3,17,1,1,46,0.4545,11,1,0.6137,0.85,1.049
acc_promo5545095,facebook,fake,3,932,60,2,22,1,0,40,0.4375,16,3,0.435,4.03,0.669
official_307,facebook,fake,277,1208,25,56,15,1,1,109,0.25,12,7,0.8402,31.97,26.008
clara.weiss,twitter,real,821,210,25,148,435,1,1,90,0.0,11,10,1.0,10.13,2.385
acc_562818,instagram,fake,18,656,7,1,18,0,0,30,0.6,10,1,0.2439,2.22,10.537
samir.okoye,instagram,real,636,304,89,55,494,1,1,0,0.0,11,16,0.8338,106.78,0.777
rohan.nguyen,twitter,real,1597,220,25,5,12,1,1,102,0.0,12,6,0.6928,7.12,2.898
adityanair4,instagram,fake,13,1618,2,3,44,0,0,0,0.0909,11,1,0.2,1.26,0.507
aisha_nguyen,twitter,real,1849,217,38,20,23,1,0,80,0.0,12,7,0.5931,4.17,6.06
arjun_singh,facebook,real,228,94,224,52,473,1,0,124,0.0,11,10,0.8333,5.86,0.763
felix.berg,instagram,real,536,274,30,744,80,1,1,194,0.0,10,46,0.8699,408.51,40.0
official401895,facebook,fake,6,777,9,4,209,0,0,35,0.4286,14,2,0.3531,0.46,0.139
anikaberg92,facebook,real,301,151,652,109,622,1,1,90,0.1818,11,100,1.0,37.34,1.227
net.6271,twitter,fake,235,554,4,49,26,1,0,89,0.5,8,13,0.6785,16.59,13.215
marco_alvarez91,facebook,real,315,202,340,272,915,1,1,132,0.1333,15,29,1.0,23.48,2.083
adityabrook97,facebook,real,87,106,380,304,670,1,1,86,0.1538,13,9,1.0,53.0,3.176
noah.nguyen,facebook,real,59,135,360,117,1890,1,1,172,0.0,11,31,1.0,43.91,0.433
real8072214,instagram,fake,15,5024,23,7,15,1,0,0,0.6364,11,2,0.3684,2.27,13.312
anika.weiss,instagram,real,90,415,40,18,489,1,1,84,0.0,11,18,0.909,90.76,0.26
jonas.rao,facebook,real,95,102,220,27,160,1,1,85,0.0,9,28,0.8519,9.29,1.178
islakade4,twitter,fake,5,1907,6,2,15,1,0,0,0.1111,9,4,0.3476,1.55,0.834
lucia_iyer,instagram,real,3174,319,42,272,1397,1,1,150,0.0,10,14,1.0,25.93,1.361
follow_new067,facebook,fake,2,513,76,3,10,0,1,27,0.2308,13,1,0.4042,3.32,1.784
noah.alvarez,twitter,real,55,261,33,11,431,1,0,15,0.0,12,12,0.579,1.51,0.185
promowin07636,twitter,fake,3,1031,3,61,1335,1,0,17,0.3846,13,8,0.7016,0.89,0.322
devrao,facebook,real,3468,196,210,46,5200,1,1,138,0.0,6,175,1.0,4.65,0.061
isla_santos,instagram,real,389,165,136,86,947,1,1,117,0.0,11,20,1.0,86.38,0.635
clara.hassan3,twitter,real,244,85,48,87,305,1,0,195,0.0769,13,16,0.8059,18.56,1.994
official_8711263,instagram,fake,10,1947,5,5,23,0,1,26,0.4375,16,5,0.4199,5.03,1.571
win.follow14150,instagram,fake,75,1159,7,2,37,0,0,22,0.3333,15,1,0.237,4.77,0.382
id_8345,twitter,fake,8,1600,7,22,15,0,0,0,0.5714,7,4,0.2667,0.6,14.302
islaweiss,instagram,real,229,351,44,272,303,1,0,88,0.0,9,24,0.805,33.23,6.284
arjunpark4,twitter,fake,27,479,8,8,6,0,1,18,0.1,10,0,0.4051,0.5,9.508
hugomoreau,twitter,real,125,83,13,81,1266,1,0,109,0.0,10,15,0.8333,29.06,0.451
real_926439,instagram,fake,11,951,27,10,16,0,0,3,0.5455,11,1,0.2208,1.66,13.219
deal_win99377,instagram,fake,14,999,2,2,15,1,0,33,0.3846,13,1,0.4153,2.87,0.781
xx_deal782,facebook,fake,9,1527,26,6,33,0,0,24,0.3,10,3,0.2559,9.78,1.193
omarsantos8,instagram,fake,16,996,30,39,1855,1,0,58,0.0909,11,1,0.7814,4.37,0.146
leonair6,facebook,fake,7,687,28,6,43,0,0,43,0.125,8,1,0.3003,1.9,0.982
ravirao,instagram,real,429,264,34,25,235,1,0,50,0.0,7,16,0.6477,17.89,0.735
felix.costa,facebook,real,208,110,130,72,429,1,0,117,0.0,11,10,0.8333,6.34,1.169
deal_win803,facebook,fake,10,484,37,2,44,1,0,0,0.2727,11,5,0.3598,2.17,0.243
adityaokoye,instagram,real,884,265,61,11,1748,1,0,12,0.0,11,28,0.5693,1.79,0.043
kaikade,twitter,real,935,295,34,5,508,1,0,20,0.0,7,15,0.5616,3.99,0.069
omar.alvarez94,instagram,real,853,221,17,9,772,1,0,8,0.1429,14,5,0.5545,6.7,0.084
net.3319,twitter,fake,35,851,7,39,1433,1,0,30,0.5,8,1,0.7235,1.07,0.188
leosingh2,instagram,real,114,245,64,49,910,1,0,46,0.1111,9,69,0.7634,15.43,0.38
tmp_official132,facebook,fake,6,695,20,6,35,0,0,0,0.2,15,1,0.2096,1.9,1.293
tmp69380,twitter,fake,2,1123,2,11,32,0,0,0,0.625,8,1,0.2268,1.65,2.392
deal.follow69330,facebook,fake,49,1190,81,2,6,0,0,55,0.3125,16,1,0.2915,1.16,2.192
anika.weiss2,instagram,real,173,211,23,281,982,1,1,116,0.0833,12,42,1.0,226.57,2.0
ravialvarez,facebook,real,705,144,161,5,15,1,1,39,0.0,11,1,0.6105,2.41,2.484
official.236777,instagram,fake,7,1007,10,20,147,0,0,0,0.4,15,1,0.3151,0.66,0.929
arjun_kade92,instagram,real,828,156,57,6,812,1,0,16,0.1667,12,28,0.5582,3.62,0.051
aditya.nair,facebook,real,123,67,488,29,206,1,1,5,0.0,11,16,0.7243,5.88,0.972
win9245,facebook,fake,59,1245,12,5,50,0,0,53,0.5714,7,4,0.3209,3.89,0.678
marcomoreau,instagram,real,1761,711,13,95,1420,1,0,49,0.0,11,10,0.7694,27.6,0.471
acc_tmp11514,instagram,fake,3,1544,2,5,11,0,0,21,0.4167,12,3,0.2345,1.39,5.008
win_net9630,facebook,fake,10,1066,25,4,23,0,0,23,0.3636,11,1,0.2416,1.52,1.172
freya_dsouza92,facebook,real,35,188,200,28,572,1,1,84,0.1429,14,5,0.9503,12.11,0.343
official.381407,instagram,fake,43,606,6,39,1439,1,1,37,0.4,15,4,0.9049,0.81,0.188
theo_khan93,instagram,real,4305,161,24,458,1167,1,1,39,0.1818,11,37,0.9143,150.36,2.744
theo_nguyen,facebook,real,477,93,407,4,26,1,1,105,0.0,11,2,0.6938,12.77,0.988
ravisingh99,facebook,real,20,158,285,53,615,1,1,128,0.1818,11,15,1.0,10.22,0.605
zarapark,instagram,real,331,167,37,12,423,1,0,15,0.0,8,14,0.579,5.32,0.19
q.26466,facebook,fake,42,390,65,2,23,1,1,4,0.7143,7,0,0.526,1.04,0.498
omar_kade3,twitter,real,2541,179,10,64,1658,1,0,91,0.1,10,17,0.8333,16.59,0.272
kai.nguyen,instagram,real,616,352,37,46,1130,1,0,0,0.0,10,10,0.6667,14.43,0.287
follow.deal41910,instagram,fake,7,1050,7,6,104,0,0,24,0.3125,16,2,0.2912,15.92,0.423
deal_78719,facebook,fake,12,908,39,5,8,0,0,8,0.5,10,1,0.209,2.73,4.461
kaivale7,facebook,fake,15,339,22,2,63,0,1,10,0.125,8,1,0.3908,3.67,0.19
zara.santos2,instagram,real,1662,564,97,124,1783,1,1,43,0.0833,12,53,0.9224,27.98,0.488
leomoreau2,facebook,real,240,156,443,9,28,1,1,60,0.1,10,1,0.6752,2.36,2.23
id.bot735,facebook,fake,6,1359,30,2,17,1,0,31,0.3333,9,1,0.4121,4.52,0.709
freyakade,instagram,real,497,244,16,86,744,1,1,136,0.0,9,10,1.0,358.03,0.81
id.bot07226,instagram,fake,253,1408,7,32,705,1,0,3,0.4545,11,2,0.6386,2.0,0.315
arjun.nguyen,twitter,real,676,757,21,36,1205,1,1,43,0.0,12,58,0.9063,29.05,0.209
hugo_okoye92,instagram,real,670,181,7,202,816,1,1,51,0.1667,12,31,0.939,65.01,1.734
clara_moreau,facebook,real,26,163,777,36,397,1,1,8,0.0,12,7,0.8346,36.88,0.64
theo_chen,instagram,real,1681,249,26,168,1397,1,0,39,0.0,9,20,0.748,79.41,0.84
new.follow9281,instagram,fake,870,749,3,101,28,1,1,85,0.2857,14,12,0.8461,36.32,25.259
freyaberg,facebook,real,32,66,355,11,49,0,1,0,0.0,9,1,0.3996,9.42,1.506
anika_nguyen,instagram,real,192,224,23,19,41,1,0,45,0.0,12,3,0.5234,38.25,3.186
botofficial5288511,twitter,fake,13,1638,20,4,11,1,0,0,0.3889,18,1,0.3547,3.03,14.108
promo.6043,facebook,fake,7,871,11,1,23,1,1,13,0.4,10,1,0.5407,2.37,0.245
official.3247,facebook,fake,9,1044,36,5,23,0,0,38,0.3077,13,1,0.2766,0.48,1.553
samir_singh,instagram,real,1238,114,29,98,495,1,1,45,0.0,11,8,0.9263,18.84,1.388
jonas_park94,twitter,real,694,131,28,12,1608,1,0,3,0.1667,12,11,0.5577,1.25,0.053
win.q310,instagram,fake,62,974,5,6,31,0,0,14,0.375,8,1,0.2359,1.94,1.418
hugo.okoye99,facebook,real,103,141,1042,171,427,1,1,94,0.1667,12,13,1.0,82.85,2.809
rohan_nguyen,instagram,real,3348,94,26,56,396,1,0,63,0.0,12,11,0.7979,30.62,0.997
new.821553,facebook,fake,16,348,87,2,36,0,0,0,0.6,10,5,0.1894,14.05,0.295
lucia.chen,facebook,real,259,115,255,98,717,1,1,89,0.0,10,11,1.0,67.03,0.957
acc93304,facebook,fake,349,788,54,82,51,1,0,66,0.625,8,1,0.6614,9.28,11.201
q.579,facebook,fake,18,388,11,6,26,1,0,4,0.6,5,2,0.3778,2.11,1.629
jonasdsouza2,facebook,real,388,111,262,123,390,1,0,0,0.0833,12,21,0.6667,19.22,2.202
tmp.718,instagram,fake,9,1602,3,1,38,1,0,8,0.4286,7,1,0.3723,3.29,0.179
freya_khan,facebook,real,227,155,207,19,12,1,0,45,0.0,10,5,0.5093,5.77,10.886
elena_dsouza,instagram,real,649,216,18,367,188,1,0,31,0.0,12,6,0.6502,25.47,13.659
rohan_park,facebook,real,119,122,451,129,866,1,1,118,0.0,10,32,1.0,16.41,1.043
kainguyen,instagram,real,94,342,36,2,42,1,1,24,0.0,9,2,0.576,3.28,0.275
zarahassan91,instagram,real,787,201,34,75,589,1,1,75,0.1667,12,16,0.9901,111.26,0.891
marcokade8,facebook,fake,66,869,41,6,19,0,1,8,0.1,10,2,0.3818,2.51,11.993
devberg3,instagram,fake,10,1424,6,2,39,1,0,7,0.125,8,1,0.374,2.4,0.386
elenakhan,twitter,real,195,357,135,44,1765,1,1,44,0.0,9,50,0.9251,29.65,0.174
raviokoye2,twitter,real,249,589,11,137,1534,1,1,9,0.1,10,8,0.8524,5.2,0.624
nettmp764,twitter,fake,2,1587,5,2,38,0,0,23,0.3333,9,0,0.238,1.16,0.302
leila_dsouza,facebook,real,46,189,423,81,501,1,1,94,0.0,12,50,1.0,72.28,1.133
zaradsouza2,facebook,real,46,165,302,57,1359,1,0,123,0.0909,11,20,0.8333,13.54,0.292
kaikade8,twitter,fake,3,674,4,8,25,0,0,0,0.125,8,1,0.2116,1.52,2.256
freya_berg,facebook,real,135,184,361,19,1646,1,0,69,0.0,10,24,0.7235,160.14,0.082
omarnair2,instagram,real,1302,776,20,46,684,1,1,94,0.1111,9,11,1.0,98.7,0.471
leo_costa,twitter,real,703,176,30,10,433,1,1,14,0.0,9,35,0.737,1.91,0.159
promo.608258,facebook,fake,22,611,117,4,23,0,0,0,0.5,12,1,0.1923,2.5,1.103
siennanair,facebook,real,183,176,250,36,271,1,0,117,0.0,10,15,0.7747,14.93,0.936
amara_okoye,instagram,real,3193,135,49,52,482,1,1,150,0.0,11,14,1.0,97.15,0.76
sienna_moreau,twitter,real,215,202,26,189,312,1,0,115,0.0,13,16,0.8091,14.49,4.242
meera_costa,twitter,real,294,103,36,85,662,1,0,136,0.0,11,7,0.8333,9.05,0.894
amarahassan2,facebook,real,39,84,615,47,1003,1,1,54,0.0833,12,73,0.9466,7.94,0.331
devnguyen4,facebook,fake,65,950,13,6,16,0,0,27,0.1,10,4,0.2529,0.82,10.503
siennapark3,facebook,fake,22,512,5,1,17,1,0,15,0.0909,11,2,0.3778,3.47,0.544
maya.berg,twitter,real,68,243,10,28,1444,1,0,55,0.0,9,22,0.7307,38.81,0.135
meerahassan,instagram,real,1794,231,29,15,5,1,1,56,0.0,11,2,0.6818,45.31,21.377
aditya_hassan,facebook,real,692,111,143,145,749,1,1,153,0.0,13,22,1.0,45.32,1.355
q_tmp3552,twitter,fake,4,1073,2,2,41,1,1,21,0.4444,9,2,0.5727,1.47,0.419
follow2576,twitter,fake,5,732,3,9,124,0,0,32,0.4,10,1,0.3285,2.2,0.527
deal.4216269,twitter,fake,29,856,2,4,47,0,0,25,0.5833,12,4,0.2547,2.22,0.549
noahmoreau,twitter,real,757,256,34,93,866,1,0,106,0.0,10,21,0.8333,2.46,0.754
xx1664721,facebook,fake,9,547,15,29,1161,1,0,13,0.7778,9,3,0.6462,1.9,0.172
lucia_dsouza,facebook,real,106,270,309,31,685,1,1,0,0.0,12,7,0.7975,9.45,0.321
user.id7164,instagram,fake,5,974,20,4,48,0,0,8,0.3636,11,5,0.2203,3.79,0.56
tmp.858254,twitter,fake,8,991,14,1,64,0,0,9,0.6,10,1,0.2166,3.12,0.071
tmp_374,instagram,fake,71,853,5,4,11,0,0,11,0.4286,7,4,0.2138,19.04,2.843
aisha.nguyen,instagram,real,457,423,120,19,23,1,0,19,0.0,12,9,0.4634,11.58,5.873
omarbrook,instagram,real,280,346,58,16,50,1,0,216,0.0,9,1,0.5897,1.83,2.247
win246433,twitter,fake,6,1800,9,1,20,1,1,46,0.6667,9,1,0.6086,0.72,0.23
omar.singh,twitter,real,83,70,2,96,4605,1,0,62,0.0,10,8,0.7953,6.88,0.146
theo.weiss,instagram,real,671,433,15,44,439,1,1,43,0.0,10,41,0.9228,94.51,0.699
ravicosta,facebook,real,83,150,998,97,549,1,1,83,0.0,9,24,1.0,62.35,1.241
tmp2137944,instagram,fake,12,681,4,23,965,1,0,14,0.7,10,0,0.6264,7.57,0.17
jonasbrook,facebook,real,83,93,746,1,12,0,1,19,0.0,10,1,0.3819,0.97,0.459
deal.158,instagram,fake,11,2056,4,7,23,0,0,0,0.375,8,2,0.2043,8.98,1.981
acc.win1427216,facebook,fake,247,501,28,96,38,1,1,76,0.5,14,14,0.8414,18.03,17.776
hugochen,twitter,real,24,317,11,143,648,1,1,161,0.0,8,22,1.0,8.92,1.541
ninacosta4,twitter,real,107,150,11,296,4005,1,0,101,0.1,10,20,0.8333,12.18,0.518
acc_3214990,twitter,fake,6,623,8,3,12,1,0,59,0.6364,11,1,0.475,3.02,1.817
follow.13599,twitter,fake,7,1996,5,33,14,0,0,0,0.4167,12,0,0.3103,1.84,15.925
kai.rao,twitter,real,121,300,44,455,909,1,1,82,0.0,7,19,1.0,24.6,3.504
priyaweiss7,instagram,fake,411,1630,6,80,12,1,1,67,0.0909,11,16,0.8125,10.51,8.082
leilabrook96,facebook,real,278,51,1596,14,25,1,0,88,0.1667,12,2,0.5685,5.81,3.834
botwin7752,instagram,fake,24,678,2,3,14,0,0,14,0.4,10,1,0.2176,5.58,6.345
sienna.kade96,facebook,real,155,477,365,34,563,1,1,86,0.1538,13,19,0.9741,48.17,0.42
id_xx2470,facebook,fake,14,295,49,4,39,0,0,63,0.4444,9,4,0.3304,0.79,0.67
jonas.hassan2,facebook,real,37,183,386,146,1603,1,0,36,0.0769,13,9,0.742,13.16,0.636
tmp161,instagram,fake,12,1564,4,6,5,1,0,65,0.5,6,2,0.4941,1.92,4.053
leila_moreau,facebook,real,82,157,411,8,525,1,1,10,0.0,12,20,0.7205,11.52,0.102
leila_alvarez,facebook,real,149,122,545,36,646,1,1,66,0.0,13,41,0.9548,27.95,0.394
zara.nguyen97,twitter,real,1702,193,11,89,180,1,0,113,0.1538,13,9,0.7489,15.22,3.481
clara.park,instagram,real,1063,403,19,4,888,1,0,20,0.0,10,17,0.5567,7.83,0.028
arjunmoreau1,facebook,fake,18,611,8,2,26,1,0,19,0.0833,12,2,0.3956,3.55,0.664
zara_nguyen,twitter,real,87,178,8,1212,1085,1,0,88,0.0,11,17,0.8333,25.63,7.82
clara.nguyen,twitter,real,479,260,31,63,580,1,0,173,0.0,12,20,0.8333,7.02,0.761
win_net5425472,facebook,fake,2,437,15,28,1768,1,0,17,0.5,14,2,0.6524,2.08,0.11
marco_costa,facebook,real,210,80,171,57,280,1,1,111,0.0,11,12,0.9612,12.84,1.427
meera.chen,facebook,real,115,65,193,31,670,1,1,88,0.0,10,9,0.9613,9.55,0.321
user.tmp61556,twitter,fake,6,1131,11,2,26,0,0,42,0.3846,13,0,0.2756,2.06,0.573
clarasantos,facebook,real,220,52,365,9,6,1,0,63,0.0,11,1,0.5057,3.22,10.655
marcochen2,instagram,fake,185,624,5,75,6,1,1,81,0.1,10,3,0.8361,7.74,40.0
userwin45720,facebook,fake,9,1262,12,5,12,1,0,13,0.4167,12,2,0.3846,2.2,2.737
siennasingh7,facebook,fake,326,896,29,49,14,1,0,49,0.0833,12,9,0.608,16.83,10.975
leocosta2,facebook,fake,15,531,23,2,193,0,1,18,0.1111,9,1,0.4673,3.08,0.072
user_96243,facebook,fake,4,397,25,6,4,1,0,0,0.5,10,1,0.3602,1.66,9.918
ninaiyer,instagram,real,284,320,34,804,691,1,0,105,0.0,8,5,0.8333,351.9,8.147
user_real899,facebook,fake,7,565,25,3,18,1,0,15,0.25,12,3,0.3826,1.34,0.975
q_acc941,facebook,fake,31,329,41,32,982,1,0,33,0.375,8,1,0.7008,1.21,0.225
hugosingh6,instagram,fake,54,933,8,20,1232,1,0,13,0.1,10,1,0.6103,2.42,0.115
omarkhan,facebook,real,233,112,184,105,1396,1,0,43,0.0,8,17,0.756,20.53,0.526
new_xx174,instagram,fake,33,1421,4,1,164,0,0,6,0.3333,9,1,0.2555,3.53,0.022
leosingh3,instagram,real,483,430,10,118,2068,1,1,18,0.1111,9,16,0.8717,82.59,0.399
zara_rao,twitter,real,60,195,47,346,1771,1,1,124,0.0,8,10,1.0,8.16,1.368
follow.61668,facebook,fake,9,868,18,7,15,1,1,1,0.4167,12,4,0.5366,0.74,3.155
tmp_696,instagram,fake,3,2433,9,1,6,1,1,4,0.4286,7,1,0.5163,3.67,1.486
samirokoye,twitter,real,136,336,42,70,1275,1,0,167,0.0,10,8,0.8333,46.88,0.383
real_098864,instagram,fake,36,588,19,6,21,0,0,19,0.5455,11,5,0.2414,0.66,2.093
felixhassan,instagram,real,424,506,26,406,955,1,1,159,0.0,11,9,1.0,11.76,2.98
aisha.moreau,facebook,real,192,89,192,64,562,1,1,154,0.0,12,15,1.0,23.51,0.797
real.promo445,instagram,fake,19,1869,7,1,8,1,1,18,0.2308,13,2,0.547,5.1,1.216
arjunbrook,instagram,real,462,321,38,61,308,1,1,82,0.0,10,13,0.974,146.56,1.382
freyarao7,facebook,fake,11,996,18,2,24,1,0,0,0.1111,9,1,0.3534,0.99,0.64
tmp.372230,twitter,fake,9,409,11,3,41,0,0,41,0.6,10,6,0.2829,6.33,0.521
jonasweiss,instagram,real,370,394,46,119,518,1,1,88,0.0,10,49,1.0,41.01,1.61
elenaberg2,twitter,real,473,271,23,52,1784,0,0,0,0.1,10,15,0.5,13.45,0.203
felixnguyen7,twitter,fake,6,2034,2,4,10,0,0,60,0.0833,12,6,0.312,1.05,2.698
acc.deal6703,instagram,fake,3,1648,26,7,30,1,0,3,0.3333,12,1,0.3808,9.3,1.527
elena_vale92,facebook,real,109,178,263,59,614,1,1,105,0.1667,12,7,1.0,42.79,0.671
amara.hassan2,twitter,real,593,178,6,119,2940,1,0,115,0.0769,13,16,0.8333,0.63,0.284
follow_077,instagram,fake,25,1689,5,7,50,0,0,27,0.3,10,1,0.275,8.25,0.977
official.acc9773303,twitter,fake,29,878,4,41,7,1,0,26,0.3684,19,5,0.4498,1.83,17.323
noahdsouza3,facebook,real,165,96,487,2,731,1,0,22,0.0909,11,14,0.5558,1.53,0.021
ravi.moreau,instagram,real,3299,843,34,50,569,1,0,118,0.0,11,16,0.8333,19.97,0.619
official.66832,twitter,fake,28,1117,3,2,21,0,0,10,0.3571,14,3,0.206,0.53,0.757
follow0106,instagram,fake,58,1437,42,6,14,1,0,57,0.4,10,1,0.4848,0.97,10.499
kainair,instagram,real,272,259,35,34,1053,1,1,108,0.0,7,11,0.9754,66.06,0.227
priyanair,twitter,real,202,324,14,342,736,1,1,80,0.0,9,15,0.9995,7.69,3.254
elenakade,instagram,real,240,254,61,18,52,1,1,94,0.0,9,3,0.7646,38.61,2.398
omar.moreau,instagram,real,10656,407,66,165,1983,1,1,0,0.0,11,10,0.8333,273.72,0.582
theo.weiss2,instagram,real,1042,512,42,20,34,1,1,130,0.0909,11,2,0.7635,23.82,4.018
hugo.brook,facebook,real,62,143,370,79,218,1,0,95,0.0,10,16,0.7662,11.7,2.527
amara.rao,facebook,real,163,73,742,22,699,1,1,66,0.0,9,33,0.8957,31.72,0.219
dev_park3,facebook,real,212,103,1055,170,288,1,1,128,0.1111,9,10,0.9648,18.5,4.139
kai_hassan,twitter,real,87,319,11,87,1127,1,0,116,0.0,10,21,0.8333,11.73,0.542
priya_okoye,facebook,real,64,257,292,86,516,1,1,17,0.0,11,18,0.8684,70.49,1.163
promo.real622160,instagram,fake,78,3243,5,7,12,0,1,22,0.375,16,4,0.4143,1.81,5.095
user.user4261863,twitter,fake,157,328,15,32,12,1,1,81,0.4375,16,2,0.8069,32.31,18.863
meera_okoye2,instagram,real,667,144,17,70,521,1,1,178,0.0833,12,40,1.0,64.63,0.938
clara.kade,instagram,real,846,322,33,354,353,1,0,83,0.0,10,17,0.8279,13.24,7.012
ravi.costa,facebook,real,88,108,526,80,1958,1,1,95,0.0,10,10,1.0,10.09,0.287
elena.alvarez,instagram,real,135,1018,76,8,18,1,1,83,0.0,13,1,0.7092,39.16,3.204
xxwin7595,facebook,fake,10,1302,38,23,1526,1,0,49,0.4444,9,1,0.699,2.18,0.106
meera.hassan,instagram,real,111,247,22,129,2505,1,0,108,0.0,12,17,0.8333,143.01,0.362
rohandsouza,facebook,real,942,136,361,13,181,1,1,8,0.0,11,106,0.6545,0.88,0.505
ravi_okoye,facebook,real,72,255,366,1,46,1,1,14,0.0,10,3,0.5519,1.77,0.082
bot.7279764,facebook,fake,14,953,112,16,437,1,0,39,0.6364,11,1,0.6472,0.79,0.25
promo_net74272,instagram,fake,1329,1136,19,93,1827,1,1,60,0.3571,14,18,0.9582,31.33,0.357
new.q1834504,twitter,fake,24,1389,10,3,18,1,0,43,0.5833,12,4,0.4435,1.15,13.434
ravi.iyer,facebook,real,86,151,562,147,442,1,1,14,0.0,9,41,0.8622,17.74,2.326
aditya_hassan2,facebook,real,395,332,249,69,244,1,1,105,0.0714,14,7,0.9447,63.8,1.98
aisha.okoye,instagram,real,1879,204,48,10,439,1,1,14,0.0,11,23,0.7385,6.23,0.167
tmp.net7683,instagram,fake,42,1048,4,22,1272,1,0,48,0.3636,11,1,0.6895,4.86,0.119
winreal70029,facebook,fake,435,257,17,82,2068,1,0,139,0.4167,12,12,0.8333,7.49,0.277
omarkade6,instagram,fake,31,1576,9,22,86,0,0,21,0.1111,9,3,0.3423,2.78,1.789
hugo.iyer,facebook,real,139,104,1106,100,214,1,1,108,0.0,9,49,0.9311,63.64,3.256
new_official12954,facebook,fake,5,1357,40,1,69,0,1,4,0.2941,17,1,0.3775,2.72,0.08
bot9568,facebook,fake,9,826,17,9,113,0,0,46,0.5714,7,1,0.3533,1.36,0.577
felixvale2,twitter,real,412,135,48,12,909,1,0,16,0.1,10,8,0.5848,1.98,0.095
xx_908,facebook,fake,14,801,27,2,29,1,0,1,0.5,6,2,0.3576,1.23,0.55
claravale94,facebook,real,67,331,282,205,1776,1,1,147,0.1818,11,4,1.0,9.43,0.808
idq0893404,instagram,fake,24,1192,8,1,25,1,0,27,0.7,10,2,0.4052,15.32,0.29
bot_xx1592,instagram,fake,13,2721,5,13,19,0,1,14,0.4,10,2,0.4249,4.98,7.274
noahweiss7,instagram,fake,13,850,3,7,22,0,0,21,0.1,10,1,0.2467,0.47,2.077
theo_berg,instagram,real,246,225,35,53,483,1,1,64,0.0,9,17,0.9658,84.25,0.768
elena.rao2,facebook,real,213,185,437,80,1972,0,1,98,0.1,10,19,0.8333,10.52,0.284
aditya.berg2,instagram,real,737,233,23,146,540,1,0,132,0.0833,12,14,0.8333,98.59,1.892
ninasantos2,instagram,fake,151,2007,7,30,21,1,1,138,0.0909,11,4,0.8032,8.8,10.157
meera_nguyen,facebook,real,127,144,342,53,725,1,1,5,0.0,12,40,0.8437,9.5,0.512
kaiberg,facebook,real,730,372,334,10,12,1,1,135,0.0,7,5,0.7121,2.31,5.599
raviberg98,twitter,real,51,239,10,135,1932,1,0,106,0.2,10,32,0.8333,47.73,0.488
hugo.brook2,instagram,real,5016,265,8,12,54,1,1,18,0.0909,11,2,0.614,11.2,1.596
official_3498558,facebook,fake,4,879,44,7,6,1,0,0,0.4375,16,1,0.3648,3.09,8.033
freya.vale,facebook,real,560,151,496,80,1022,1,1,115,0.0,10,18,1.0,38.53,0.548
jonasweiss3,facebook,fake,11,371,17,5,37,0,1,14,0.0909,11,1,0.4024,3.95,1.005
nina_kade,facebook,real,586,63,298,4,1537,1,1,7,0.0,9,18,0.6963,6.69,0.017
omarcosta,twitter,real,970,320,53,17,42,1,1,66,0.0,9,2,0.7287,0.85,2.883
freyanair95,facebook,real,213,221,541,73,748,1,1,129,0.1818,11,6,1.0,26.07,0.686
noah.singh93,twitter,real,58,167,22,122,647,1,0,111,0.1667,12,34,0.8333,11.52,1.325
anikaberg,twitter,real,698,133,49,12,205,0,1,7,0.0,9,14,0.4932,4.08,0.416
amara_nair,facebook,real,67,166,436,50,438,1,1,152,0.0,10,6,1.0,4.33,0.807
zara_santos3,instagram,real,3076,324,53,13,1204,1,1,8,0.0833,12,14,0.7371,1.96,0.076
realq551849,facebook,fake,13,742,19,30,988,1,0,22,0.5455,11,0,0.671,8.76,0.212
new_809580,instagram,fake,40,541,11,41,1186,1,0,4,0.6,10,1,0.6758,2.89,0.244
q.win7725,instagram,fake,9,1291,6,12,31,1,0,7,0.4444,9,2,0.4124,10.73,2.756
q_892,facebook,fake,34,418,65,2,16,0,0,44,0.6,5,1,0.2753,3.18,0.979
botwin9715,facebook,fake,4,759,25,2,49,1,0,0,0.4,10,1,0.3652,0.96,0.325
dev_okoye,instagram,real,105,198,26,78,250,0,0,154,0.0,9,7,0.6142,76.34,2.183
theoalvarez,twitter,real,552,178,27,133,2265,0,1,54,0.0,11,9,0.7801,3.21,0.41
q.acc7277922,facebook,fake,51,903,12,2,40,0,0,23,0.5833,12,1,0.2419,7.0,0.366
theovale,facebook,real,21,142,214,125,488,0,1,121,0.0,8,9,0.8333,26.4,1.798
freya_brook,twitter,real,136,127,19,381,1002,1,0,53,0.0,11,11,0.7762,10.54,2.662
hugo.costa,instagram,real,447,346,50,246,1049,1,0,131,0.0,10,65,0.8333,23.44,1.645
marcochen22,twitter,fake,22,663,4,3,19,1,0,17,0.1818,11,3,0.3908,0.92,1.192
xxnew916727,twitter,fake,27,820,6,10,21,1,0,3,0.5455,11,1,0.3887,0.9,3.17
user84529,facebook,fake,17,1463,10,3,85,1,0,39,0.5556,9,1,0.4653,1.35,0.249
official_deal120969,facebook,fake,10,548,40,3,9,0,0,39,0.3158,19,1,0.1563,0.98,12.521
clara.iyer,instagram,real,39,141,63,72,475,1,0,169,0.0,10,15,0.8333,72.32,1.062
deal.82540,instagram,fake,18,1004,5,11,19,0,0,25,0.5,10,1,0.2718,8.11,12.319
id.588201,twitter,fake,4,1705,3,10,14,0,0,6,0.6667,9,1,0.226,1.28,4.815
hugosingh1,twitter,fake,16,1815,6,48,1010,1,0,29,0.1,10,1,0.7275,1.63,0.33
theo_khan,facebook,real,48,118,473,2,29,1,0,83,0.0,9,2,0.5224,12.11,0.53
zaraiyer3,facebook,fake,5,392,31,1,20,1,0,26,0.1111,9,1,0.3995,1.03,15.194
felixnguyen,twitter,real,772,682,80,18,29,1,0,69,0.0,11,9,0.5666,24.95,4.378
elena.park,twitter,real,182,309,38,61,1118,1,0,145,0.0,10,29,0.8333,4.24,0.379
sienna.park,instagram,real,1950,336,28,12,22,1,1,137,0.0,11,9,0.7279,23.45,3.909
elena_weiss,instagram,real,121,101,12,20,13,1,1,136,0.0,11,4,0.755,9.48,10.643
dev_berg,facebook,real,1369,229,282,46,303,1,1,25,0.0,8,43,0.8562,83.14,1.073
xx_977,facebook,fake,15,685,5,17,23,1,0,37,0.5,6,6,0.4909,1.36,5.114
kaichen,instagram,real,972,269,92,59,223,1,0,176,0.0,7,9,0.7685,189.88,1.861
jonas.singh,facebook,real,47,87,402,4,7,1,0,216,0.0,11,8,0.5178,8.98,3.51
xx943,twitter,fake,25,1323,4,8,9,0,0,32,0.6,5,4,0.2723,0.39,11.526
elenakhan2,instagram,real,540,515,12,206,1248,1,1,174,0.1,10,16,1.0,46.78,1.157
marcopark90,facebook,real,96,72,402,16,44,1,1,122,0.1818,11,2,0.7553,15.62,2.617
xx.id1669597,facebook,fake,19,860,5,9,15,1,0,52,0.5833,12,1,0.4863,3.26,4.128
anika_chen,facebook,real,169,46,373,36,643,1,0,120,0.0,10,12,0.8169,19.51,0.392
priya_iyer2,facebook,real,21,212,161,33,961,1,1,57,0.0909,11,25,0.9253,15.41,0.243
aditya_brook,instagram,real,212,694,11,124,1733,1,0,71,0.0,12,40,0.8147,42.8,0.5
kaiweiss2,instagram,real,1971,419,35,6,1896,1,1,22,0.1111,9,6,0.7361,2.54,0.021
felix_chen,instagram,real,706,435,131,180,1101,1,1,94,0.0,10,66,1.0,121.91,1.143
id2374,instagram,fake,27,2575,6,9,1,1,0,25,0.6667,6,1,0.4236,1.79,4.141
official633472,twitter,fake,10,1358,5,2,25,0,1,48,0.4286,14,2,0.4531,0.46,0.603
felixkhan,instagram,real,257,327,18,406,733,1,0,0,0.0,9,11,0.6667,20.87,3.875
kaisantos2,facebook,real,258,241,501,11,1198,1,0,15,0.1,10,8,0.5773,6.73,0.065
official.win915220,facebook,fake,13,862,13,7,28,1,0,30,0.3333,18,2,0.4363,2.59,1.627
arjun.costa,instagram,real,175,920,31,93,3021,1,1,96,0.0,11,38,1.0,42.13,0.215
noah_weiss,instagram,real,511,184,61,261,1791,1,1,11,0.0,10,13,0.8558,263.63,1.019
isla_dsouza,twitter,real,101,446,11,209,1108,0,0,44,0.0,11,16,0.5914,42.27,1.319
follow787930,facebook,fake,9,1964,80,10,32,0,0,20,0.5,12,4,0.2661,2.55,2.264
kaivale,instagram,real,282,214,19,239,1092,1,1,87,0.0,7,25,1.0,17.29,1.532
isla.santos,instagram,real,1066,231,13,365,944,1,0,134,0.0,11,8,0.8333,99.0,2.709
siennanair2,facebook,real,156,241,504,28,833,1,1,76,0.0909,11,48,0.939,41.79,0.232
ravi_nguyen,twitter,real,274,170,13,8,55,1,0,54,0.0,11,3,0.5053,4.01,1.069
win.344235,instagram,fake,81,1006,6,13,547,1,0,27,0.6,10,2,0.6111,0.78,0.166
hugo_chen92,facebook,real,195,193,520,12,54,1,1,47,0.1818,11,4,0.6734,9.28,1.58
officialuser61569,facebook,fake,445,951,9,24,48,1,1,48,0.2941,17,4,0.7217,30.92,3.497
real_promo13459,instagram,fake,20,1453,4,3,22,1,0,1,0.3333,15,1,0.3582,1.7,0.953
meera_vale2,instagram,real,662,273,57,30,729,1,0,59,0.0909,11,7,0.7461,62.57,0.286
real_539776,twitter,fake,14,1834,2,5,7,1,0,12,0.5455,11,2,0.3828,1.49,5.134
rohan_park2,instagram,real,728,190,15,28,352,1,0,7,0.0909,11,9,0.625,102.64,0.556
freya_rao2,twitter,real,229,214,28,82,264,1,1,121,0.1,10,3,0.9539,11.15,2.165
devvale4,instagram,fake,358,2154,14,95,18,1,1,57,0.125,8,7,0.7932,7.78,36.756
samir.okoye2,instagram,real,160,212,85,78,544,1,1,135,0.0833,12,24,1.0,19.75,1.007
hugocosta,instagram,real,470,326,67,105,2418,1,0,118,0.0,9,22,0.8333,223.94,0.303
priya.vale,instagram,real,157,114,15,50,236,1,1,88,0.0,10,74,0.9411,15.22,1.473
islakade2,facebook,real,211,133,127,6,551,0,1,13,0.1111,9,4,0.5508,2.55,0.072
winacc8994657,twitter,fake,522,897,8,79,46,1,0,79,0.5385,13,4,0.6859,20.88,11.981
user.id1371243,instagram,fake,15,2148,18,15,1077,1,0,31,0.5,14,2,0.6256,2.18,0.096
rohan_khan,facebook,real,303,129,178,16,467,1,1,120,0.0,10,3,0.8988,119.42,0.236
tmp.real5313363,instagram,fake,16,1787,4,24,42,1,0,15,0.4667,15,1,0.4851,5.35,4.029
official.3539925,facebook,fake,13,1693,72,2,33,0,1,9,0.4375,16,1,0.3745,9.22,0.349
user.550,instagram,fake,228,1500,6,60,20,1,1,146,0.375,8,8,0.8425,8.53,21.135
xx_85900,twitter,fake,3,1786,6,12,20,1,0,20,0.625,8,4,0.4326,2.19,5.867
jonasrao4,facebook,fake,5,993,26,5,10,0,0,56,0.1111,9,1,0.3082,0.79,3.264
new.8722,facebook,fake,15,1582,14,2,26,0,0,45,0.5,8,1,0.2822,5.41,0.639
noahvale,instagram,real,59,311,33,168,927,1,0,137,0.0,8,31,0.8333,14.05,1.27
bot_q7561408,facebook,fake,378,579,8,60,85,1,0,48,0.5833,12,16,0.6378,31.93,4.915
mayaalvarez,facebook,real,482,109,477,10,2218,1,1,119,0.0,11,32,0.8768,23.19,0.033
netnew2193,twitter,fake,4,346,3,3,22,0,0,14,0.4,10,1,0.2172,0.7,0.834
maya_nair,twitter,real,1644,250,17,171,895,1,1,97,0.0,9,17,1.0,72.05,1.341
amarasantos6,instagram,fake,7,959,24,5,11,1,0,22,0.0833,12,3,0.4053,0.74,11.871
tmp_real5101,twitter,fake,17,767,10,42,885,1,0,18,0.3333,12,3,0.7032,0.69,0.331
hugo.alvarez,instagram,real,91,231,22,72,1624,1,1,91,0.0,12,12,1.0,67.58,0.309
zarabrook,instagram,real,645,272,19,11,543,1,1,19,0.0,9,11,0.7534,4.51,0.146
felix.dsouza,facebook,real,57,252,349,4,21,1,1,127,0.0,12,4,0.6923,2.15,1.284
meerakade7,facebook,fake,10,1253,22,52,473,1,0,0,0.1,10,0,0.6667,5.39,0.772
follow_832176,instagram,fake,5,466,48,2,26,1,0,23,0.4615,13,1,0.4002,13.06,0.458
dev.hassan2,facebook,real,195,104,129,71,504,1,1,111,0.0909,11,11,1.0,12.38,0.982
noahvale2,instagram,real,1805,134,51,15,1267,1,1,65,0.1111,9,4,0.8651,130.75,0.084
acc.deal762904,twitter,fake,34,702,4,11,11,0,1,38,0.4286,14,1,0.4638,5.24,6.969
dev_alvarez,twitter,real,505,115,21,160,1100,1,1,76,0.0,11,34,0.9915,3.66,1.017
aishavale,instagram,real,438,449,10,150,1122,1,0,81,0.0,9,8,0.8333,151.18,0.938
lucia.chen2,facebook,real,173,141,669,143,890,1,1,60,0.0909,11,3,0.9588,45.73,1.126
rohanhassan8,facebook,fake,228,945,18,88,36,1,1,41,0.0833,12,10,0.7678,41.68,17.104
leo_nguyen90,facebook,real,199,67,459,72,2256,1,1,156,0.1667,12,18,1.0,8.97,0.223
realpromo722907,instagram,fake,461,693,6,26,22,1,0,51,0.4,15,8,0.5603,16.39,8.378
leosingh6,facebook,fake,9,1290,13,5,12,1,0,28,0.1111,9,1,0.4162,5.35,2.737
tmp_7168,facebook,fake,99,1532,24,8,7,0,0,0,0.5,8,0,0.2017,1.98,7.731
zaraalvarez,facebook,real,191,74,557,45,184,1,1,128,0.0,11,13,0.9174,28.01,1.72
adityamoreau,twitter,real,1385,74,6,351,590,1,0,125,0.0,12,33,0.8333,86.62,4.164
ravi_singh97,facebook,real,197,107,247,40,444,1,1,97,0.1667,12,16,1.0,10.75,0.636
elena.costa,instagram,real,1405,746,33,253,1342,1,0,48,0.0,11,14,0.7671,78.93,1.322
nina.weiss,facebook,real,95,82,499,350,345,1,0,30,0.0,10,23,0.7196,53.23,7.1
ravi.kade92,facebook,real,436,99,169,99,2247,1,1,62,0.1818,11,34,0.9623,9.78,0.309
q.3349164,facebook,fake,33,389,19,2,53,1,0,12,0.7778,9,1,0.3899,5.95,0.228
kai.rao2,twitter,real,1996,165,16,90,565,1,0,18,0.125,8,21,0.705,5.24,1.11
official.tmp024948,instagram,fake,57,752,17,7,6,0,0,0,0.3333,18,1,0.1986,0.88,8.184
promo.7696202,twitter,fake,28,666,10,34,1285,1,0,2,0.5385,13,1,0.6447,2.01,0.183
follow_id5039779,facebook,fake,4,701,20,4,24,0,1,16,0.4375,16,1,0.3927,1.46,1.117
xx_deal4064521,facebook,fake,25,1124,32,1,6,0,0,19,0.5,14,1,0.213,1.59,5.707
omar_dsouza96,facebook,real,344,106,522,15,39,1,1,150,0.1538,13,2,0.748,0.76,2.738
anika_iyer2,facebook,real,581,221,651,214,256,1,1,103,0.0909,11,7,0.9502,58.15,5.851
user_net393986,twitter,fake,9,1731,3,2,24,0,1,13,0.4286,14,2,0.3771,1.13,0.465
amara_iyer,facebook,real,381,282,326,569,1048,1,1,0,0.0,10,18,0.8333,13.44,3.802
kai_brook2,twitter,real,238,817,45,237,762,1,0,92,0.1,10,14,0.8333,24.09,2.173
idnew46429,instagram,fake,371,1613,3,96,11,1,0,129,0.5,10,2,0.6717,19.23,40.0
arjun.chen,facebook,real,45,125,224,60,720,1,1,183,0.0,10,13,1.0,13.63,0.583
new7875522,facebook,fake,12,639,42,6,100,0,0,0,0.7,10,1,0.2358,1.88,0.395
new_784,facebook,fake,5,774,24,1,23,1,0,33,0.4286,7,0,0.4169,5.99,0.248
tmp6231751,instagram,fake,329,1460,13,76,31,1,0,81,0.7,10,6,0.6808,10.48,17.073
accpromo134,twitter,fake,165,1846,2,15,29,0,0,0,0.2727,11,1,0.241,2.14,3.542
id.promo04589,instagram,fake,410,2525,5,66,57,1,0,105,0.3846,13,10,0.6927,18.4,8.096
aisha.weiss,twitter,real,150,188,25,10,799,0,0,15,0.0,11,27,0.4058,0.77,0.088
felix_park90,instagram,real,2995,257,17,13,266,1,0,11,0.1667,12,11,0.5309,2.58,0.335
samir.moreau,instagram,real,357,489,76,162,563,1,1,42,0.0,12,14,0.9214,232.83,2.02
samir_weiss,facebook,real,568,175,282,15,46,1,1,129,0.0,11,4,0.7496,7.46,2.262
real_bot5450,instagram,fake,22,567,10,5,21,0,0,9,0.3333,12,1,0.2186,2.7,1.808
kainguyen3,facebook,fake,14,455,9,4,9,0,0,54,0.1,10,0,0.2981,1.87,2.735
elena_chen,facebook,real,235,97,327,40,381,1,0,0,0.0,10,31,0.6667,74.39,0.74
samir_moreau96,instagram,real,611,606,38,272,729,1,0,6,0.1429,14,32,0.6791,313.8,2.609
aditya_iyer,instagram,real,1435,54,59,15,49,1,1,46,0.0,11,1,0.6833,10.92,2.197
amarasantos,instagram,real,1546,269,27,2,437,1,0,9,0.0,11,96,0.5276,21.16,0.035
priyaweiss,instagram,real,466,262,76,18,46,1,1,78,0.0,10,5,0.7561,34.31,2.667
omar.nguyen97,instagram,real,624,326,30,115,589,1,1,35,0.1538,13,25,0.9055,83.43,1.37
hugodsouza,facebook,real,165,225,365,345,2038,1,1,44,0.0,10,31,0.9258,173.64,1.183
mayasingh3,instagram,fake,15,955,12,28,2003,1,0,21,0.1,10,3,0.6586,0.89,0.096
jonas_kade,facebook,real,2371,63,483,20,411,1,1,47,0.0,10,29,0.8479,12.8,0.342
felixweiss,facebook,real,1101,142,458,154,441,0,1,224,0.0,10,13,0.8333,42.69,2.44
q_net503654,instagram,fake,34,1640,1,9,24,0,1,0,0.5455,11,3,0.3818,1.22,2.623
follow0371,facebook,fake,136,362,7,22,157,1,0,20,0.4,10,3,0.5371,3.8,0.969
ninacosta7,twitter,fake,6,714,1,1,33,0,0,32,0.1,10,0,0.2537,0.18,0.313
follow_real693221,facebook,fake,4,878,5,4,10,0,1,0,0.3529,17,2,0.3543,1.67,2.756
aditya_rao92,twitter,real,150,244,42,345,456,1,0,88,0.1667,12,11,0.8333,43.51,5.297
acc.217,facebook,fake,6,339,25,9,26,1,0,14,0.4286,7,1,0.4104,1.95,2.363
tmpnet7431580,instagram,fake,61,1727,5,1,23,0,0,32,0.5385,13,2,0.2488,10.77,0.335
amara.okoye,facebook,real,76,182,877,9,637,1,1,10,0.0,11,8,0.7253,1.82,0.1
adityaiyer,facebook,real,395,98,207,235,1174,1,1,103,0.0,10,30,1.0,13.46,1.402
win.61675,instagram,fake,36,847,6,4,45,0,0,8,0.5556,9,1,0.2216,0.65,0.698
xx_84464,instagram,fake,496,3063,13,78,16,1,1,43,0.625,8,8,0.7641,14.66,34.221
promo945,instagram,fake,333,1136,5,22,7,1,1,44,0.375,8,18,0.6891,34.99,22.409
siennahassan,instagram,real,1624,438,35,74,1451,1,1,56,0.0,12,9,0.9494,152.56,0.355
dealpromo41222,instagram,fake,41,1261,4,1,111,0,0,37,0.3571,14,2,0.2972,0.39,0.053
promonew3542,facebook,fake,18,874,36,47,1201,1,0,29,0.3333,12,2,0.7276,1.09,0.272
ninaokoye,facebook,real,445,213,363,123,1287,1,1,84,0.0,9,10,1.0,95.27,0.668
luciakade1,instagram,fake,42,1793,10,3,17,0,0,22,0.1,10,1,0.2327,2.37,1.285
sienna.hassan94,instagram,real,259,154,46,4,1612,1,1,16,0.1333,15,17,0.7162,6.92,0.016
kai_costa,facebook,real,168,149,323,4,54,1,1,82,0.0,9,2,0.7093,4.76,0.558
meera.brook,twitter,real,63,175,5,20,49,1,0,17,0.0,11,1,0.4716,1.67,2.791
freyarao,facebook,real,172,223,426,118,579,1,1,65,0.0,8,22,0.9693,23.81,1.426
dev.khan95,facebook,real,107,196,325,43,682,1,1,169,0.2,10,35,1.0,9.31,0.443
noahrao3,facebook,fake,4,1146,14,1,34,1,0,25,0.125,8,2,0.4054,2.16,0.205
deal.719,facebook,fake,4,523,17,4,16,0,0,0,0.375,8,0,0.1886,0.86,1.535
xx_7161862,facebook,fake,16,708,10,5,7,0,1,20,0.7,10,1,0.3999,1.9,5.372
amara_park,instagram,real,295,143,13,20,25,1,1,36,0.0,10,6,0.6717,16.34,5.715
kaisantos3,facebook,real,264,545,274,125,971,1,1,160,0.1,10,14,1.0,36.59,0.902
net32198,facebook,fake,53,758,93,4,45,0,1,30,0.625,8,3,0.4325,3.5,0.592
felix_vale2,twitter,real,52,255,52,114,701,1,1,76,0.0909,11,3,0.9913,5.68,1.141
felixdsouza,instagram,real,593,295,18,91,925,1,0,140,0.0,11,17,0.8333,88.17,0.689
real.4867386,instagram,fake,44,2118,22,2,12,0,0,28,0.5833,12,2,0.2365,10.65,9.736
amaramoreau,instagram,real,174,550,72,27,344,1,1,96,0.0,11,8,0.9364,63.79,0.55
meeranguyen,facebook,real,232,111,184,1,13,1,1,14,0.0,11,3,0.5417,3.38,0.734
noah.weiss2,facebook,real,238,75,278,69,451,1,1,156,0.0909,11,6,1.0,10.5,1.072
marco_santos98,twitter,real,111,173,21,147,182,1,1,41,0.1429,14,69,0.836,34.31,5.639
deal.new520469,facebook,fake,6,640,25,6,13,0,0,38,0.4286,14,1,0.2782,0.98,3.449
net.new6021,twitter,fake,217,2268,4,49,1353,1,1,140,0.3636,11,18,1.0,40.22,0.252
user_id33093,facebook,fake,13,772,53,27,664,1,0,21,0.4167,12,2,0.6556,1.23,0.281
clara.santos,facebook,real,372,233,684,140,1408,1,1,71,0.0,12,8,0.9815,48.19,0.698
followq70099,instagram,fake,15,1923,4,4,47,1,0,32,0.4167,12,1,0.4369,1.37,0.557
islaiyer,instagram,real,551,528,20,42,428,1,0,158,0.0,8,6,0.8333,180.64,0.679
noah.alvarez2,facebook,real,535,131,1139,51,220,1,1,126,0.0769,13,3,0.9338,8.69,1.608
aishabrook8,facebook,fake,6,335,9,25,381,1,0,44,0.0909,11,1,0.6963,3.77,0.465
anikasingh,facebook,real,85,197,139,263,649,1,1,101,0.0,10,3,1.0,42.95,2.834
real.5539,facebook,fake,4,651,5,5,26,1,0,19,0.4444,9,2,0.4059,0.41,1.405
official_5984116,facebook,fake,15,1031,28,1,16,1,0,6,0.4375,16,2,0.3578,4.84,0.45
xxdeal304814,facebook,fake,22,803,13,8,22,0,0,14,0.5,12,1,0.2417,2.01,2.698
net_q7079,instagram,fake,196,1947,3,1,8,0,0,30,0.4444,9,1,0.2385,7.85,1.027
elenaokoye96,instagram,real,742,248,13,577,225,1,0,7,0.1667,12,31,0.617,27.04,17.96
anika.khan91,facebook,real,431,165,323,220,318,1,1,66,0.1667,12,25,0.9483,18.21,4.837
luciakhan92,facebook,real,197,126,428,28,2844,1,0,83,0.1818,11,6,0.783,11.66,0.069
priya.dsouza93,facebook,real,399,225,413,107,752,1,1,22,0.1429,14,10,0.8783,242.86,0.992
meerapark,twitter,real,488,104,3,423,910,1,1,49,0.0,9,26,0.9356,4.6,3.251
freya_rao3,facebook,real,152,168,448,87,169,1,1,131,0.1,10,20,0.9105,25.01,3.612
aisha.khan,facebook,real,146,259,176,11,47,1,1,0,0.0,10,3,0.5685,6.77,1.682
lucia.brook,facebook,real,154,50,360,109,726,1,0,55,0.0,11,61,0.7816,48.47,1.049
marcosingh,twitter,real,1187,292,9,542,423,1,0,171,0.0,10,8,0.8333,12.72,8.976
noah.rao,facebook,real,68,85,419,6,10,1,0,92,0.0,8,4,0.5309,1.73,4.422
jonaspark,facebook,real,354,108,347,5,1086,0,1,1,0.0,9,20,0.5242,1.36,0.035
sienna_rao,instagram,real,192,97,28,192,4411,1,0,141,0.0,10,17,0.8333,128.69,0.305
dev.chen,facebook,real,44,241,176,51,418,1,1,188,0.0,8,26,1.0,5.93,0.85
marcohassan2,instagram,real,551,178,17,187,940,1,1,0,0.0833,12,34,0.8333,71.98,1.393
meera.hassan2,twitter,real,53,271,16,2223,333,1,0,36,0.0769,13,34,0.7268,44.84,40.0
win34342,instagram,fake,14,1845,12,6,30,0,0,17,0.625,8,1,0.2413,3.89,1.376
meera.rao,twitter,real,389,217,29,155,779,0,1,54,0.0,9,33,0.7802,17.33,1.39
felix.hassan,instagram,real,163,94,52,1193,2719,1,0,24,0.0,12,29,0.716,30.77,3.07
xx.946,facebook,fake,15,639,9,3,73,1,0,45,0.5,6,2,0.4756,0.98,0.327
deal.0769200,instagram,fake,17,791,11,40,603,1,0,9,0.5833,12,1,0.6864,0.82,0.466
maya_alvarez,facebook,real,323,145,187,134,398,0,0,27,0.0,12,24,0.5555,6.86,2.364
lucia.santos,twitter,real,731,292,11,331,1412,1,0,52,0.0,12,18,0.7753,14.03,1.643
noahnair,facebook,real,80,41,392,10,37,1,1,16,0.0,8,1,0.592,11.79,1.903
new_win9946,twitter,fake,3,1485,4,2,39,1,0,51,0.3636,11,3,0.466,1.8,0.37
meera.vale93,facebook,real,223,141,399,23,574,1,1,21,0.1667,12,21,0.8084,23.43,0.284
elena.chen,instagram,real,7010,212,32,18,2923,1,1,147,0.0,10,43,0.9103,84.91,0.044
siennanair3,twitter,real,424,204,5,13,708,1,1,5,0.0909,11,18,0.73,1.52,0.127
freya_hassan,facebook,real,134,109,362,9,28,1,0,0,0.0,12,4,0.384,5.05,2.271
leila_costa,facebook,real,35,122,327,22,539,1,1,65,0.0,11,6,0.8945,24.29,0.286
marco.okoye,instagram,real,239,223,57,2,513,1,1,16,0.0,11,11,0.7105,6.55,0.033
lucia_berg3,facebook,real,519,134,357,8,26,1,1,123,0.0909,11,4,0.7114,1.63,2.125
rohanberg95,instagram,real,614,129,36,10,23,1,1,140,0.1818,11,2,0.7175,10.46,2.944
samir_singh2,twitter,real,356,162,19,10,11,1,0,111,0.0833,12,2,0.5468,0.71,6.375
bot_deal241952,twitter,fake,6,1248,5,2,37,1,0,0,0.4286,14,2,0.3592,2.97,0.405
net.user0877679,instagram,fake,27,2863,4,1,13,1,1,20,0.4667,15,1,0.5527,3.44,0.604
ravi.moreau2,instagram,real,630,341,34,38,2955,1,1,57,0.0833,12,18,0.9412,188.33,0.089
follownet234981,instagram,fake,18,918,18,17,997,1,0,26,0.4,15,4,0.6248,1.68,0.121
user_win497,instagram,fake,12,480,5,1,109,1,0,0,0.2727,11,1,0.3873,1.46,0.064
luciarao1,facebook,fake,13,866,65,24,26,1,1,9,0.1111,9,2,0.6298,1.49,6.462
nina.dsouza,facebook,real,58,134,175,111,568,1,1,123,0.0,11,16,1.0,60.87,1.366
deal.bot9896371,instagram,fake,4,883,3,16,5,0,0,34,0.4667,15,1,0.3057,1.52,21.919
newuser892,instagram,fake,5,1144,5,2,51,0,0,0,0.3,10,3,0.1996,2.5,0.317
leo_khan2,twitter,real,142,198,4,19,15,1,0,63,0.1111,9,0,0.5495,4.55,8.846
amara.brook,instagram,real,2246,193,12,571,1705,1,0,126,0.0,11,9,0.8333,32.53,2.346
marco.hassan,instagram,real,398,165,19,5,1503,1,0,3,0.0,12,6,0.5292,4.03,0.025
newfollow4645158,facebook,fake,8,944,40,16,442,1,0,36,0.4375,16,0,0.6423,1.44,0.257
felix_dsouza,twitter,real,180,570,4,13,43,1,1,0,0.0,12,1,0.5753,1.96,2.175
followwin244,twitter,fake,11,1481,2,3,10,1,1,1,0.25,12,1,0.5187,3.25,1.866
accpromo602150,instagram,fake,38,1124,34,1,5,1,0,0,0.4286,14,1,0.3401,2.59,1.389
leokade,facebook,real,63,147,570,79,683,1,0,116,0.0,7,16,0.8333,28.67,0.813
hugonguyen,twitter,real,173,83,9,245,440,1,0,150,0.0,10,9,0.8333,3.88,3.905
aisha_park2,instagram,real,537,103,29,299,954,1,1,7,0.0909,11,9,0.8475,78.01,2.197
leo.khan,facebook,real,15,141,403,48,498,1,1,90,0.0,8,6,1.0,17.3,0.676
clara_singh,facebook,real,45,167,189,3,32,1,1,136,0.0,11,2,0.6927,10.21,0.602
follow8683907,instagram,fake,12,1371,4,3,19,0,0,12,0.5385,13,1,0.2117,3.66,14.662
isla.okoye2,facebook,real,932,126,289,112,370,1,1,61,0.0909,11,8,0.9596,56.69,2.123
isla_nguyen,facebook,real,88,279,579,6,12,1,1,112,0.0,11,2,0.6989,15.12,3.747
mayakade2,instagram,real,2485,191,4,61,428,1,1,158,0.1111,9,8,1.0,31.37,0.999
theomoreau95,instagram,real,374,753,26,53,452,0,1,140,0.1667,12,52,0.8333,20.74,0.827
theo.dsouza92,twitter,real,296,434,15,365,677,1,1,93,0.1538,13,12,1.0,16.74,3.778
jonasalvarez,instagram,real,4742,218,25,81,1050,1,1,51,0.0,12,22,0.94,31.4,0.541
mayaalvarez2,facebook,real,118,168,716,111,166,1,1,16,0.0833,12,28,0.7752,11.43,4.688
q_q534472,instagram,fake,141,3359,8,53,79,1,0,126,0.6667,9,3,0.7027,32.11,4.689
official.id72311,facebook,fake,363,738,20,55,1112,1,0,142,0.3125,16,11,0.8333,15.53,0.347
marco_dsouza,instagram,real,380,191,17,148,342,1,1,122,0.0,12,15,0.9895,46.14,3.036
follow_q901,facebook,fake,16,2433,15,4,3,0,0,0,0.2727,11,0,0.185,4.1,9.494
freyakade2,instagram,real,106,281,55,15,24,1,1,15,0.1,10,2,0.6044,5.94,4.414
promotmp1154,instagram,fake,6,1287,0,2,17,1,0,4,0.3333,12,1,0.358,1.91,0.931
idacc191,instagram,fake,30,1161,5,6,35,0,1,25,0.375,8,2,0.4256,1.88,1.138
acc_29773,facebook,fake,16,558,12,9,25,0,0,22,0.5556,9,1,0.261,4.43,2.514
zara_okoye,instagram,real,581,581,26,269,677,1,0,104,0.0,10,8,0.8333,48.81,2.782
marcoberg,facebook,real,233,241,864,115,768,1,1,112,0.0,9,5,1.0,9.55,1.051
aditya_vale,facebook,real,241,239,342,127,220,1,1,146,0.0,11,21,0.9338,18.28,4.035
lucia.iyer2,facebook,real,619,158,165,107,1509,1,1,90,0.0909,11,9,1.0,23.95,0.498
aditya_khan2,facebook,real,21,199,909,116,676,1,1,15,0.0833,12,10,0.8654,18.87,1.204
follow922297,instagram,fake,9,2689,4,3,11,0,0,24,0.5,12,5,0.2356,7.88,2.051
real.user908332,instagram,fake,9,1373,7,21,1963,1,1,28,0.4,15,2,0.813,4.24,0.075
freya.moreau2,facebook,real,40,105,373,64,808,1,1,164,0.0769,13,26,1.0,91.84,0.553
zara_okoye2,instagram,real,128,498,15,8,641,1,1,24,0.0909,11,25,0.7503,5.25,0.088
new_q128713,facebook,fake,55,793,14,17,752,1,0,0,0.5455,11,1,0.5688,3.55,0.154
leila.brook,instagram,real,1076,152,51,12,391,1,1,123,0.0,11,26,0.8835,31.93,0.216
elenanair1,twitter,fake,4,597,5,11,40,0,0,30,0.1,10,1,0.2955,2.21,1.981
samir.chen,facebook,real,167,96,358,60,970,1,1,41,0.0,10,17,0.9189,26.3,0.435
priya_rao2,twitter,real,1024,82,20,472,319,1,0,63,0.1,10,29,0.7777,27.52,10.358
meera_park90,twitter,real,64,234,10,14,235,1,1,9,0.1667,12,20,0.6841,0.63,0.413
rohan.nair,twitter,real,114,150,8,117,822,1,0,52,0.0,10,16,0.7746,22.47,0.997
id_acc275,instagram,fake,52,875,1,2,12,0,0,37,0.3333,9,0,0.2566,1.98,1.108
tmp.6926,instagram,fake,658,1950,2,80,50,1,1,61,0.5,8,12,0.8167,33.5,11.159
follow_0403,instagram,fake,31,2587,4,2,19,0,0,23,0.3636,11,1,0.2291,4.85,0.605
real_5301,facebook,fake,2,1505,5,2,89,1,0,31,0.4444,9,2,0.4456,1.78,0.121
tmp585,facebook,fake,427,933,5,31,452,1,0,68,0.5,6,3,0.7698,24.82,0.475
leobrook96,instagram,real,635,282,34,119,354,1,1,141,0.2,10,21,0.995,38.19,2.359
arjuniyer5,instagram,fake,23,1098,9,1,15,0,0,81,0.1,10,1,0.3435,8.21,0.367
amarasantos2,facebook,real,954,99,1221,14,20,1,1,17,0.0833,12,8,0.6039,6.25,4.915
marco_alvarez,facebook,real,340,125,238,104,2163,1,0,35,0.0,13,9,0.7396,9.35,0.336
leo.iyer982,instagram,real,224,281,68,44,264,1,1,56,0.2727,11,15,0.9031,17.02,1.154
tmp_new68451,twitter,fake,6,2235,2,39,22,0,0,21,0.4167,12,1,0.383,2.4,12.373
freyaokoye,instagram,real,1346,288,33,63,239,1,0,85,0.0,10,7,0.7758,24.22,1.834
isla_berg,facebook,real,172,121,336,184,837,1,1,68,0.0,9,11,0.9743,30.78,1.539
leilahassan7,facebook,fake,8,1085,23,5,32,1,0,9,0.0833,12,1,0.3887,2.61,1.176
bot.user684285,instagram,fake,13,2399,11,19,43,0,0,4,0.4286,14,1,0.2715,2.65,3.041
dev_nguyen,instagram,real,403,331,52,579,499,1,0,73,0.0,10,6,0.8179,28.7,8.118
follow_real930,instagram,fake,3,1047,2,4,6,0,0,12,0.2143,14,0,0.21,4.88,4.314
siennahassan2,facebook,real,126,75,203,82,828,1,0,33,0.0769,13,13,0.7357,5.32,0.693
kainguyen2,twitter,real,134,119,23,654,667,1,1,75,0.1,10,6,0.9896,12.01,6.865
isla.santos2,facebook,real,126,127,447,81,1191,1,1,109,0.0833,12,17,1.0,21.37,0.474
aishaokoye,instagram,real,1965,138,28,68,1029,1,1,55,0.0,10,15,0.9478,67.31,0.46
anika_alvarez,instagram,real,1024,263,27,30,902,1,0,69,0.0,13,13,0.7714,43.99,0.236
hugo_park2,instagram,real,147,612,37,165,239,1,0,112,0.1,10,16,0.7758,54.53,4.82
bot.net5685,facebook,fake,15,657,6,1,102,0,1,39,0.3636,11,1,0.4637,5.27,0.036
follow.bot841878,facebook,fake,10,659,19,5,22,0,0,3,0.375,16,1,0.2027,1.54,1.474
official.36548,facebook,fake,10,1090,17,10,6,0,0,23,0.3571,14,2,0.2606,6.85,12.15
new.2358334,facebook,fake,33,1138,29,5,8,0,0,50,0.6364,11,1,0.2937,1.23,4.11
rohan_kade,facebook,real,119,111,322,18,15,1,1,85,0.0,10,3,0.747,7.63,8.226
marcobrook6,facebook,fake,15,1028,78,22,1007,1,0,42,0.0909,11,3,0.6802,2.1,0.156
maya_berg,instagram,real,1462,87,42,19,13,1,1,70,0.0,9,3,0.7293,15.21,10.089
felix_iyer3,facebook,real,81,259,386,24,423,1,0,99,0.0909,11,53,0.7686,18.39,0.405
elena.iyer2,instagram,real,2723,62,27,165,1903,1,1,95,0.0909,11,4,1.0,42.55,0.606
q_win6282,facebook,fake,216,1603,10,44,22,1,0,44,0.4444,9,6,0.6007,13.93,13.899
follow.70481,twitter,fake,7,1386,3,6,7,1,0,12,0.4167,12,1,0.3841,0.61,5.786
freya_brook2,twitter,real,745,290,40,321,771,1,0,134,0.0833,12,11,0.8333,25.54,2.91
realofficial3302580,facebook,fake,11,306,43,3,110,0,1,24,0.3684,19,1,0.3389,3.11,0.193
anika_costa,facebook,real,292,118,232,198,779,1,0,116,0.0,11,15,0.8333,17.96,1.781
arjunberg,instagram,real,156,99,36,135,662,1,1,119,0.0,9,31,1.0,84.75,1.424
adityabrook5,facebook,fake,6,539,24,4,4,1,0,10,0.0833,12,1,0.3715,1.37,5.07
net_q33589,instagram,fake,12,1520,5,3,28,0,0,18,0.5,10,2,0.2305,6.22,0.803
ninacosta5,instagram,real,357,306,54,380,542,1,1,18,0.1,10,4,0.8717,56.77,4.911
hugo_hassan,twitter,real,107,204,18,106,1964,1,1,81,0.0,11,11,1.0,24.1,0.377
maya_santos,instagram,real,1156,180,29,168,710,1,1,56,0.0,11,22,0.9502,72.02,1.653
kaikhan2,facebook,real,62,264,436,138,1063,0,1,96,0.125,8,6,0.8333,8.3,0.911
samir_moreau99,facebook,real,180,195,281,131,415,1,0,0,0.1429,14,17,0.6667,94.36,2.201
kaialvarez,facebook,real,454,53,1123,19,13,1,1,73,0.0,10,8,0.7373,21.26,10.285
clara_hassan,instagram,real,355,486,36,7,846,1,1,4,0.0,12,3,0.7045,7.96,0.058
noah.dsouza,facebook,real,76,118,288,56,827,1,1,120,0.0,11,13,1.0,60.48,0.474
arjunokoye,facebook,real,211,44,379,86,269,0,1,90,0.0,10,2,0.7895,23.52,2.238
aishachen,instagram,real,522,307,21,205,155,1,1,26,0.0,9,3,0.7915,27.89,9.262
nina.dsouza2,facebook,real,102,115,660,51,2783,1,1,53,0.0833,12,20,0.9436,161.14,0.128
hugopark4,instagram,fake,13,652,12,2,31,0,0,36,0.1111,9,3,0.2636,0.59,0.384
priyarao8,twitter,fake,16,1981,15,12,12,1,0,0,0.1111,9,4,0.387,1.16,7.103
official.885,facebook,fake,15,1594,14,8,8,0,1,25,0.25,12,1,0.4222,0.71,6.774
freyaiyer,twitter,real,460,214,9,112,583,0,1,83,0.0,9,12,0.8333,48.21,1.347
felix.khan,twitter,real,1183,49,18,119,239,1,0,89,0.0,10,20,0.7758,9.13,3.499
islachen,instagram,real,1851,429,62,195,1688,1,1,45,0.0,8,11,0.9264,185.3,0.808
noahiyer,instagram,real,193,260,25,93,1402,1,0,117,0.0,8,11,0.8333,36.85,0.466
new.782079,instagram,fake,54,930,21,3,25,1,0,43,0.6,10,1,0.4455,0.69,0.71
id_bot510,facebook,fake,194,648,7,38,1238,1,1,40,0.3333,9,1,0.9076,38.11,0.215
follow_1464150,twitter,fake,2,529,9,3,16,1,0,42,0.5,14,1,0.4402,3.53,1.353
isla.rao2,instagram,real,1253,148,34,6,35,1,1,11,0.1111,9,7,0.5622,10.44,1.119
net_id4859,facebook,fake,8,986,20,7,18,0,0,49,0.4,10,1,0.3057,1.95,9.371
leilavale,instagram,real,372,190,16,380,775,1,0,15,0.0,9,20,0.6982,13.54,3.431
tmpbot95037,twitter,fake,296,1090,5,39,934,1,1,134,0.4545,11,5,0.9945,9.05,0.29
user.963,instagram,fake,14,2075,9,2,62,0,0,0,0.375,8,3,0.2034,1.7,0.227
marconair,instagram,real,436,170,62,191,1802,1,0,149,0.0,9,20,0.8333,79.17,0.741
felixberg6,instagram,fake,554,826,2,52,10,1,0,45,0.1,10,5,0.5988,28.53,4.147
q.deal96192,facebook,fake,22,615,52,1,18,0,0,9,0.4545,11,6,0.1969,1.49,0.354
dealnew971252,twitter,fake,4,689,4,20,15,1,0,9,0.4615,13,2,0.4435,2.29,4.145
rohan.nair2,instagram,real,650,287,24,23,1030,1,1,116,0.0909,11,52,0.9304,27.61,0.158
follow_q596,twitter,fake,13,1738,17,31,35,1,0,38,0.2727,11,0,0.5582,1.35,6.268
win.238300,instagram,fake,342,1480,2,59,41,1,1,145,0.6,10,2,0.8521,28.6,10.109
win_id1476556,twitter,fake,257,1699,5,81,119,1,1,56,0.5385,13,17,0.8373,33.11,4.793
omarokoye2,instagram,real,7773,99,83,17,175,1,0,201,0.1,10,11,0.6498,86.55,0.671
isla.nguyen2,twitter,real,663,256,11,37,129,1,0,92,0.0833,12,30,0.7116,20.56,1.989
sienna_hassan,instagram,real,634,361,9,20,1847,1,0,79,0.0,13,11,0.7493,257.69,0.077
devvale3,facebook,fake,16,342,22,5,30,0,0,0,0.125,8,1,0.2019,2.33,1.207
anikanguyen,instagram,real,803,272,16,250,295,1,0,92,0.0,11,24,0.8014,7.81,5.936
nina.berg,twitter,real,418,407,36,14,14,0,1,82,0.0,9,5,0.5659,1.19,7.139
ravialvarez2,instagram,real,789,156,30,11,32,1,0,91,0.0833,12,3,0.5585,5.29,2.306
tmp.acc522125,twitter,fake,137,1051,5,74,10,1,0,118,0.4615,13,13,0.6712,37.48,7.137
siennanair4,instagram,real,741,220,81,51,844,1,0,69,0.0909,11,13,0.8096,66.38,0.42
follow.new97367,twitter,fake,56,1091,2,12,116,0,0,43,0.3333,15,0,0.3587,1.17,0.72
deal.489885,instagram,fake,135,921,8,2,17,1,0,0,0.5455,11,2,0.3474,13.15,14.478
bot_8568625,facebook,fake,393,844,13,72,1962,1,1,124,0.6364,11,4,1.0,21.04,0.255
q29653,twitter,fake,70,731,24,12,12,1,0,16,0.8333,6,2,0.423,1.0,7.102
bot_109283,twitter,fake,4,1055,4,27,1940,1,0,11,0.6,10,1,0.6353,0.64,0.097
marco.singh98,twitter,real,251,309,3,284,718,1,0,100,0.1538,13,8,0.8333,46.71,2.77
aishanair1,instagram,fake,355,906,9,63,10,1,0,122,0.1,10,8,0.6712,21.76,40.0
hugovale,facebook,real,175,94,460,5,17,1,1,68,0.0,8,5,0.6697,3.89,2.06
arjunchen94,instagram,real,1664,219,14,77,402,1,1,108,0.1818,11,29,1.0,52.43,1.333
win.net759,instagram,fake,46,2300,13,1,16,1,0,23,0.3,10,1,0.3931,3.33,14.948
arjunalvarez,facebook,real,37,104,333,2,962,1,1,18,0.0,12,9,0.714,2.25,0.016
jonas.dsouza,instagram,real,1638,180,15,3,422,1,1,9,0.0,12,3,0.6995,4.69,0.056
clara_moreau2,facebook,real,114,367,382,46,1202,1,0,48,0.0769,13,7,0.766,28.4,0.267
id_102,twitter,fake,15,1318,13,1,38,0,0,30,0.5,6,2,0.2484,1.4,0.097
tmp.09917,twitter,fake,3,1570,8,1,31,0,0,19,0.5556,9,3,0.2255,1.73,0.295
kaialvarez2,instagram,real,206,333,14,18,43,1,1,147,0.0909,11,4,0.763,11.55,2.997
acc45848,twitter,fake,9,1106,2,5,58,0,0,23,0.625,8,3,0.2635,1.82,0.637
noahsingh,twitter,real,277,139,17,132,677,0,1,0,0.0,9,21,0.6667,4.83,1.367
ravisantos,facebook,real,196,246,416,185,281,1,0,64,0.0,10,25,0.7625,24.97,4.617
marco_iyer,facebook,real,60,98,390,462,726,1,1,81,0.0,10,45,1.0,16.76,4.455
leila.hassan,instagram,real,909,112,23,206,1910,1,0,68,0.0,12,13,0.808,22.92,0.756
samirnguyen,facebook,real,530,234,547,5,524,1,1,9,0.0,11,8,0.7043,1.53,0.061
freya_costa,instagram,real,961,245,21,310,4170,1,1,92,0.0,11,9,1.0,13.74,0.52
noahdsouza22,twitter,fake,62,1445,4,7,100,1,0,24,0.1667,12,2,0.4585,1.94,0.504
amara.hassan3,facebook,real,78,151,198,12,46,1,1,105,0.0769,13,5,0.7379,6.36,1.834
arjun_moreau,facebook,real,138,110,282,34,868,1,1,0,0.0,12,16,0.8087,11.87,0.275
ravi_okoye2,instagram,real,190,353,37,9,848,1,1,6,0.0909,11,4,0.7141,3.18,0.071
priyachen8,facebook,fake,508,1153,36,77,31,1,1,51,0.1,10,7,0.7871,36.25,17.461
user_71073,instagram,fake,6,2135,4,7,20,0,0,42,0.5,10,1,0.2914,1.98,2.377
official_6317,twitter,fake,376,1253,3,41,2064,1,0,148,0.3077,13,10,0.8333,16.47,0.139
felix_weiss,twitter,real,134,198,8,674,184,0,0,109,0.0,11,6,0.584,8.56,25.639
amara_alvarez,instagram,real,1660,257,34,36,1388,1,1,119,0.0,13,15,0.9821,116.32,0.18
newofficial297,twitter,fake,6,760,2,3,16,1,0,32,0.2143,14,2,0.4211,2.29,7.364
q.acc71847,facebook,fake,4,707,16,15,1803,1,0,3,0.5,10,1,0.5666,1.9,0.057
net_677,instagram,fake,262,1672,19,51,7,1,1,120,0.4286,7,15,0.8365,7.67,11.675
isla_brook91,facebook,real,57,147,676,8,19,1,1,28,0.1667,12,8,0.5997,14.41,2.957
samir_nair,instagram,real,622,232,17,7,965,1,0,21,0.0,10,26,0.5746,3.0,0.054
deal.new1629314,twitter,fake,13,616,2,6,14,0,0,0,0.4667,15,1,0.1981,0.86,2.999
samir.kade,facebook,real,90,548,256,92,293,1,1,82,0.0,10,23,0.9671,4.85,2.189
hugo_santos,instagram,real,440,350,19,211,1002,1,0,84,0.0,11,27,0.8333,20.2,1.476
leila_berg2,twitter,real,245,138,8,301,1186,1,1,121,0.0909,11,35,1.0,17.4,1.779
theokade5,instagram,fake,38,1148,4,4,45,0,0,3,0.1111,9,1,0.209,4.37,0.594
devkade2,facebook,real,315,578,237,1,6,1,0,11,0.125,8,5,0.3627,1.5,0.768
kairao5,facebook,fake,2,910,60,13,19,0,1,49,0.1429,7,1,0.5004,3.18,8.062
bot2970,facebook,fake,29,990,23,4,39,0,0,13,0.5714,7,1,0.2292,2.97,0.759
ravi.moreau3,instagram,real,364,237,40,48,292,1,0,153,0.0833,12,30,0.8,28.94,1.162
sienna_berg,instagram,real,597,162,15,55,1464,1,0,130,0.0,11,5,0.8333,54.64,0.263
new.17292,facebook,fake,16,1030,5,7,73,0,1,0,0.5556,9,2,0.395,1.32,0.652
priyahassan,facebook,real,305,108,166,7,53,1,1,0,0.0,11,4,0.5526,1.66,0.9
theo_hassan,facebook,real,149,89,151,79,1485,1,1,143,0.0,11,9,1.0,15.07,0.371
elena.berg,instagram,real,769,142,10,106,569,1,0,97,0.0,10,25,0.8333,56.48,1.3
omar.weiss,instagram,real,482,258,43,45,394,1,1,71,0.0,10,15,0.9808,17.67,0.806
xx_5587307,instagram,fake,68,2120,5,3,20,1,0,0,0.7,10,1,0.3537,1.31,0.942
qacc966105,twitter,fake,10,1215,3,41,1217,1,0,33,0.6,10,1,0.7351,2.08,0.237
officialxx5292637,facebook,fake,449,826,13,64,74,1,1,146,0.4118,17,4,0.8671,14.6,6.042
hugo_rao,twitter,real,80,618,9,23,15,0,0,79,0.0,8,1,0.433,2.57,10.627
claraweiss1,facebook,fake,57,649,24,1,43,0,0,0,0.0909,11,2,0.1921,1.54,0.225
xx_id324,facebook,fake,3,818,6,14,70,0,0,8,0.375,8,1,0.2739,1.24,1.387
user_q929664,instagram,fake,62,2606,15,5,15,1,0,49,0.5,12,6,0.4645,14.03,17.583
rohandsouza2,facebook,real,412,181,573,50,1280,1,1,65,0.0833,12,4,0.9693,66.92,0.273
kaipark,facebook,real,65,109,389,130,1222,0,1,84,0.0,7,45,0.8333,50.95,0.742
zaranguyen,instagram,real,2292,82,45,13,1033,1,0,7,0.0,10,18,0.5685,1.55,0.087
official41461,facebook,fake,22,1098,23,5,24,0,0,36,0.3846,13,2,0.2736,3.98,1.464
follow0885632,instagram,fake,4,661,9,4,16,1,0,67,0.5385,13,1,0.4944,3.12,5.711
kaikhan3,instagram,real,131,319,81,53,925,1,1,64,0.125,8,27,0.967,197.49,0.399
noahweiss,instagram,real,4203,1124,9,46,679,1,1,71,0.0,9,20,0.9809,119.52,0.477
promo_official8291,instagram,fake,24,1558,17,2,4,0,1,28,0.2222,18,2,0.4017,6.68,3.05
xx.promo767,facebook,fake,242,1074,7,64,11,1,1,87,0.2727,11,14,0.8384,20.45,12.147
hugo.khan,facebook,real,92,114,672,26,260,1,1,90,0.0,9,15,0.8931,46.84,0.696
clara_berg,facebook,real,235,309,845,156,474,1,0,125,0.0,10,14,0.8333,96.0,2.303
noah_weiss2,facebook,real,613,69,140,97,356,1,1,79,0.0909,11,13,0.9934,7.17,1.9
win.343,instagram,fake,13,2383,18,2,7,0,1,41,0.4286,7,2,0.4318,2.05,16.222
siennachen,instagram,real,266,1551,15,34,838,1,0,93,0.0,10,18,0.809,88.24,0.285
anika_vale,facebook,real,51,77,141,6,272,1,1,4,0.0,10,56,0.6581,1.42,0.163
leo.chen,facebook,real,134,469,557,76,3034,1,1,31,0.0,8,7,0.8989,14.74,0.175
arjunpark,twitter,real,822,253,8,161,320,1,0,146,0.0,9,12,0.8128,16.34,3.524
anika_rao,instagram,real,7984,96,26,158,1113,1,1,66,0.0,9,28,0.9717,20.64,0.992
deal.official671,facebook,fake,21,592,43,1,12,1,0,0,0.1875,16,2,0.3417,0.51,0.403
felix_park,facebook,real,269,136,235,14,425,1,1,10,0.0,10,12,0.7443,5.37,0.224
zarabrook8,facebook,fake,236,729,25,58,44,1,1,40,0.1,10,9,0.7702,29.83,9.271
arjun.vale,facebook,real,131,227,274,5,45,1,1,86,0.0,10,2,0.7072,16.22,0.748
arjun_park,twitter,real,126,228,30,108,264,1,1,70,0.0,10,61,0.9334,4.83,2.855
claranair,twitter,real,939,683,28,942,1765,1,0,71,0.0,9,23,0.8145,2.02,3.734
newq887,facebook,fake,10,1050,48,4,75,0,0,14,0.4286,7,3,0.2491,2.03,0.419
theokade,instagram,real,201,206,25,113,741,1,0,84,0.0,8,11,0.8333,89.86,1.07
noahberg8,instagram,fake,605,2246,2,41,6,1,1,110,0.1111,9,7,0.8361,14.1,17.011
id0192,facebook,fake,5,667,14,4,50,1,1,0,0.6667,6,0,0.5394,2.0,0.555
priya.vale2,facebook,real,250,99,466,23,255,1,0,14,0.0909,11,18,0.5754,31.88,0.63
tmp.668,twitter,fake,3,1171,8,15,11,1,1,43,0.4286,7,1,0.6597,1.72,9.834
tmp_5281,twitter,fake,2,622,3,4,22,1,0,36,0.5,8,1,0.4341,0.91,1.213
ravi_vale,instagram,real,2501,524,64,534,1742,1,0,95,0.0,9,12,0.8333,64.29,2.146
jonas_moreau2,facebook,real,391,142,507,84,794,1,1,62,0.0769,13,8,0.9619,55.11,0.737
nina.nair,facebook,real,347,244,536,14,36,1,0,116,0.0,9,3,0.5738,8.83,2.679
kai.khan,instagram,real,168,241,25,9,10,1,1,66,0.0,8,2,0.6795,50.16,6.452
jonas_hassan,facebook,real,191,210,824,10,308,1,1,17,0.0,12,65,0.719,1.57,0.233
aishaokoye2,twitter,real,91,166,16,366,517,1,0,140,0.0909,11,32,0.8333,9.11,4.949
real_deal270370,instagram,fake,12,1170,11,4,22,1,0,1,0.4,15,1,0.3627,0.73,1.314
official_official9199,twitter,fake,10,418,1,83,1511,1,0,4,0.1905,21,1,0.5675,2.7,0.385
official.04774,instagram,fake,36,632,7,2,23,0,0,0,0.3571,14,1,0.1875,6.25,0.755
isla_hassan96,instagram,real,1177,164,9,8,1666,1,1,5,0.1538,13,55,0.7101,2.18,0.034
isla_okoye2,instagram,real,1371,123,46,29,988,1,1,78,0.0909,11,38,0.9497,74.27,0.205
user.acc563102,facebook,fake,3,2568,6,1,55,0,1,61,0.4286,14,3,0.4896,1.98,0.126
noah_nair,facebook,real,72,76,503,596,1375,1,1,75,0.0,9,14,0.9899,2.02,3.033
jonas.berg,instagram,real,432,118,18,51,830,1,0,33,0.0,10,10,0.7344,29.34,0.429
hugo.costa2,instagram,real,181,80,75,309,1081,1,0,32,0.0909,11,18,0.7324,20.31,2.003
nina.hassan,instagram,real,1149,492,29,199,243,1,1,96,0.0,11,8,0.9443,33.0,5.731
win_net224,facebook,fake,29,1290,38,1,11,1,0,28,0.3,10,1,0.3999,3.22,0.572
tmp.q0916,facebook,fake,23,950,31,1,7,0,0,42,0.4444,9,4,0.2628,1.04,7.111
deal_deal0307654,facebook,fake,336,1612,35,68,8,1,1,76,0.4375,16,7,0.8284,27.28,40.0
priya_dsouza,twitter,real,3054,121,5,63,1093,1,1,103,0.0,12,23,1.0,18.41,0.404
acc.22526,facebook,fake,7,432,12,1,13,0,0,22,0.5556,9,2,0.2225,3.0,0.528
idq8167144,twitter,fake,216,1254,8,48,18,1,0,51,0.7,10,15,0.6139,33.47,18.779
amarapark,facebook,real,706,135,191,8,21,1,1,190,0.0,9,1,0.7116,3.74,2.829
tmp_0197099,instagram,fake,26,1173,20,3,90,1,0,49,0.6364,11,6,0.4904,6.89,0.254
isla.singh,facebook,real,477,157,244,148,532,1,1,60,0.0,10,12,0.9589,30.54,1.943
noah.singh,instagram,real,871,70,91,5,1175,1,0,11,0.0,10,7,0.5421,10.86,0.028
net_bot3870,facebook,fake,308,1651,18,53,8,1,1,117,0.3636,11,17,0.837,28.95,17.318
theo.moreau2,twitter,real,335,336,26,383,1163,1,1,103,0.0833,12,45,1.0,10.78,2.308
ravikade,facebook,real,914,137,173,9,90,1,0,141,0.0,8,21,0.5798,32.05,0.723
arjun.khan2,twitter,real,1991,93,80,4,998,1,1,19,0.0909,11,10,0.7216,3.01,0.026
arjunbrook97,instagram,real,411,252,26,177,1123,1,1,127,0.1667,12,12,1.0,360.69,1.105
anika_brook,facebook,real,32,94,161,53,1561,1,1,70,0.0,11,12,0.9798,4.19,0.239
arjun_chen,facebook,real,518,40,419,55,632,1,0,145,0.0,10,21,0.8333,21.2,0.612
q.q166,instagram,fake,385,865,6,22,17,1,1,122,0.5,6,13,0.7681,31.55,11.079
real.official408592,facebook,fake,484,674,36,43,19,1,0,101,0.3158,19,3,0.567,30.2,15.888
win.5515,twitter,fake,15,1925,6,5,123,0,0,56,0.5,8,2,0.3588,2.42,0.278
zara.alvarez,instagram,real,363,205,50,49,394,1,1,149,0.0,12,11,1.0,71.1,0.872
theo_chen91,instagram,real,305,220,29,12,1718,1,1,21,0.1818,11,31,0.758,3.91,0.047
arjun.okoye,facebook,real,171,93,506,7,820,1,1,3,0.0,11,8,0.7005,1.55,0.057
anikaweiss,instagram,real,456,827,68,4,48,1,1,169,0.0,10,3,0.7055,12.62,0.593
zarachen,facebook,real,348,285,617,57,871,1,1,77,0.0,8,26,0.9935,40.84,0.46
elena.moreau,twitter,real,42,87,13,96,935,0,1,145,0.0,12,9,0.8333,6.56,0.72
iddeal821522,twitter,fake,363,743,7,35,13,1,0,104,0.5,12,13,0.651,9.39,5.944
noahhassan,facebook,real,116,145,445,100,980,1,1,75,0.0,10,26,0.99,22.59,0.717
official76387,instagram,fake,8,2153,17,3,76,0,0,38,0.3846,13,1,0.295,6.51,0.322
aishabrook97,facebook,real,202,83,475,114,826,1,1,0,0.1667,12,54,0.8333,56.38,0.97
follownew41969,instagram,fake,85,1988,5,5,31,0,0,6,0.3571,14,2,0.214,2.44,1.145
islarao,instagram,real,2039,95,34,51,737,1,0,102,0.0,7,19,0.8333,178.98,0.488
official28740,facebook,fake,359,564,22,59,21,1,1,68,0.3846,13,6,0.817,31.7,19.772
meera_moreau,instagram,real,3013,409,32,477,149,1,1,33,0.0,12,7,0.8039,124.65,22.406
promo_net142,instagram,fake,19,1291,6,5,6,0,1,22,0.25,12,1,0.4047,3.71,16.535
rohan_nair,instagram,real,282,169,17,250,1384,1,0,0,0.0,10,17,0.6667,87.72,1.264
follow.542,instagram,fake,7,1551,2,2,15,1,0,41,0.3,10,2,0.4336,3.85,17.014
meerarao5,facebook,fake,12,221,17,2,7,1,0,9,0.1111,9,4,0.3654,4.29,2.481
win_real5421,facebook,fake,23,651,19,20,1574,1,0,25,0.3333,12,2,0.6347,0.97,0.089
new_promo5918401,twitter,fake,348,1459,3,85,11,1,1,98,0.4375,16,12,0.8384,9.56,40.0
kai_iyer,instagram,real,1032,546,20,142,1353,1,0,92,0.0,8,19,0.8333,130.05,0.732
islaberg2,instagram,real,126,422,135,75,451,1,0,73,0.1111,9,12,0.8196,40.67,1.172
felixsingh8,instagram,fake,30,1489,4,1,16,0,0,30,0.0909,11,2,0.2395,5.24,0.367
lucianair6,twitter,fake,5,1888,4,11,1327,1,0,27,0.1,10,0,0.6039,2.46,0.06
winnet254,twitter,fake,683,9029,3,33,25,1,0,74,0.3333,9,2,0.6373,14.56,9.333
zara_singh,facebook,real,192,92,624,8,39,1,1,110,0.0,10,8,0.7184,3.12,1.462
clara_moreau3,twitter,real,528,318,14,79,589,1,1,79,0.0769,13,31,0.9969,46.53,0.938
tmp85689,facebook,fake,3,452,8,35,1467,1,0,33,0.625,8,1,0.7162,1.49,0.168
omar.khan,facebook,real,124,135,291,6,13,1,1,81,0.0,9,2,0.6975,16.34,3.217
promo.1563,instagram,fake,18,1784,5,7,31,0,0,7,0.4,10,1,0.2222,2.2,1.494
hugorao,facebook,real,354,91,168,25,1295,1,1,102,0.0,7,14,0.9372,18.49,0.135
leila.alvarez,twitter,real,141,209,58,407,491,1,0,101,0.0,13,17,0.8333,22.15,5.799
freya.vale2,twitter,real,104,223,14,19,42,1,0,52,0.0909,11,2,0.5385,3.78,3.093
rohan_kade2,instagram,real,266,219,10,41,614,1,1,86,0.0909,11,68,1.0,45.38,0.469
id_338,facebook,fake,69,1135,15,5,27,1,0,64,0.5,6,3,0.4984,0.68,1.271
anika_singh2,facebook,real,162,139,168,2,51,1,1,182,0.0833,12,3,0.6988,0.6,0.292
acc192,instagram,fake,45,1435,11,1,49,1,0,16,0.5,6,1,0.3936,1.84,0.187
hugomoreau1,facebook,fake,66,235,15,3,14,1,0,44,0.0909,11,2,0.444,2.52,1.399
acc.278683,instagram,fake,25,886,5,3,16,0,0,18,0.6,10,2,0.2232,4.87,1.131
priya.okoye,twitter,real,466,450,3,1113,1359,0,0,84,0.0,11,2,0.6667,7.05,5.735
official_real933332,facebook,fake,12,732,24,8,220,1,0,45,0.3158,19,2,0.4524,0.58,0.254
samir.okoye3,facebook,real,126,237,281,21,784,1,1,121,0.0833,12,17,0.9208,101.19,0.188
priyachen6,twitter,fake,2,404,5,0,33,0,1,26,0.1,10,1,0.4038,0.7,0.104
lucia.park2,facebook,real,242,69,278,56,584,1,1,23,0.0909,11,24,0.8817,12.59,0.667
marconguyen,twitter,real,201,69,14,1474,189,1,0,50,0.0,11,14,0.6903,11.96,40.0
amaradsouza,twitter,real,794,299,4,93,762,1,1,103,0.0,11,36,1.0,14.64,0.854
amara_chen2,twitter,real,875,198,12,287,444,0,0,131,0.0909,11,47,0.6667,8.84,4.532
clara.nair,instagram,real,294,402,28,183,950,1,1,132,0.0,10,10,1.0,38.57,1.352
amaranguyen90,facebook,real,169,97,164,65,543,1,1,0,0.1538,13,23,0.8333,16.58,0.837
noah.khan2,twitter,real,253,469,5,125,240,1,1,95,0.1,10,30,0.9429,7.73,3.632
nina_dsouza,facebook,real,87,162,307,27,1166,1,1,23,0.0,11,6,0.8253,14.36,0.161
tmp.xx717078,twitter,fake,20,348,4,8,16,0,0,30,0.5,12,1,0.2684,1.3,14.155
clara.brook,instagram,real,936,97,22,129,449,1,1,178,0.0,11,37,1.0,130.47,2.01
id.65813,instagram,fake,22,2637,4,2,9,1,0,6,0.625,8,2,0.3575,3.68,1.348
nina.weiss2,facebook,real,73,157,293,21,45,0,1,127,0.0909,11,3,0.6095,2.53,3.321
acc_43512,facebook,fake,262,320,7,38,9,1,1,117,0.5556,9,4,0.8305,42.78,29.809
leoweiss5,instagram,fake,6,567,20,3,9,0,0,62,0.1111,9,0,0.315,16.33,2.668
q_381906,twitter,fake,12,964,1,1,22,0,0,21,0.75,8,1,0.2252,3.06,0.313
noah.moreau94,facebook,real,108,93,249,61,579,1,1,113,0.1538,13,7,1.0,29.54,0.74
id_official9300,facebook,fake,7,773,62,4,43,0,0,6,0.2667,15,0,0.2133,1.73,0.585
xx0252,facebook,fake,2,1890,15,5,9,1,0,44,0.6667,6,1,0.4511,1.78,4.259
promo_5887,facebook,fake,11,956,160,5,12,1,0,0,0.4,10,0,0.3607,3.28,14.838
hugo.nguyen,twitter,real,228,304,27,159,573,1,1,156,0.0,11,30,1.0,4.05,1.942
anika.singh2,instagram,real,840,288,17,95,1212,1,1,81,0.0833,12,38,1.0,181.57,0.55
dev.singh94,twitter,real,198,150,28,618,1485,1,1,135,0.1818,11,4,1.0,29.73,2.912
noah.alvarez3,twitter,real,114,380,11,640,167,1,0,133,0.0769,13,45,0.7429,4.89,26.842
leila.dsouza,facebook,real,238,201,281,7,40,1,1,85,0.0,12,5,0.713,2.17,1.178
leilapark8,instagram,fake,8,1900,1,6,7,0,0,56,0.1,10,1,0.3111,11.44,5.822
aditya.okoye97,facebook,real,212,187,711,237,470,1,0,123,0.1429,14,16,0.8333,75.48,3.534
devnair8,facebook,fake,7,696,19,13,1832,1,0,15,0.125,8,3,0.5842,1.02,0.049
arjunmoreau2,instagram,real,590,232,48,12,574,1,1,23,0.0833,12,11,0.7623,2.8,0.143
clara_chen2,instagram,real,1053,171,44,30,225,1,0,137,0.0909,11,42,0.7277,35.64,0.933
hugo.berg,twitter,real,197,277,12,1097,570,0,0,118,0.0,9,6,0.6667,10.6,13.474
sienna.singh,facebook,real,470,238,360,96,2067,1,1,138,0.0,12,14,1.0,15.54,0.325
net.q34363,twitter,fake,79,1160,4,24,42,0,0,4,0.5,10,2,0.2941,1.31,4.028
hugosingh4,facebook,fake,3,491,28,1,6,1,0,0,0.1,10,2,0.3387,1.53,10.778
official7825,instagram,fake,42,974,2,7,11,1,0,16,0.3333,12,1,0.3994,6.26,4.303
clara_brook,facebook,real,584,226,408,9,7,1,1,175,0.0,11,9,0.7088,15.01,9.337
new.6704534,instagram,fake,463,1355,4,78,34,1,1,67,0.6364,11,5,0.8227,10.35,16.073
sienna_moreau93,instagram,real,2032,129,24,152,1291,1,0,37,0.1333,15,19,0.7436,12.84,0.826
new_3354397,facebook,fake,9,1517,27,6,4,0,1,5,0.6364,11,2,0.371,1.05,5.438
arjun.rao,instagram,real,70,201,11,92,348,1,1,31,0.0,9,10,0.8905,47.58,1.852
user_747,twitter,fake,23,769,18,2,53,1,1,14,0.375,8,1,0.5617,1.29,0.235
kai.berg92,facebook,real,203,93,304,61,1706,1,1,44,0.2,10,21,0.9255,87.53,0.248
samirmoreau,instagram,real,179,511,19,69,582,1,1,165,0.0,11,13,1.0,103.82,0.829
arjun.vale2,twitter,real,338,143,11,356,790,1,1,145,0.0909,11,9,1.0,2.5,3.155
maya_park,facebook,real,243,64,70,7,30,1,0,75,0.0,9,1,0.5319,27.08,1.61
aditya.berg3,facebook,real,245,99,434,180,418,1,1,135,0.0833,12,13,1.0,9.76,3.023
freyaberg2,twitter,real,168,399,25,119,330,0,0,129,0.1,10,6,0.6507,22.04,2.532
isla_brook,facebook,real,58,139,398,2,616,1,1,19,0.0,10,26,0.7153,4.64,0.025
bot_win755859,twitter,fake,6,461,7,7,13,1,1,0,0.4615,13,1,0.5363,1.62,12.394
real.5013043,instagram,fake,309,1688,23,29,86,1,1,128,0.5833,12,11,0.8284,34.64,2.392
promo_q678,facebook,fake,3,1424,5,9,40,1,0,29,0.3,10,1,0.4519,7.42,1.646
theosantos7,facebook,fake,2,536,24,4,47,1,0,1,0.0909,11,1,0.3755,0.63,0.654
siennasantos,facebook,real,1081,288,198,108,2072,1,1,114,0.0,12,22,1.0,31.17,0.363
idtmp099,twitter,fake,9,1879,2,15,19,1,0,50,0.375,8,2,0.5078,2.25,5.457
siennaiyer,facebook,real,20,90,260,109,2781,1,1,49,0.0,10,20,0.9351,16.81,0.275
islapark,instagram,real,388,625,18,2,39,1,0,99,0.0,8,3,0.5273,2.26,0.41
dev.nguyen,facebook,real,119,196,341,56,463,1,1,59,0.0,10,12,0.9572,31.54,0.839
devnguyen7,facebook,fake,169,831,39,31,30,1,1,121,0.1,10,11,0.8078,26.28,7.137
siennamoreau,facebook,real,194,57,430,18,351,1,1,0,0.0,12,25,0.7357,10.32,0.361
nina_costa,instagram,real,56,255,12,95,605,1,1,62,0.0,10,8,0.9622,133.52,1.102
deal_0406922,facebook,fake,23,331,24,11,5,1,1,45,0.5833,12,1,0.6414,1.57,13.417
felixvale99,instagram,real,2676,455,28,12,1581,1,1,14,0.1818,11,14,0.7473,21.72,0.054
real.5574179,facebook,fake,17,946,9,46,1016,1,0,0,0.5833,12,0,0.6667,0.97,0.315
clara.iyer2,facebook,real,33,146,699,34,2011,1,1,69,0.0909,11,20,0.9521,3.7,0.119
idacc910,twitter,fake,20,1140,4,1,41,1,0,40,0.375,8,2,0.4392,1.71,0.125
nina_okoye91,facebook,real,171,53,165,468,1787,1,1,58,0.1667,12,9,0.9535,6.68,1.835
amara.berg,facebook,real,183,376,565,130,350,1,1,106,0.0,10,13,0.9932,16.12,2.608
jonaspark2,twitter,real,167,188,6,393,496,1,1,69,0.1,10,17,0.9768,80.5,5.542
aisha_moreau2,facebook,real,622,67,194,19,31,1,1,62,0.0769,13,7,0.7207,38.48,4.183
id_923994,instagram,fake,24,1386,15,41,1692,1,0,0,0.6667,9,3,0.6667,4.59,0.168
ravisantos2,facebook,real,65,402,232,42,369,1,1,95,0.0909,11,13,1.0,8.34,0.794
lucia.nguyen,instagram,real,3255,229,22,6,2913,1,1,18,0.0,12,34,0.7308,22.64,0.015
id_promo1529,facebook,fake,19,642,104,25,593,1,0,10,0.3333,12,3,0.6248,1.93,0.295
jonas.dsouza2,instagram,real,1683,219,93,53,1432,1,0,66,0.0769,13,22,0.8035,13.47,0.259
clara_okoye,instagram,real,1671,180,10,9,297,1,1,14,0.0,11,8,0.6995,15.94,0.202
bot.acc8819,instagram,fake,26,663,18,5,28,0,0,78,0.3636,11,2,0.3614,2.55,1.131
noahsingh2,twitter,real,1249,563,11,4,922,1,1,11,0.1,10,12,0.7061,1.9,0.03
promo0812228,twitter,fake,7,798,4,23,1445,1,0,7,0.5833,12,2,0.6085,1.0,0.109
sienna_santos2,facebook,real,283,89,262,153,585,1,1,33,0.0714,14,21,0.9019,10.14,1.836
isla.santos3,twitter,real,291,208,13,229,357,1,0,117,0.0833,12,9,0.8297,10.11,4.498
win_8407,twitter,fake,15,879,6,77,900,1,0,12,0.5,8,0,0.6908,0.84,0.598
mayapark,instagram,real,520,489,30,12,37,1,0,3,0.0,8,2,0.4083,15.99,2.351
maya_santos2,instagram,real,518,511,7,296,1594,1,1,154,0.0833,12,31,1.0,21.73,1.298
winxx613128,twitter,fake,9,969,8,6,29,0,0,18,0.5455,11,0,0.2421,0.9,1.483
meera_singh2,instagram,real,1623,203,46,10,818,1,0,15,0.0833,12,16,0.5739,7.42,0.086
deal_35732,facebook,fake,5,825,29,2,129,0,0,2,0.5,10,1,0.2372,2.26,0.094
newxx727,facebook,fake,12,2112,14,38,702,1,1,0,0.375,8,5,0.8261,4.29,0.382
user.447518,instagram,fake,444,1886,4,38,19,1,1,65,0.5455,11,4,0.803,11.58,5.109
user_bot9623485,twitter,fake,24,1102,2,8,11,0,0,27,0.4667,15,1,0.2607,2.71,4.907
theo_okoye,facebook,real,128,254,235,289,649,1,1,113,0.0,10,10,1.0,38.08,3.116
userid4558,facebook,fake,268,2124,14,20,82,1,0,109,0.4,10,7,0.6224,29.59,1.74
maya.singh95,instagram,real,308,213,20,136,533,1,0,82,0.1667,12,9,0.8333,86.12,1.784
official_4048,instagram,fake,33,685,6,6,19,0,0,16,0.3077,13,1,0.2333,2.26,7.19
new_8804083,instagram,fake,65,1688,8,2,85,0,0,16,0.6364,11,0,0.2474,1.02,0.182
kai.weiss,facebook,real,258,217,719,16,35,0,1,121,0.0,9,2,0.5846,4.54,3.292
win.real063,twitter,fake,2,724,1,36,1543,1,0,22,0.2727,11,2,0.6932,1.15,0.161
ravi.weiss,instagram,real,173,171,44,96,2041,1,1,52,0.0,10,11,0.9408,19.86,0.328
arjun_costa,facebook,real,104,380,239,15,17,1,1,45,0.0,11,3,0.6658,0.97,6.288
amarakhan,facebook,real,1059,112,592,83,379,1,1,37,0.0,9,22,0.9094,46.34,1.532
anika.nguyen2,facebook,real,143,168,672,4,23,0,1,215,0.0769,13,2,0.5279,4.83,1.272
bot_1478,twitter,fake,11,538,2,18,5,1,0,35,0.5,8,3,0.4813,3.93,24.522
follow.win5468,instagram,fake,283,1215,49,61,29,1,1,91,0.2857,14,7,0.8466,28.94,14.661
claravale,twitter,real,176,63,5,46,791,1,0,62,0.0,9,18,0.7956,13.06,0.409
rohansingh,facebook,real,344,293,325,177,1377,1,0,179,0.0,10,27,0.8333,34.63,0.902
win424,instagram,fake,30,1389,3,4,69,1,0,14,0.5,6,2,0.4111,1.6,0.408
rohanbrook,instagram,real,477,434,59,54,583,1,1,59,0.0,10,9,0.9569,77.09,0.647
priya.moreau2,twitter,real,150,241,40,259,541,1,0,126,0.0769,13,5,0.8333,5.32,3.346
dev.okoye2,twitter,real,313,368,8,165,611,1,0,26,0.1,10,9,0.7201,10.71,1.896
freya.kade,twitter,real,534,97,20,159,453,1,1,208,0.0,10,55,1.0,11.32,2.452
bot.9020138,facebook,fake,5,1094,15,2,42,0,0,36,0.6364,11,3,0.2693,2.3,0.311
felix.singh,facebook,real,86,180,180,31,350,1,1,100,0.0,11,11,0.9538,33.62,0.611
bot207,instagram,fake,58,3175,5,1,9,0,0,28,0.5,6,0,0.2343,17.89,1.066
anika_kade,twitter,real,252,117,16,17,40,1,0,132,0.0,10,4,0.5893,1.46,2.982
official_3931,twitter,fake,9,4783,5,11,534,1,1,52,0.3077,13,2,0.8208,2.28,0.142
net.q1993268,facebook,fake,31,507,40,35,1305,1,1,29,0.5833,12,1,0.8741,0.94,0.19
official.03504,twitter,fake,404,1328,1,68,55,1,1,123,0.3571,14,4,0.8584,26.15,8.623
sienna.rao,twitter,real,164,110,16,75,806,1,0,86,0.0,10,7,0.8333,25.03,0.649
felixchen4,facebook,fake,28,1055,60,2,8,0,1,40,0.1,10,0,0.4283,2.03,12.043
followuser63275,facebook,fake,24,399,30,3,11,0,1,0,0.3333,15,1,0.3515,0.83,2.012
ravisantos3,facebook,real,276,144,112,18,50,1,1,172,0.0909,11,4,0.7642,6.99,2.508
omar.khan2,facebook,real,61,172,448,52,221,1,1,51,0.1,10,30,0.8731,25.12,1.644
sienna_dsouza,instagram,real,429,313,29,40,282,1,0,91,0.0,13,15,0.795,16.15,0.99
amara.brook2,facebook,real,41,152,1511,42,666,1,1,41,0.0833,12,10,0.9187,56.44,0.439
accuser770111,instagram,fake,2,1223,4,7,55,1,0,47,0.4615,13,1,0.487,1.0,0.93
xx.follow0379177,instagram,fake,28,2241,7,3,24,0,0,18,0.4375,16,1,0.2252,2.05,0.758
follow_804497,instagram,fake,72,1231,6,5,9,1,0,21,0.4615,13,4,0.4041,8.32,4.212
amara.rao2,instagram,real,50,256,44,143,518,1,1,125,0.1,10,8,1.0,43.95,1.93
promo012046,twitter,fake,18,1236,3,3,13,0,1,11,0.5455,11,1,0.3763,2.42,1.75
aditya_berg,facebook,real,155,170,333,65,733,1,0,31,0.0,11,18,0.7305,10.34,0.621
felix.singh97,twitter,real,84,212,34,216,913,0,0,97,0.1538,13,7,0.6667,12.63,1.659
net_real79237,facebook,fake,382,764,10,43,1388,1,1,46,0.3846,13,10,0.9298,20.16,0.215
official_013,instagram,fake,79,1841,7,1,78,1,0,44,0.25,12,1,0.4662,5.57,0.101
user_9295,facebook,fake,270,552,17,68,1802,1,0,50,0.4444,9,9,0.7703,5.48,0.266
meera.singh2,instagram,real,516,84,26,100,897,1,1,70,0.0833,12,13,0.9798,176.97,0.778
arjun_okoye,facebook,real,159,208,384,43,1520,1,0,45,0.0,11,21,0.76,131.69,0.198
bot.new0776922,instagram,fake,407,1230,6,67,23,1,1,40,0.5,14,13,0.7615,20.28,20.517
lucia_okoye,twitter,real,701,178,10,229,623,0,0,73,0.0,11,24,0.6527,7.44,2.577
zara_park,instagram,real,593,280,22,126,877,1,0,70,0.0,9,11,0.8121,55.4,1.004
isla_hassan,instagram,real,759,632,29,18,47,1,0,46,0.0,11,1,0.5262,35.86,2.7
noah.alvarez4,facebook,real,77,128,299,46,274,1,0,19,0.0769,13,7,0.6652,51.65,1.186
new.5091,twitter,fake,348,1438,4,72,13,1,0,87,0.5,8,14,0.6726,8.46,38.533
priya_singh2,facebook,real,158,133,144,52,1527,1,1,76,0.0833,12,28,0.9912,71.41,0.239
acc_tmp52996,facebook,fake,6,643,25,2,29,0,0,0,0.4167,12,1,0.187,1.57,0.413
zaravale3,twitter,fake,24,1015,3,6,10,0,0,23,0.1111,9,1,0.246,4.43,4.416
user_deal0614,twitter,fake,2,1091,6,3,26,1,0,40,0.3077,13,2,0.4404,1.76,0.729
kaiberg5,facebook,fake,2,1199,53,0,18,0,0,2,0.125,8,0,0.1797,0.7,10.858
siennamoreau8,facebook,fake,26,1080,36,1,15,0,0,44,0.0769,13,1,0.2706,1.49,0.618
amara.hassan4,twitter,real,477,401,44,345,328,1,0,85,0.0769,13,42,0.8164,8.19,7.361
adityavale2,facebook,real,678,242,554,496,237,1,1,17,0.0909,11,26,0.8103,45.79,14.66
deal_net8471,facebook,fake,32,726,23,6,56,1,0,29,0.3333,12,1,0.4469,0.54,0.8
useracc2900,instagram,fake,44,739,2,6,8,0,1,17,0.3636,11,3,0.3974,2.82,5.383
felix.singh2,twitter,real,1467,286,110,173,1414,1,1,112,0.0833,12,4,1.0,24.42,0.858
amara_hassan92,instagram,real,386,650,24,38,522,1,1,26,0.1429,14,23,0.8785,274.57,0.509
ravi_rao,facebook,real,311,134,620,2,746,1,1,15,0.0,8,51,0.7067,2.83,0.02
nina_khan,facebook,real,244,114,313,49,433,1,1,135,0.0,9,21,1.0,14.13,0.793
omar_costa2,facebook,real,188,83,619,39,770,1,1,123,0.0909,11,65,0.9957,123.26,0.354
nina.santos94,twitter,real,122,349,13,377,304,1,1,118,0.1538,13,21,0.9721,5.32,8.67
felixokoye2,twitter,fake,272,1306,7,95,1279,1,0,84,0.0909,11,7,0.8333,11.66,0.521
kai_singh,facebook,real,80,117,223,47,942,1,1,146,0.0,9,17,1.0,15.75,0.346
devokoye,twitter,real,161,1021,13,127,532,0,0,98,0.0,8,7,0.6667,27.73,1.667
freyasantos96,instagram,real,1529,510,9,218,851,1,0,150,0.1538,13,2,0.8333,12.21,1.792
rohansantos1,instagram,fake,18,1251,12,2,29,0,0,10,0.0833,12,1,0.2094,7.66,0.444
hugochen2,facebook,real,126,120,220,120,1097,1,1,132,0.1111,9,16,1.0,14.49,0.763
winpromo07393,twitter,fake,128,938,5,34,16,1,1,130,0.3846,13,17,0.8147,6.71,14.778
aisha_santos,instagram,real,1294,457,6,13,534,0,1,8,0.0,12,23,0.5712,15.93,0.174
noahkade,facebook,real,131,290,305,65,920,1,1,70,0.0,8,54,0.9787,24.57,0.494
leila.dsouza2,facebook,real,20,113,653,158,963,1,1,177,0.0769,13,15,1.0,10.63,1.146
follow_7652002,twitter,fake,8,1497,2,67,422,1,1,6,0.5,14,5,0.8448,2.21,1.116
acc0177,facebook,fake,3,1165,37,9,10,0,0,43,0.5714,7,3,0.3,2.35,6.579
promo264243,instagram,fake,29,1649,3,4,12,0,0,21,0.5455,11,1,0.2314,1.16,2.118
elena.vale,facebook,real,221,126,798,353,645,1,1,163,0.0,10,100,1.0,52.28,3.836
priya_okoye96,instagram,real,486,258,39,62,1239,1,1,46,0.1538,13,14,0.9285,52.98,0.349
new_promo37273,twitter,fake,1,1598,3,10,37,0,0,0,0.3571,14,5,0.2262,2.64,1.938
kaicosta7,instagram,fake,62,1923,9,0,26,0,0,42,0.1111,9,1,0.2681,4.82,0.095
nina.alvarez,instagram,real,198,257,46,50,444,1,1,52,0.0,12,37,0.9412,15.95,0.781
aditya.kade,twitter,real,119,175,16,214,3213,1,0,97,0.0,11,10,0.8333,12.28,0.465
lucia_weiss,instagram,real,70,272,14,19,5,1,1,75,0.0,11,2,0.7353,14.27,26.153
q.acc9944623,instagram,fake,21,766,16,6,19,0,0,37,0.5833,12,1,0.2788,1.02,2.25
priya_khan,facebook,real,76,338,252,42,295,1,1,43,0.0,10,15,0.8909,9.8,1.002
official.xx47560,facebook,fake,17,1115,5,9,34,1,0,3,0.3125,16,2,0.3912,0.84,1.826
id.net55797,twitter,fake,679,497,2,46,12,1,0,45,0.4545,11,5,0.5993,13.53,26.605
freya_alvarez,twitter,real,1281,654,16,468,834,1,1,46,0.0,13,8,0.9295,32.47,3.93
omarokoye3,facebook,real,306,124,412,3,16,1,1,147,0.1,10,4,0.687,7.52,1.366
omarvale,facebook,real,274,34,418,127,379,1,1,96,0.0,8,8,1.0,14.38,2.345
deal.105,twitter,fake,10,1460,10,4,5,1,1,26,0.375,8,2,0.5756,0.64,6.146
deviyer7,facebook,fake,5,227,50,1,16,0,0,11,0.125,8,4,0.2027,4.04,8.441
leila_berg3,instagram,real,194,357,30,123,1470,1,0,148,0.0909,11,45,0.8333,16.73,0.587
user_0631,facebook,fake,11,809,65,6,41,1,0,32,0.4444,9,3,0.4429,0.34,1.002
aditya_berg2,instagram,real,246,273,17,154,713,1,1,84,0.0833,12,12,1.0,158.06,1.513
sienna_santos3,facebook,real,518,110,203,42,242,1,1,89,0.0714,14,7,0.9438,166.92,1.228
clara_kade,instagram,real,351,302,21,17,20,1,1,64,0.0,10,2,0.7105,11.75,5.788
aishadsouza6,twitter,fake,397,1950,9,59,33,1,0,135,0.0833,12,8,0.6817,29.49,12.513
adityapark6,twitter,fake,5,744,5,4,6,0,0,9,0.0909,11,1,0.204,0.92,4.585
deal_q044931,facebook,fake,22,637,37,26,726,1,0,29,0.5,12,1,0.6677,2.34,0.247
ninapark,facebook,real,707,382,547,202,145,1,1,16,0.0,8,4,0.7668,19.58,9.728
noahsantos,instagram,real,647,278,48,18,15,1,0,106,0.0,10,4,0.5806,4.88,8.265
winreal0359051,facebook,fake,12,280,28,35,2083,1,0,8,0.5,14,1,0.6625,3.09,0.117
mayakade22,facebook,fake,185,589,8,28,46,1,0,140,0.2,10,8,0.6385,19.68,4.29
win.net534724,instagram,fake,12,1482,2,5,14,0,0,23,0.4615,13,2,0.2427,4.07,12.176
new.net9411,twitter,fake,198,1728,2,59,16,1,0,137,0.3636,11,9,0.674,15.59,11.644
arjun_khan,facebook,real,252,154,886,67,265,1,1,73,0.0,10,18,0.9397,15.45,1.767
bot_1710122,facebook,fake,5,373,43,7,22,0,0,6,0.6364,11,1,0.2198,8.31,2.264
tmp.461,twitter,fake,41,1060,9,3,48,0,0,7,0.4286,7,2,0.2138,0.83,0.373
omar.khan3,twitter,real,1180,70,26,137,3127,1,0,42,0.1,10,14,0.7537,24.61,0.307
maya.santos2,instagram,real,671,166,4,82,1353,1,0,92,0.0833,12,17,0.8333,79.04,0.426
win_1587209,twitter,fake,17,1716,4,6,10,0,0,46,0.6364,11,1,0.293,2.11,4.417
real.126189,twitter,fake,22,1108,3,39,24,1,0,30,0.5455,11,3,0.5689,1.11,11.419
q_follow9288559,instagram,fake,7,1709,15,1,6,1,0,28,0.4667,15,1,0.3998,7.01,10.088
samirmoreau2,facebook,real,148,131,1150,102,220,1,1,156,0.0833,12,40,0.9338,23.98,3.261
q_user4327,instagram,fake,293,1978,2,51,15,1,1,45,0.4,10,12,0.7666,27.53,23.78
aisha.santos,twitter,real,84,68,34,219,450,1,0,179,0.0,12,59,0.8333,16.23,3.412
marcoberg2,instagram,real,611,257,6,9,821,1,1,14,0.1,10,17,0.7327,8.6,0.076
theo_moreau,twitter,real,135,217,65,206,948,1,0,96,0.0,11,13,0.8333,15.7,1.519
hugo.nguyen2,twitter,real,916,624,12,286,256,1,0,97,0.0833,12,53,0.7836,8.95,7.815
maya.okoye,instagram,real,80,278,53,15,13,1,1,138,0.0,10,5,0.7365,37.58,8.259
dev_moreau,instagram,real,263,677,45,237,3220,1,1,32,0.0,10,11,0.8996,25.34,0.516
meera.santos94,instagram,real,402,163,16,50,701,0,0,159,0.1429,14,9,0.6667,204.17,0.497
promonet0486637,facebook,fake,8,484,60,44,1572,1,0,24,0.4667,15,1,0.7168,1.97,0.195
theo.nair,facebook,real,27,157,373,46,724,1,1,68,0.0,9,10,0.9748,7.85,0.443
anika_moreau96,facebook,real,326,97,179,57,1260,1,1,91,0.1429,14,9,1.0,37.72,0.319
meera.khan2,facebook,real,238,191,304,65,317,1,1,9,0.0909,11,9,0.8292,27.72,1.438
sienna.alvarez,facebook,real,119,89,69,30,606,1,1,160,0.0,14,70,0.9598,26.9,0.351
ravicosta2,twitter,real,62,253,6,778,702,1,0,98,0.1,10,6,0.8333,16.1,7.76
omar.kade,instagram,real,2062,432,38,75,970,1,0,77,0.0,9,17,0.8279,7.64,0.544
maya_berg2,facebook,real,1455,146,182,59,3944,1,1,119,0.1,10,29,1.0,12.17,0.105
new_user05967,facebook,fake,445,888,43,16,710,1,1,36,0.3846,13,11,0.8084,17.13,0.157
rohan_nair2,twitter,real,851,161,10,944,819,1,0,85,0.0909,11,13,0.8333,10.84,8.069
jonas_hassan2,twitter,real,589,727,44,98,355,1,0,78,0.0769,13,24,0.8248,14.89,1.942
bot_5939718,twitter,fake,55,586,2,26,2044,1,0,24,0.6364,11,1,0.6567,0.58,0.088
officialpromo787568,instagram,fake,12,1703,7,3,13,1,0,45,0.3158,19,1,0.3356,8.06,10.021
marcosantos,twitter,real,245,253,9,10,683,1,1,23,0.0,11,8,0.7541,1.7,0.098
noahmoreau92,facebook,real,166,217,314,8,52,1,1,158,0.1667,12,10,0.7225,1.78,1.036
aisha.weiss2,instagram,real,212,162,127,32,663,1,0,120,0.0833,12,7,0.8014,616.82,0.341
q_5194187,twitter,fake,2,693,6,3,20,0,0,10,0.7778,9,1,0.2116,1.75,10.062
official.bot330,instagram,fake,29,1648,46,5,15,0,0,0,0.2,15,1,0.1949,11.55,2.394
omar.weiss2,instagram,real,2140,394,35,86,584,1,0,59,0.0909,11,19,0.7898,14.29,1.026
net_645798,facebook,fake,42,641,16,9,7,0,0,1,0.6,10,1,0.2072,1.7,8.658
net.444,instagram,fake,30,961,3,5,51,1,0,0,0.4286,7,1,0.3783,1.81,0.686
lucia.kade,instagram,real,276,352,50,17,18,1,1,95,0.0,10,4,0.7445,12.61,6.494
user.4688403,facebook,fake,16,732,9,8,7,0,0,0,0.5833,12,1,0.2013,2.29,7.549
deal.75254,facebook,fake,38,755,48,3,15,0,0,26,0.5,10,3,0.2423,3.41,1.585
meera_vale3,instagram,real,196,330,19,234,475,1,1,50,0.0909,11,130,0.9379,75.61,3.452
nina.chen,twitter,real,420,156,51,544,474,1,0,43,0.0,9,17,0.7569,3.31,8.027
bot.user654542,instagram,fake,13,2140,0,7,33,0,0,20,0.4286,14,2,0.2516,2.12,1.438
sienna.okoye95,instagram,real,620,184,42,199,434,1,0,37,0.1429,14,5,0.7432,116.76,3.211
kaichen2,facebook,real,599,174,178,74,623,1,0,78,0.125,8,15,0.8288,23.88,0.83
deal_6142,facebook,fake,11,605,6,2,26,0,0,30,0.4444,9,3,0.248,1.08,0.432
hugo_weiss94,twitter,real,156,377,183,77,2083,1,0,121,0.1667,12,11,0.8333,18.65,0.259
hugo_hassan2,instagram,real,2825,291,46,52,1579,1,0,45,0.0833,12,9,0.76,30.62,0.229
q_3739,instagram,fake,427,2378,13,45,12,1,1,94,0.6667,6,15,0.8388,36.92,13.816
idwin777,facebook,fake,12,637,20,6,46,0,0,10,0.375,8,1,0.2336,2.15,0.914
official.8600,facebook,fake,266,1971,16,82,5,1,0,50,0.3077,13,4,0.6056,27.62,17.89
theo.berg,instagram,real,198,231,33,473,452,0,1,0,0.0,9,28,0.6667,84.09,7.331
new.71573,instagram,fake,19,1001,9,14,35,1,0,32,0.5556,9,1,0.4738,0.29,2.814
user.net318188,twitter,fake,1,1257,7,4,75,1,0,30,0.4286,14,2,0.4462,0.35,0.355
marcochen,twitter,real,524,363,4,24,1061,1,0,28,0.0,9,29,0.6559,16.15,0.156
deal_win5500,instagram,fake,11,973,16,37,1976,1,0,0,0.3333,12,1,0.6531,4.13,0.13
real.75691,facebook,fake,7,1390,18,5,35,0,1,77,0.5,10,7,0.5294,3.61,0.934
ravihassan97,facebook,real,91,209,371,95,620,1,1,44,0.1667,12,14,0.9245,7.08,1.075
meera.khan3,twitter,real,91,584,5,10,1896,1,1,11,0.0909,11,4,0.7325,1.82,0.037
hugo.rao,twitter,real,903,86,11,77,1194,1,0,61,0.0,8,17,0.7936,39.26,0.451
aditya_kade,instagram,real,1483,212,14,7,549,1,0,17,0.0,11,44,0.5649,16.84,0.092
felixsingh,facebook,real,186,208,148,47,1209,1,1,127,0.0,10,9,1.0,28.98,0.275
dev.dsouza,instagram,real,9377,329,66,51,1710,1,0,113,0.0,10,17,0.8333,160.16,0.211
amara.singh,instagram,real,176,486,20,243,443,1,0,59,0.0,11,15,0.7894,269.7,3.836
noahkhan2,twitter,real,114,231,11,449,819,1,1,133,0.1111,9,4,1.0,8.16,3.842
felix_vale3,instagram,real,416,126,33,63,566,1,1,46,0.0909,11,9,0.9297,19.22,0.774
nina_singh,instagram,real,398,136,35,37,1893,1,0,52,0.0,10,16,0.7641,87.82,0.138
sienna.rao2,facebook,real,254,154,491,11,37,1,1,113,0.0909,11,1,0.7305,7.58,2.13
officialreal9423,twitter,fake,9,1278,9,28,33,1,1,22,0.25,16,1,0.6766,2.91,5.845
tmpnet506180,instagram,fake,30,1403,7,3,136,1,0,0,0.5,12,4,0.4096,11.83,0.175
bot.win9908311,instagram,fake,19,2174,41,1,7,1,0,18,0.5,14,1,0.3798,5.38,9.645
q.tmp5876778,instagram,fake,29,1296,14,1,9,0,1,0,0.5833,12,3,0.3427,14.88,0.981
amaradsouza4,instagram,fake,12,1084,1,3,23,0,0,11,0.0833,12,0,0.2137,2.72,1.032
new3251746,facebook,fake,7,666,16,10,50,1,1,39,0.7,10,1,0.6442,1.74,1.359
rohanpark,facebook,real,137,161,88,30,457,1,0,76,0.0,9,22,0.7839,12.27,0.459
meerahassan2,twitter,real,35,120,18,215,1421,0,1,0,0.0833,12,12,0.6667,14.91,1.058
xx09932,instagram,fake,17,1262,21,2,16,1,0,0,0.7143,7,0,0.3488,6.83,11.049
jonas_iyer90,instagram,real,3080,347,11,32,798,1,0,126,0.1667,12,3,0.8007,34.33,0.282
maya.santos3,facebook,real,292,66,463,65,1791,1,1,89,0.0833,12,52,1.0,24.7,0.255
theochen4,facebook,fake,496,374,38,86,21,1,0,117,0.1111,9,11,0.6763,13.28,28.649
q.xx959,twitter,fake,13,937,4,5,70,1,1,12,0.4286,7,1,0.5757,2.66,0.464
leila.kade,facebook,real,122,67,425,37,1421,1,1,74,0.0,10,45,0.9763,12.0,0.183
dev.rao,twitter,real,640,108,18,281,804,1,1,97,0.0,7,59,1.0,72.28,2.45
xx70835,twitter,fake,10,1607,4,27,1964,1,0,0,0.7143,7,5,0.6143,1.05,0.098
xx.300733,instagram,fake,13,1154,3,7,25,0,0,43,0.6667,9,2,0.2956,4.29,1.906
adityaberg,facebook,real,154,113,864,314,562,1,0,112,0.0,10,17,0.8333,6.14,3.914
bot_2137558,facebook,fake,15,542,56,2,14,1,0,28,0.6364,11,1,0.4084,1.4,5.315
real.promo108580,facebook,fake,19,1508,25,3,39,1,0,14,0.375,16,4,0.3913,1.14,0.498
devkhan,facebook,real,879,98,439,53,282,1,1,152,0.0,7,1,0.9621,53.53,1.323
marconguyen2,instagram,fake,37,1712,1,5,5,0,0,0,0.0833,12,1,0.1897,1.32,15.265
xx.follow71817,twitter,fake,12,2940,3,0,26,1,1,19,0.3571,14,3,0.5541,3.86,0.119
clarasingh6,instagram,fake,175,1121,15,84,44,1,0,134,0.0909,11,4,0.6868,38.35,13.348
leila.berg,instagram,real,463,159,28,39,692,1,0,70,0.0,10,8,0.8092,129.62,0.395
freya_alvarez2,facebook,real,293,346,410,8,857,1,1,13,0.0714,14,17,0.727,5.47,0.066
anika.costa,facebook,real,123,166,717,67,3013,1,1,161,0.0,11,24,1.0,16.7,0.155
anikachen98,instagram,real,2144,451,21,44,212,1,0,5,0.1818,11,16,0.6063,426.26,1.452
net_bot9230271,twitter,fake,6,1577,5,12,15,1,0,32,0.5,14,3,0.4585,5.47,11.897
rohan.vale98,instagram,real,436,138,109,233,422,0,1,66,0.1667,12,15,0.8045,33.27,3.858
userbot57824,instagram,fake,18,1237,10,1,56,0,0,12,0.4167,12,1,0.2218,16.1,0.135
tmp9793,facebook,fake,14,716,19,2,73,1,0,38,0.5714,7,6,0.4543,2.06,0.181
mayahassan99,facebook,real,135,183,375,63,987,1,1,68,0.1667,12,48,0.9759,16.53,0.449
kai_alvarez,instagram,real,1400,281,73,24,47,1,0,51,0.0,11,2,0.5621,7.23,3.575
noahrao99,facebook,real,392,250,588,94,1162,1,1,64,0.2222,9,25,0.9657,40.15,0.567
sienna.vale,instagram,real,620,562,47,42,231,1,0,121,0.0,11,37,0.7721,403.4,1.259
acc_bot414,instagram,fake,844,1913,18,61,1638,1,1,122,0.3,10,11,1.0,32.22,0.261
mayapark2,facebook,real,190,81,557,156,497,1,1,81,0.1111,9,9,1.0,21.24,2.196
omarrao91,facebook,real,259,94,366,67,512,1,1,39,0.2222,9,26,0.9148,56.36,0.913
arjunberg91,facebook,real,153,94,188,67,203,0,1,7,0.1818,11,16,0.6068,34.48,2.294
promo.id884,twitter,fake,18,519,6,1,16,0,0,10,0.2727,11,0,0.1992,1.75,0.498
anikabrook,instagram,real,430,218,15,150,903,1,0,101,0.0,10,20,0.8333,448.04,1.163
promo.new2006583,twitter,fake,370,1163,3,21,18,1,1,76,0.4375,16,10,0.754,23.2,8.126
adityavale3,instagram,real,1810,178,76,61,697,1,1,149,0.0909,11,8,1.0,19.97,0.613
arjun_weiss,facebook,real,194,114,317,83,1040,1,1,95,0.0,11,13,1.0,16.52,0.556
ravi.vale2,facebook,real,27,111,475,55,934,1,0,54,0.1,10,24,0.78,3.63,0.412
acc_5794,instagram,fake,13,2413,12,7,27,1,0,14,0.5,8,2,0.4025,2.8,1.698
botwin187357,instagram,fake,25,1682,12,35,22,0,0,6,0.5,12,1,0.3349,0.53,11.083
deal_10817,instagram,fake,20,2019,1,3,54,1,0,27,0.5,10,1,0.426,1.81,0.367
luciaberg,facebook,real,71,111,214,102,1177,1,1,64,0.0,9,5,0.967,30.62,0.608
acc.new952411,twitter,fake,8,868,2,14,42,0,0,0,0.4615,13,1,0.2434,1.43,2.302
lucia_khan,facebook,real,224,273,342,17,990,1,1,165,0.0,10,10,0.9042,26.35,0.12
deal_115232,facebook,fake,56,361,21,4,11,1,0,42,0.5455,11,1,0.4438,2.2,6.997
tmp_id918506,facebook,fake,7,893,18,8,20,1,1,11,0.5,12,3,0.5667,1.49,2.884
deal_net1990,instagram,fake,12,1323,6,5,9,0,0,0,0.3333,12,2,0.1921,2.25,3.971
q.bot842,facebook,fake,3,880,26,6,22,1,0,40,0.375,8,2,0.4497,11.28,1.809
netbot1971,instagram,fake,33,1464,35,8,20,1,1,0,0.4,10,1,0.5404,5.64,2.628
theovale4,instagram,fake,225,1228,11,2,14,0,0,8,0.1111,9,1,0.1973,4.37,8.832
luciahassan5,instagram,fake,59,888,12,4,10,0,0,56,0.0833,12,2,0.3052,0.38,3.042
theo.park,facebook,real,25,120,417,225,992,1,1,78,0.0,9,39,0.9959,8.53,1.591
felixalvarez,twitter,real,1421,223,13,373,417,0,1,105,0.0,12,4,0.8333,19.76,6.259
acc_xx7131,twitter,fake,16,675,6,4,52,1,1,25,0.4,10,1,0.595,1.59,0.591
real_580,twitter,fake,9,453,11,20,36,1,0,27,0.375,8,2,0.4887,1.56,3.815
id837580,instagram,fake,19,806,8,1,33,1,1,0,0.75,8,1,0.5209,2.3,0.299
meera.dsouza97,instagram,real,303,188,39,31,548,1,0,44,0.1429,14,9,0.7216,19.72,0.398
lucia_chen,twitter,real,730,44,26,156,158,1,1,143,0.0,10,9,0.9055,23.71,6.931
sienna.brook,twitter,real,220,153,45,549,694,1,1,130,0.0,12,19,1.0,72.01,5.536
real_promo691499,instagram,fake,57,954,14,19,8,0,0,40,0.375,16,1,0.332,6.01,16.529
ravi_khan2,facebook,real,202,148,183,13,226,1,1,105,0.1,10,32,0.8224,1.59,0.39
noah.nguyen2,facebook,real,29,164,334,351,837,1,1,41,0.0833,12,20,0.9188,4.4,2.932
accwin35700,instagram,fake,2,691,5,19,32,0,1,0,0.4545,11,1,0.4278,2.09,4.183
rohan_santos2,facebook,real,127,83,184,1,1600,1,1,0,0.0769,13,22,0.6708,7.76,0.004
bot_q38291,facebook,fake,6,1543,35,7,23,1,1,49,0.5,10,1,0.6422,6.14,2.171
acc_acc5526,instagram,fake,21,2037,4,7,26,0,0,23,0.3636,11,1,0.2545,4.92,1.836
official.user3126813,facebook,fake,7,1907,56,2,18,1,0,48,0.35,20,2,0.3404,5.51,14.816
sienna.costa,twitter,real,268,666,12,113,950,1,1,41,0.0,12,11,0.9195,20.96,0.832
jonas.nguyen,twitter,real,56,175,16,293,440,1,0,0,0.0,12,26,0.6667,34.99,4.659
id_net31657,facebook,fake,9,1311,19,1,40,0,0,31,0.4545,11,1,0.2558,2.35,0.241
theokade2,instagram,real,1207,93,19,131,3065,1,1,88,0.1111,9,50,1.0,44.55,0.3
ravi.iyer2,instagram,real,1711,179,20,12,1099,1,1,20,0.1,10,4,0.7563,3.52,0.074
theo.chen,facebook,real,219,160,223,15,29,1,1,146,0.0,9,2,0.743,5.53,3.654
arjun.nair,instagram,real,594,198,81,89,1288,1,0,224,0.0,10,8,0.8333,122.77,0.486
meeraweiss4,facebook,fake,14,725,41,1,40,0,1,12,0.0909,11,1,0.3802,3.35,0.168
official_promo433200,twitter,fake,10,772,5,3,54,0,0,9,0.3,20,1,0.1126,0.68,0.344
tmp.42306,facebook,fake,11,708,4,30,1060,1,0,17,0.5556,9,3,0.6594,8.89,0.198
devhassan,facebook,real,493,162,436,17,2582,0,1,58,0.0,9,8,0.6906,28.88,0.046
meera_nair,twitter,real,331,358,9,250,2161,1,0,159,0.0,10,5,0.8333,12.0,0.809
rohan.chen,instagram,real,871,504,49,3,239,1,1,23,0.0,10,14,0.6712,3.41,0.096
felix.singh3,instagram,real,733,203,9,32,340,1,1,154,0.0833,12,45,0.9556,264.45,0.66
qid4533328,facebook,fake,72,966,4,3,23,1,0,62,0.7,10,2,0.488,6.64,1.031
real.837804,facebook,fake,4,754,58,2,21,0,0,24,0.5455,11,5,0.2338,1.63,0.679
kaidsouza95,twitter,real,481,414,50,888,1837,1,1,41,0.1818,11,27,0.9194,32.58,3.383
felix_brook,instagram,real,515,285,118,193,5200,1,1,74,0.0,11,8,0.9881,78.06,0.26
samir.moreau2,instagram,real,146,142,14,111,645,1,0,123,0.0769,13,7,0.8333,33.17,1.205
zarasingh4,facebook,fake,26,1399,30,9,6,1,0,38,0.1,10,3,0.4535,0.61,10.919
zaraokoye,instagram,real,113,216,63,193,354,1,0,158,0.0,9,25,0.8283,119.24,3.82
deal.follow664068,facebook,fake,10,290,16,38,409,1,0,12,0.3529,17,2,0.6831,1.8,0.647
aisha_moreau3,instagram,real,899,191,19,125,703,0,1,25,0.0769,13,32,0.7183,63.71,1.248
ravi.weiss2,instagram,real,6877,317,13,195,433,1,0,61,0.0909,11,17,0.7941,70.74,3.154
zara_nair2,instagram,real,109,53,75,102,379,1,0,139,0.1,10,5,0.8333,263.01,1.879
luciamoreau,twitter,real,322,137,18,244,536,0,0,104,0.0,11,18,0.6667,14.02,3.183
clara_nair,twitter,real,108,369,11,3890,1223,0,1,43,0.0,10,29,0.7556,6.57,22.266
leilachen,instagram,real,896,191,61,20,18,1,0,105,0.0,9,6,0.593,19.53,7.914
amarabrook2,instagram,real,1224,548,42,101,352,1,0,139,0.0909,11,13,0.8274,95.99,2.004
follow_follow9937584,twitter,fake,6,1370,3,1,6,1,1,2,0.35,20,2,0.402,1.68,0.75
freya.santos,instagram,real,719,353,13,107,451,1,0,51,0.0,12,38,0.7735,43.67,1.653
clara.park93,facebook,real,159,133,200,11,25,1,1,112,0.1667,12,3,0.7221,7.9,2.955
q_179,facebook,fake,21,357,14,3,43,0,0,13,0.6,5,1,0.2261,0.8,0.527
win031867,twitter,fake,62,776,3,6,18,1,0,9,0.6667,9,3,0.3855,1.34,17.562
jonasberg,instagram,real,667,143,9,11,11,1,1,18,0.0,9,7,0.5875,33.51,6.971
arjun_park2,facebook,real,139,373,303,14,30,1,1,76,0.0909,11,1,0.732,9.83,3.32
islabrook90,twitter,real,55,335,9,215,1003,1,1,96,0.1818,11,16,1.0,36.83,1.498
amarakade,facebook,real,62,51,437,12,16,1,1,123,0.0,9,3,0.7228,24.15,5.125
claramoreau92,twitter,real,319,124,17,222,1635,1,1,0,0.1538,13,8,0.8333,15.9,0.949
ravi_berg,facebook,real,466,57,749,1,18,1,0,0,0.0,9,2,0.3446,0.52,0.228
acc.2702,twitter,fake,39,1850,22,1,18,1,0,32,0.5,8,2,0.4132,1.44,0.438
adityasantos7,twitter,fake,4,973,4,4,12,1,1,33,0.0769,13,1,0.5904,3.58,12.498
anika.nguyen3,instagram,real,240,427,33,21,339,1,0,59,0.0769,13,14,0.6977,94.24,0.434
zarachen2,instagram,real,215,97,40,105,143,1,0,24,0.1111,9,22,0.6161,92.14,5.157
ravi.singh2,twitter,real,828,186,31,266,3550,1,0,21,0.0909,11,26,0.7101,42.74,0.525
siennasingh,instagram,real,673,543,30,125,375,1,0,0,0.0,11,42,0.6667,28.16,2.326
aisha_kade,instagram,real,361,349,19,18,53,1,1,54,0.0,10,5,0.713,14.76,2.399
user.deal4456575,facebook,fake,485,1316,15,90,1523,1,1,41,0.4375,16,1,0.9192,14.9,0.414
lucianguyen2,instagram,real,2385,305,20,228,374,0,1,21,0.0833,12,22,0.7095,51.2,4.272
xxofficial9838938,instagram,fake,3,725,10,40,662,1,1,33,0.4118,17,3,0.9017,2.09,0.424
bot_net932911,twitter,fake,25,2330,16,1,48,0,0,30,0.4615,13,1,0.2546,0.97,0.107
freyakade3,instagram,real,2303,182,7,74,1191,1,0,170,0.1,10,10,0.8333,9.28,0.436
follow.993,facebook,fake,33,1201,25,1,132,0,1,39,0.3,10,0,0.4783,5.76,0.055
jonas_park,facebook,real,65,398,207,104,304,1,1,86,0.0,10,11,0.9721,20.02,2.398
zara_okoye3,instagram,real,446,112,30,84,312,1,0,79,0.0909,11,28,0.8061,378.38,1.895
noah.hassan,instagram,real,244,309,9,153,325,1,1,117,0.0,11,10,0.9817,298.05,3.301
dealnet9347,instagram,fake,50,1389,7,9,20,0,0,39,0.3636,11,0,0.2941,1.64,3.152
net_promo5294024,facebook,fake,13,658,109,1,45,0,0,0,0.4375,16,3,0.1927,1.28,0.206
leobrook,facebook,real,83,41,352,232,717,1,1,67,0.0,8,58,0.9731,30.72,2.261
real.949,instagram,fake,107,2059,7,13,90,1,0,47,0.375,8,1,0.5257,4.94,0.977
ravivale,facebook,real,173,103,88,90,336,1,1,98,0.0,8,14,0.9868,38.98,1.884
rohan.dsouza,twitter,real,404,171,19,384,568,1,0,90,0.0,12,11,0.8333,17.26,4.737
tmp.647,instagram,fake,51,2265,7,3,12,1,0,3,0.4286,7,1,0.3591,2.24,6.841
real_deal3205726,instagram,fake,341,2562,12,34,38,1,1,124,0.4375,16,8,0.8258,4.55,6.268
jonas.santos,instagram,real,349,146,9,140,845,1,0,31,0.0,12,20,0.7317,12.73,1.163
ravi_santos,facebook,real,33,133,587,37,922,1,1,148,0.0,11,8,0.9867,27.34,0.279
tmp16315,instagram,fake,25,812,7,14,1450,1,0,40,0.625,8,2,0.6396,1.29,0.066
zara_alvarez,facebook,real,75,216,229,33,494,1,0,83,0.0,12,66,0.804,8.07,0.467
isla.park90,facebook,real,134,68,461,22,47,1,1,34,0.1818,11,2,0.6818,5.1,3.216
anika.kade,instagram,real,819,565,47,109,902,1,1,161,0.0,10,10,1.0,70.89,0.847
official.860,facebook,fake,28,652,23,1,96,1,1,51,0.25,12,1,0.6559,4.17,0.107
kaiweiss3,facebook,real,1340,76,171,65,664,1,0,81,0.1111,9,9,0.8333,37.03,0.686
followuser11643,facebook,fake,50,1290,18,3,13,0,0,30,0.3333,15,5,0.2488,4.98,1.769
isla_iyer,facebook,real,74,99,244,153,665,1,1,209,0.0,9,21,1.0,16.07,1.612
new_12764,twitter,fake,11,609,5,18,844,1,0,30,0.5556,9,1,0.6402,4.97,0.153
id.03895,instagram,fake,14,2320,31,10,8,0,0,13,0.625,8,2,0.2377,3.44,13.766
siennadsouza,instagram,real,5656,240,37,37,426,0,1,87,0.0,12,11,0.8202,23.52,0.605
aisha_singh,facebook,real,399,455,967,84,963,1,0,108,0.0,11,9,0.8333,10.82,0.609
omar.berg,facebook,real,69,131,664,46,1624,1,1,147,0.0,9,22,1.0,3.63,0.197
kai_kade,instagram,real,829,504,25,89,381,1,1,158,0.0,8,26,1.0,57.11,1.639
xx.bot067091,instagram,fake,73,956,16,3,26,1,0,13,0.5,12,2,0.3847,2.93,0.812
deal.958605,instagram,fake,23,3479,7,3,72,1,0,18,0.5455,11,2,0.4154,1.74,0.269
tmp.user2698,twitter,fake,7,551,9,1,24,1,0,3,0.3333,12,2,0.3552,2.44,0.303
devhassan2,facebook,real,308,74,352,89,478,1,1,164,0.1,10,10,1.0,50.59,1.296
ravi_kade,instagram,real,435,150,40,7,1857,1,1,12,0.0,9,7,0.7232,8.9,0.028
marcocosta8,twitter,fake,2,1153,5,1,45,1,0,29,0.0909,11,3,0.4189,1.59,0.191
xx.xx587,twitter,fake,24,1833,4,10,11,1,0,10,0.375,8,2,0.4013,0.62,6.311
zara_santos4,twitter,real,72,499,7,603,585,1,1,62,0.0833,12,87,0.9633,5.58,7.216
ravi.khan,twitter,real,36,152,8,12,2346,1,0,5,0.0,9,8,0.5605,0.87,0.036
islasantos,facebook,real,246,182,375,60,2301,1,1,66,0.0,10,38,0.9708,20.82,0.183
aisha_alvarez,instagram,real,421,294,34,9,46,1,1,59,0.0,13,4,0.6829,4.46,1.397
ravi_chen,twitter,real,3590,257,25,1890,706,1,0,96,0.0,9,22,0.8333,11.84,18.736
promo626,facebook,fake,4,895,72,3,51,0,0,10,0.375,8,1,0.2257,3.97,0.477
omar.hassan92,instagram,real,3891,310,40,184,4346,1,0,17,0.1538,13,9,0.702,16.38,0.297
arjunweiss3,facebook,fake,280,417,23,28,15,1,0,39,0.0909,11,2,0.5367,4.4,15.963
felix_hassan,facebook,real,463,164,618,328,563,1,1,24,0.0,12,52,0.8835,11.1,4.074
anika_dsouza,instagram,real,607,203,41,83,753,1,0,70,0.0,12,11,0.813,43.83,0.77
theo.moreau3,twitter,real,304,189,6,188,947,1,0,91,0.0833,12,13,0.8333,3.51,1.387
idfollow9911309,instagram,fake,36,1656,5,1,36,0,0,19,0.4667,15,1,0.2283,4.75,0.26
felixiyer5,facebook,fake,9,890,29,3,48,0,0,0,0.1,10,4,0.2006,1.05,0.421
aditya_iyer2,instagram,real,1105,191,30,42,1773,1,0,64,0.0833,12,16,0.8009,216.49,0.166
q_q4796,instagram,fake,27,2013,33,20,64,0,0,0,0.5714,7,2,0.2804,0.94,2.218
meerahassan8,facebook,fake,19,920,19,5,211,1,0,32,0.0833,12,0,0.516,0.85,0.161
priya_okoye2,instagram,real,110,194,17,120,844,1,1,1,0.0833,12,27,0.8352,30.16,0.999
elena.kade99,twitter,real,475,342,42,13,734,1,0,19,0.1667,12,12,0.5948,4.15,0.125
hugo.alvarez2,facebook,real,574,168,600,11,564,1,1,22,0.0769,13,41,0.7573,1.92,0.135
freya_berg2,twitter,real,60,49,10,24,28,1,0,48,0.0909,11,6,0.5468,6.58,5.99
arjunberg5,twitter,fake,28,649,4,2,109,0,0,39,0.1,10,2,0.3073,0.67,0.151
arjun_berg,facebook,real,278,195,250,35,772,1,1,75,0.0,10,30,0.9674,32.08,0.314
priyanair2,twitter,real,126,248,4,4,606,1,1,17,0.1,10,22,0.717,2.55,0.043
ravi_alvarez,facebook,real,82,69,366,238,1618,1,1,183,0.0,12,14,1.0,6.56,1.028
followbot4020,instagram,fake,208,1154,10,36,13,1,1,38,0.3077,13,14,0.7363,39.3,9.944
kai_nguyen,facebook,real,30,213,223,50,1681,1,0,153,0.0,10,8,0.8333,1.91,0.209
kai.brook,facebook,real,247,152,555,6,376,0,0,11,0.0,9,14,0.3817,2.05,0.111
leila_dsouza2,instagram,real,4045,157,26,102,808,1,0,147,0.0769,13,8,0.8333,4.82,0.884
isla.nguyen3,twitter,real,134,174,23,104,139,1,1,36,0.0833,12,24,0.8053,6.5,5.232
ninadsouza,instagram,real,3591,142,35,22,259,1,1,22,0.0,10,46,0.7553,53.67,0.587
mayanguyen6,facebook,fake,19,1826,12,3,16,1,0,20,0.0909,11,1,0.3956,1.76,15.048
hugo.kade96,facebook,real,397,216,501,6,250,1,1,22,0.1818,11,9,0.6846,4.51,0.167
dealxx0837107,instagram,fake,5,1088,7,4,30,1,0,4,0.5385,13,2,0.3731,0.95,1.004
lucia.khan2,instagram,real,416,315,48,113,1851,1,0,51,0.0909,11,15,0.7736,34.24,0.428
maya_weiss,instagram,real,264,309,44,61,1199,1,0,91,0.0,10,70,0.8333,30.28,0.353
siennanair5,instagram,real,659,191,92,105,358,1,1,94,0.0909,11,14,0.9968,17.17,2.05
acc_follow5379180,instagram,fake,60,3070,2,3,15,1,0,25,0.4118,17,1,0.4046,2.32,1.453
sienna_singh92,instagram,real,1542,159,7,1,446,1,1,8,0.1429,14,20,0.6893,17.08,0.02
claraiyer,twitter,real,514,211,17,420,899,1,1,131,0.0,9,6,1.0,18.3,3.274
omar.nguyen90,facebook,real,171,293,259,29,1050,1,0,0,0.1538,13,9,0.6207,5.11,0.193
leonair8,instagram,fake,14,1772,10,25,1872,1,0,36,0.125,8,2,0.6781,5.45,0.093
adityaalvarez,facebook,real,188,148,1219,113,202,1,0,106,0.0,13,13,0.7589,54.11,3.911
new03050,facebook,fake,13,617,19,36,432,1,0,7,0.625,8,3,0.6646,4.23,0.586
meera.santos,instagram,real,2085,511,15,321,606,1,0,62,0.0,12,29,0.7954,84.87,3.712
priya.okoye2,twitter,real,478,141,17,15,11,1,1,54,0.0833,12,1,0.6788,1.02,9.415
aditya.alvarez,twitter,real,207,84,16,308,463,1,1,49,0.0,14,31,0.9351,28.22,4.65
islaokoye2,instagram,fake,19,1040,33,13,95,0,0,24,0.1,10,0,0.315,5.95,0.958
lucia.alvarez92,facebook,real,119,212,191,36,1221,1,1,15,0.1333,15,49,0.8488,10.76,0.207
felix_dsouza2,twitter,real,175,577,8,22,45,1,1,164,0.0769,13,7,0.7772,4.0,3.36
winreal38474,twitter,fake,8,563,2,3,23,1,1,47,0.4167,12,1,0.621,0.79,0.943
leilapark2,instagram,fake,17,1164,3,3,17,0,0,57,0.1,10,1,0.3067,1.42,1.279
official_2055,instagram,fake,23,1396,22,4,61,1,1,9,0.3077,13,1,0.5638,8.6,0.494
win.official3790421,instagram,fake,11,1540,8,1,89,0,0,25,0.3684,19,3,0.1561,4.43,0.088
adityanguyen90,facebook,real,456,113,571,110,1368,1,0,97,0.1429,14,9,0.8333,67.41,0.563
elena.santos,twitter,real,60,215,35,6,462,1,1,11,0.0,12,16,0.7164,1.25,0.097
id14875,instagram,fake,16,1325,11,16,1384,1,0,44,0.7143,7,1,0.6581,7.06,0.081
clara_berg2,facebook,real,1223,62,487,307,399,0,1,67,0.0909,11,14,0.8066,17.3,5.392
win.real7224536,instagram,fake,6,593,26,3,42,0,0,27,0.4667,15,1,0.2541,1.95,0.471
aditya.costa,facebook,real,188,162,558,161,453,1,1,70,0.0,12,11,0.9793,38.33,2.483
amara.dsouza2,twitter,real,27,129,15,17,54,1,0,32,0.0769,13,2,0.4927,0.66,2.141
xx.21460,facebook,fake,2,454,20,14,10,1,0,28,0.625,8,0,0.4534,2.11,14.521
amara_santos,instagram,real,423,250,45,68,914,1,1,164,0.0,12,12,1.0,264.03,0.522
official_official751,twitter,fake,187,779,5,25,1217,1,0,96,0.15,20,9,0.6633,5.49,0.145
ravi_khan3,facebook,real,73,222,182,60,1352,1,1,139,0.1,10,8,1.0,29.75,0.312
leila_nguyen,instagram,real,95,139,86,346,213,1,0,122,0.0,12,12,0.7639,667.7,11.376
q_3638584,twitter,fake,247,424,4,26,1667,1,0,103,0.7778,9,1,0.7733,12.85,0.107
clara.hassan4,facebook,real,185,72,690,44,169,1,1,66,0.0769,13,4,0.8814,37.24,1.822
omarpark5,instagram,fake,12,2261,16,28,1377,1,0,23,0.1111,9,3,0.6661,8.19,0.143
acc_263,twitter,fake,16,773,5,2,106,1,0,0,0.4286,7,1,0.3911,1.7,0.148
rohannguyen90,instagram,real,372,262,22,96,442,1,0,0,0.1538,13,44,0.6667,19.95,1.527
new_1804,instagram,fake,11,1067,3,39,1258,1,0,21,0.5,8,3,0.7079,6.25,0.22
user.promo23686,facebook,fake,62,524,38,1,24,1,0,34,0.3333,15,2,0.4198,2.39,0.281
arjun.brook,facebook,real,52,62,115,214,980,1,1,0,0.0,11,16,0.8333,13.88,1.53
theo.moreau4,twitter,real,2461,253,27,181,1477,1,1,80,0.0833,12,18,0.9998,64.84,0.857
tmp_8853,facebook,fake,6,1054,18,14,1760,1,1,7,0.5,8,3,0.7404,1.65,0.057
felixbrook,facebook,real,104,161,612,39,331,1,1,102,0.0,10,13,0.9792,21.56,0.819
kainguyen4,instagram,real,220,110,17,7,746,1,1,9,0.1,10,16,0.7153,20.28,0.066
leila_berg4,facebook,real,174,127,122,23,41,1,1,129,0.0909,11,3,0.7801,4.07,3.88
omar.rao91,instagram,real,164,239,9,17,52,1,0,114,0.2,10,2,0.5928,24.8,2.23
leila.chen,facebook,real,159,116,330,48,1030,1,1,72,0.0,10,22,0.9834,58.57,0.327
elena.alvarez2,facebook,real,140,128,402,100,1336,1,1,33,0.0714,14,18,0.9013,48.44,0.523
leila.kade2,facebook,real,1863,114,612,75,714,1,1,145,0.0909,11,11,1.0,6.68,0.731
q_acc6324700,facebook,fake,7,1270,29,4,5,1,1,21,0.5833,12,0,0.5616,0.71,7.327
freyavale,twitter,real,573,255,7,12,48,1,0,90,0.0,9,2,0.571,4.33,1.719
islaalvarez,twitter,real,409,243,17,24,388,1,0,31,0.0,11,11,0.6631,19.33,0.427
new_real6392862,instagram,fake,10,1159,3,4,24,1,1,47,0.4667,15,2,0.6248,1.41,1.169
new.official10343,instagram,fake,65,1004,9,1,6,0,0,46,0.2941,17,1,0.2702,1.35,8.315
meera.santos2,facebook,real,433,115,399,74,1560,1,1,150,0.0769,13,27,1.0,92.06,0.331
felix.brook,facebook,real,110,167,330,161,807,1,1,82,0.0,11,19,1.0,21.51,1.393
tmp_bot631,instagram,fake,601,1394,13,104,596,1,0,47,0.3,10,10,0.7645,10.54,1.223
deal.deal75363,twitter,fake,2,1514,5,11,19,0,0,27,0.3571,14,1,0.2752,2.26,15.556
samir_okoye,facebook,real,166,164,382,65,1781,1,1,107,0.0,11,20,1.0,6.11,0.256
omar.park91,instagram,real,113,210,24,83,810,1,0,132,0.1818,11,30,0.8333,133.08,0.718
marco_chen,facebook,real,316,126,167,20,580,0,1,161,0.0,10,8,0.7506,50.93,0.243
clara_nguyen,facebook,real,56,196,428,11,1633,0,1,113,0.0,12,28,0.7128,13.94,0.047
q_id378347,instagram,fake,16,1717,6,1,27,0,0,4,0.6,10,1,0.1926,4.15,0.348
priya.moreau3,facebook,real,274,124,361,99,4687,1,1,85,0.0769,13,29,1.0,28.68,0.148
acc.net7877,facebook,fake,12,949,9,3,38,1,0,12,0.3636,11,2,0.3905,1.12,0.63
promo_0590,instagram,fake,430,1574,7,46,7,1,1,98,0.4,10,5,0.8365,37.57,5.448
priya.moreau4,facebook,real,373,149,307,80,521,1,0,0,0.0769,13,18,0.6671,36.33,1.077
maya_santos3,facebook,real,369,57,226,58,498,1,1,129,0.0833,12,7,1.0,45.12,0.81
claraiyer2,instagram,real,153,172,69,121,950,1,0,76,0.1,10,26,0.8243,66.74,0.891
acc_deal915,instagram,fake,33,1204,5,9,22,1,0,12,0.2727,11,1,0.4068,3.26,2.858
hugoberg,facebook,real,90,122,229,162,418,1,1,79,0.0,8,77,0.9985,16.47,2.707
luciakhan2,facebook,real,112,241,320,2,34,1,1,41,0.1,10,2,0.6091,6.47,0.402
ravi_khan4,facebook,real,87,95,547,169,1573,1,1,20,0.1,10,7,0.8758,17.42,0.753
lucia_brook,twitter,real,268,235,15,18,29,1,0,0,0.0,11,8,0.4215,0.72,4.341
felixnguyen8,instagram,fake,42,1396,13,34,1776,1,0,31,0.0833,12,3,0.706,2.26,0.133
real_xx5780317,instagram,fake,28,1064,10,3,18,0,1,46,0.5,14,1,0.4505,17.57,1.281
anika_okoye,instagram,real,206,222,12,20,641,1,0,143,0.0,11,8,0.7498,71.1,0.218
lucia.hassan99,facebook,real,4073,121,283,34,204,0,1,92,0.1429,14,22,0.7349,11.17,1.167
real.new413093,facebook,fake,167,371,27,70,23,1,1,84,0.4286,14,7,0.8438,31.95,21.353
nina.vale,facebook,real,101,61,178,169,444,1,0,7,0.0,9,76,0.6815,6.26,2.668
isla_park,instagram,real,476,435,47,79,306,1,1,122,0.0,9,9,0.9731,125.02,1.798
id815872,facebook,fake,27,1315,68,10,11,0,0,24,0.75,8,1,0.2656,2.22,9.998
sienna.khan,instagram,real,935,594,5,458,565,1,1,16,0.0,11,31,0.8657,157.59,5.679
xx.acc78031,facebook,fake,16,397,16,31,1362,1,0,56,0.4545,11,3,0.7461,1.45,0.159
arjun.nguyen2,twitter,real,344,127,3,19,1163,1,1,139,0.0769,13,28,0.9142,22.81,0.117
promo_promo274164,instagram,fake,75,775,3,3,11,0,0,36,0.3529,17,1,0.2592,4.83,9.28
follownet2172146,twitter,fake,6,1307,6,2,39,0,0,12,0.4375,16,0,0.2189,3.11,0.431
amarasantos3,facebook,real,39,67,256,6,1113,1,1,15,0.0833,12,16,0.7236,2.69,0.038
marco.weiss97,facebook,real,97,179,332,10,1148,1,1,113,0.1538,13,43,0.8762,60.82,0.063
marco.hassan2,facebook,real,224,201,312,4,2400,1,1,17,0.0769,13,27,0.719,1.21,0.012
elena.dsouza,facebook,real,224,259,289,104,1970,0,0,30,0.0,12,14,0.5633,15.51,0.368
clara.okoye,facebook,real,994,114,180,17,41,1,1,78,0.0,11,2,0.7499,3.93,2.847
luciarao12,instagram,fake,40,1573,4,15,22,1,0,0,0.2,10,2,0.4059,2.74,4.772
deal739,facebook,fake,17,592,9,9,10,0,0,32,0.4286,7,1,0.2739,1.96,6.12
winwin3821,twitter,fake,254,372,9,44,9,1,0,60,0.4,10,6,0.6284,27.86,6.676
freyanguyen7,instagram,fake,43,1435,18,4,24,1,1,28,0.0833,12,2,0.5844,1.19,1.059
devalvarez,twitter,real,605,139,5,2,26,1,0,15,0.0,10,2,0.3824,0.23,0.419
xx.q74502,instagram,fake,17,2488,36,17,11,0,0,46,0.5556,9,2,0.3395,3.03,15.0
tmp.168274,twitter,fake,441,1714,2,78,10,1,1,52,0.6,10,3,0.7786,29.64,4.216
aisha_park3,facebook,real,699,300,229,60,5200,1,1,146,0.0909,11,13,1.0,41.13,0.08
marcosantos2,instagram,real,1400,674,31,24,5,1,1,115,0.0833,12,5,0.7691,3.07,33.646
isla.khan2,instagram,real,239,293,16,35,427,1,0,15,0.1,10,21,0.6773,552.76,0.578
priya.santos2,facebook,real,875,108,169,3,957,1,1,13,0.0769,13,11,0.7053,3.69,0.02
leosantos,instagram,real,2671,526,49,141,909,0,1,83,0.0,9,58,0.8333,180.24,1.086
new.q7279882,instagram,fake,5,1760,25,7,61,0,0,0,0.5833,12,1,0.224,8.58,0.812
islavale3,facebook,real,420,175,342,15,31,1,1,108,0.1111,9,5,0.7428,3.03,3.361
qtmp956665,facebook,fake,16,635,16,4,33,1,1,21,0.6,10,2,0.5755,3.04,0.889
leila.dsouza3,instagram,real,602,201,17,200,728,1,0,142,0.0769,13,28,0.8333,80.28,1.921
lucia_nguyen,instagram,real,2734,231,14,36,2066,1,1,67,0.0,12,9,0.9572,449.3,0.123
claravale2,twitter,real,1208,520,17,508,2286,1,0,0,0.1,10,16,0.6667,102.22,1.557
elenaalvarez,instagram,real,1919,179,9,550,631,1,1,111,0.0,12,5,1.0,107.67,6.1
ravi_vale2,facebook,real,168,67,472,4,21,1,1,37,0.1,10,2,0.6052,4.85,1.465
aditya_nair99,twitter,real,718,285,18,77,1543,1,0,54,0.1538,13,7,0.7788,53.76,0.351
bot2277427,instagram,fake,28,1368,11,10,19,1,0,20,0.7,10,1,0.4261,8.31,3.764
official.2217,facebook,fake,46,429,26,8,4,0,0,73,0.3077,13,0,0.3539,4.28,16.313
bot.293,twitter,fake,11,1404,8,5,81,1,1,49,0.4286,7,1,0.6627,1.5,0.475
followdeal213,instagram,fake,32,2583,4,4,16,1,0,51,0.2308,13,1,0.4652,2.24,1.914
ravi.iyer97,facebook,real,202,133,219,1,40,1,0,9,0.1818,11,3,0.3752,0.78,0.198
promo827781,instagram,fake,47,1903,9,41,554,1,0,9,0.5455,11,1,0.6851,0.32,0.518
marcookoye94,instagram,real,2073,482,29,183,551,1,1,56,0.1667,12,16,0.9502,57.72,2.324
tmp.xx0534878,facebook,fake,25,763,6,9,47,1,0,4,0.5385,13,1,0.4012,1.36,1.36
noahnair62,instagram,fake,25,1331,25,11,15,0,0,76,0.2,10,2,0.3773,16.19,5.129
siennaweiss1,facebook,fake,14,703,101,3,16,0,0,9,0.0833,12,0,0.2035,4.22,1.217
rohankhan3,facebook,real,248,78,312,6,766,1,1,24,0.1,10,5,0.7426,0.79,0.057
zara.singh99,facebook,real,67,322,367,53,458,1,1,161,0.1667,12,18,1.0,26.1,0.807
id_2706,facebook,fake,5,593,36,0,22,1,0,51,0.5714,7,2,0.4516,2.8,0.122
hugoalvarez8,twitter,fake,11,839,7,19,7,1,1,22,0.0833,12,2,0.6296,1.15,19.102
felix.costa2,instagram,real,1137,114,29,15,47,1,0,115,0.0833,12,1,0.5849,5.73,2.268
user5996,instagram,fake,9,893,14,3,7,1,0,41,0.5,8,1,0.4338,6.15,2.647
dev.singh,twitter,real,187,171,7,12,18,1,1,105,0.0,9,2,0.7238,6.45,4.564
noahkade2,facebook,real,573,273,559,100,1083,1,1,31,0.1111,9,22,0.8987,39.6,0.646
marco_brook2,facebook,real,22,217,294,37,1073,1,1,71,0.0833,12,17,0.9686,23.23,0.242
amarapark2,facebook,real,256,247,255,245,435,1,1,35,0.1,10,23,0.9067,14.13,3.939
user_xx116347,instagram,fake,5,824,5,4,50,0,0,7,0.4615,13,1,0.2223,1.43,0.576
leilakhan,facebook,real,813,101,282,14,6,1,1,75,0.0,9,5,0.7168,9.94,15.906
arjunbrook2,instagram,real,810,467,15,451,187,1,1,92,0.0909,11,9,0.9187,526.15,16.871
user_773,facebook,fake,17,783,83,3,106,1,0,1,0.375,8,1,0.3957,5.4,0.175
anika_park,twitter,real,160,42,25,769,1113,1,1,62,0.0,10,38,0.9632,26.07,4.839
followfollow1551659,facebook,fake,21,437,40,1,16,0,0,21,0.3684,19,2,0.1122,3.45,0.318
real_bot183,facebook,fake,206,531,19,83,40,1,1,130,0.2727,11,11,0.8516,34.56,14.547
noahkade4,facebook,real,98,342,292,162,390,1,1,92,0.1111,9,11,1.0,68.79,2.914
real_457,twitter,fake,10,752,6,2,60,1,0,15,0.375,8,0,0.3988,1.29,0.204
lucia_iyer98,instagram,real,307,173,28,8,11,1,1,72,0.1667,12,1,0.6894,9.81,5.395
win_335,instagram,fake,426,1381,4,45,8,1,0,133,0.4286,7,15,0.6703,4.75,39.07
anika.nair,twitter,real,359,109,18,14,27,1,1,78,0.0,10,4,0.7308,3.86,3.539
priya.khan,instagram,real,283,217,45,109,188,1,1,68,0.0,10,3,0.8943,26.63,4.055
tmp.id82262,facebook,fake,52,429,9,34,1943,1,0,11,0.4545,11,1,0.6645,0.64,0.122
id_17758,twitter,fake,23,1537,12,25,15,1,0,26,0.625,8,5,0.496,2.54,11.457
meera_rao2,instagram,real,184,321,17,257,1406,1,1,134,0.1,10,51,1.0,51.3,1.278
amara_park2,facebook,real,85,101,223,81,115,1,1,97,0.0909,11,9,0.8858,9.1,4.942
id3229,twitter,fake,15,928,10,1,92,0,0,2,0.6667,6,3,0.2158,2.25,0.056
leila_berg5,instagram,real,245,377,300,7,1405,1,1,12,0.0909,11,7,0.7201,7.01,0.033
qpromo519609,facebook,fake,14,643,37,4,20,0,0,52,0.5,12,1,0.3002,1.86,11.868
xx073,instagram,fake,22,772,7,1,4,1,0,11,0.6,5,1,0.3629,14.68,2.123
follow_0075129,instagram,fake,12,1768,8,9,73,1,0,40,0.5,14,1,0.4875,2.76,0.848
net_7068614,twitter,fake,6,1361,1,16,20,0,0,11,0.6364,11,0,0.2649,1.15,9.482
marconair2,instagram,real,81,305,22,40,1585,1,0,62,0.1,10,11,0.7954,17.68,0.175
samir.dsouza,facebook,real,124,154,957,29,72,1,1,50,0.0,12,4,0.7571,35.64,2.808
id_xx236937,instagram,fake,39,951,3,21,1581,1,0,0,0.5455,11,3,0.5858,2.93,0.091
marco_iyer2,instagram,real,473,240,30,8,50,1,1,57,0.0909,11,3,0.6733,42.46,1.075
official.bot7466,facebook,fake,19,1305,12,3,33,1,0,40,0.25,16,4,0.4455,1.63,0.682
aishanguyen,instagram,real,210,441,36,87,779,0,1,136,0.0,11,33,0.8333,60.91,0.778
win5022,instagram,fake,93,1200,2,3,6,1,0,12,0.5714,7,1,0.3747,1.48,3.619
ninabrook99,twitter,real,76,104,10,151,429,1,1,40,0.1818,11,12,0.9165,1.18,2.46
leila.park,instagram,real,532,512,17,180,531,1,1,143,0.0,10,7,1.0,34.95,2.37
felixweiss2,instagram,real,1263,103,65,67,1934,1,0,56,0.0909,11,14,0.7828,78.61,0.243
acc.user312982,instagram,fake,25,796,4,16,2018,1,1,10,0.4286,14,4,0.7549,3.4,0.057
devalvarez2,instagram,fake,69,947,4,5,28,0,0,18,0.0909,11,3,0.2363,0.64,1.145
freya_berg3,twitter,real,638,202,10,1078,464,1,0,32,0.0909,11,21,0.733,29.42,16.265
newdeal45143,facebook,fake,6,1045,16,6,88,1,0,30,0.4167,12,1,0.4605,2.92,0.468
real.5901774,twitter,fake,18,835,5,3,20,1,0,20,0.5833,12,1,0.394,6.52,4.814
follow.9863325,facebook,fake,6,828,15,4,15,1,0,6,0.5,14,1,0.3705,0.75,5.569
isla_iyer95,facebook,real,78,149,329,60,374,1,0,57,0.1818,11,55,0.7847,9.84,1.12
aisha.rao,instagram,real,199,156,27,155,220,1,1,72,0.0,9,26,0.9177,89.43,4.924
felix_chen2,facebook,real,179,447,233,45,299,1,1,67,0.0909,11,13,0.9427,16.81,1.044
anikanguyen7,instagram,fake,17,1810,5,4,17,1,0,19,0.0833,12,2,0.3964,0.78,1.538
ravi.okoye,twitter,real,187,337,12,12,1217,1,0,10,0.0,10,22,0.5692,1.64,0.067
net_q9818965,facebook,fake,25,391,17,7,21,1,1,5,0.5833,12,1,0.5471,1.04,2.186
mayadsouza93,twitter,real,406,321,11,42,1080,1,0,125,0.1667,12,22,0.8333,15.86,0.272
net.win339094,twitter,fake,12,1021,5,1,35,0,1,7,0.4615,13,2,0.3675,1.31,0.191
accnew7114812,instagram,fake,15,862,14,23,1134,1,0,17,0.5385,13,1,0.6294,5.5,0.14
samir_vale2,facebook,real,483,53,257,135,297,1,0,156,0.0909,11,19,0.8023,40.74,3.184
xx.acc506818,instagram,fake,13,1438,6,6,18,0,0,50,0.5,12,2,0.3021,1.25,2.217
q_net118,instagram,fake,58,2914,21,2,10,0,0,42,0.375,8,1,0.2697,6.21,1.737
elenanair98,instagram,real,381,353,10,589,922,1,0,51,0.1818,11,7,0.7734,110.67,4.468
theovale5,instagram,fake,20,2725,7,3,24,1,0,36,0.1111,9,1,0.4324,0.9,0.912
follow.bot1048,twitter,fake,2,1839,5,5,10,1,0,25,0.2857,14,2,0.4104,3.28,3.406
mayanguyen96,facebook,real,59,119,934,297,227,1,0,107,0.1667,12,11,0.7703,14.7,9.152
priya.hassan,instagram,real,251,243,72,102,386,1,1,149,0.0,12,4,1.0,65.36,1.841
user_new193535,facebook,fake,448,527,50,54,45,1,0,37,0.4286,14,6,0.5976,10.49,8.426
omar.nguyen,facebook,real,332,164,301,260,1886,0,0,77,0.0,11,12,0.6598,29.16,0.966
noahsingh3,instagram,real,362,294,88,12,9,1,1,48,0.1,10,4,0.6511,5.55,8.965
leila_brook,instagram,real,862,165,29,186,653,1,0,116,0.0,11,19,0.8333,68.2,1.989
nina_dsouza2,facebook,real,99,315,238,126,417,1,1,47,0.0833,12,18,0.9303,68.56,2.11
clarachen,instagram,real,613,130,71,13,41,1,0,96,0.0,9,7,0.5715,30.84,2.161
user.new4570,facebook,fake,4,657,33,6,10,0,0,22,0.3333,12,4,0.2418,1.29,4.271
follow_follow340680,twitter,fake,10,596,2,4,97,0,0,45,0.3158,19,1,0.2149,1.17,0.308
sienna.brook2,twitter,real,253,84,19,218,892,1,0,169,0.0769,13,9,0.8333,17.34,1.71
promo.0307901,twitter,fake,8,858,2,38,1042,1,0,41,0.5385,13,2,0.743,1.76,0.256
xx481,twitter,fake,2,579,4,4,45,0,0,15,0.6,5,4,0.2358,1.71,0.678
mayaiyer2,instagram,real,2351,369,42,111,531,1,0,107,0.1111,9,25,0.8333,58.52,1.458
nina.nguyen,instagram,real,138,628,23,187,460,1,1,120,0.0,11,26,1.0,60.84,2.843
mayakhan,instagram,real,578,169,48,104,729,1,1,50,0.0,8,11,0.938,1354.33,0.994
theo.dsouza3,facebook,real,74,130,177,14,1273,1,1,10,0.0833,12,8,0.7448,6.21,0.075
jonasmoreau94,instagram,real,562,211,50,184,339,1,1,50,0.1538,13,21,0.9246,52.85,3.797
aishaweiss2,facebook,real,71,111,308,44,421,1,0,0,0.0909,11,13,0.6667,12.69,0.727
marcosingh7,instagram,fake,47,2755,3,5,8,0,1,16,0.0909,11,2,0.3898,6.86,4.02
felixokoye,instagram,real,248,836,35,8,31,1,1,60,0.0,10,2,0.6711,1.54,1.743
deal4741666,facebook,fake,15,748,56,2,12,0,0,5,0.6364,11,1,0.1907,3.35,1.027
theoberg,facebook,real,46,80,206,64,173,1,1,118,0.0,8,12,0.9123,12.9,2.602
user_user385431,instagram,fake,95,987,23,6,63,1,0,18,0.4,15,5,0.4265,2.98,0.713
noah_kade,instagram,real,2516,184,23,17,424,1,0,89,0.0,9,6,0.7355,164.43,0.273
real.win111295,twitter,fake,9,1768,8,5,10,1,0,53,0.4286,14,1,0.4685,4.3,3.532
follow_user02883,facebook,fake,17,418,23,2,11,1,0,20,0.3125,16,0,0.3864,5.24,5.921
elena_rao,instagram,real,242,312,7,158,1007,1,1,101,0.0,9,32,1.0,19.0,1.096
devhassan3,instagram,real,233,83,10,167,358,1,0,82,0.1,10,26,0.8301,145.81,3.269
dev_nguyen92,facebook,real,42,100,714,64,2677,1,1,52,0.1667,12,34,0.942,33.48,0.169
real.853,twitter,fake,2,937,3,1,59,0,1,44,0.375,8,2,0.457,1.7,0.167
net_702279,twitter,fake,8,1031,9,9,71,1,0,25,0.6,10,0,0.4572,2.74,0.916
arjun.kade,instagram,real,49,158,12,44,1137,1,1,56,0.0,10,6,0.9492,19.51,0.268
id345665,instagram,fake,9,1819,3,1,8,1,0,20,0.75,8,3,0.385,4.24,1.127
marco.santos,facebook,real,168,200,135,81,1549,1,0,115,0.0,12,10,0.8333,7.55,0.366
real_968,instagram,fake,31,1927,17,3,14,0,0,40,0.375,8,1,0.2685,3.3,13.836
freyakade4,instagram,real,563,319,12,38,1198,1,1,45,0.1,10,5,0.9182,45.99,0.222
jonas.nguyen2,instagram,real,195,426,186,62,340,1,0,4,0.0769,13,12,0.6636,41.18,1.268
mayabrook8,facebook,fake,6,1165,10,22,1759,1,0,8,0.1,10,6,0.6065,5.81,0.086
rohan.brook,twitter,real,233,391,15,180,1103,0,0,87,0.0,11,11,0.6667,12.02,1.142
amara_dsouza,facebook,real,97,171,394,204,413,1,1,146,0.0,12,5,1.0,24.32,3.458
noah_khan,instagram,real,129,198,14,49,1032,1,1,86,0.0,9,13,1.0,28.22,0.329
islapark99,instagram,real,1326,230,15,288,336,1,1,101,0.2,10,3,0.9868,9.28,5.993
islaberg3,facebook,real,266,174,372,20,303,1,1,0,0.1111,9,8,0.7216,16.3,0.461
maya.rao,twitter,real,517,202,36,4,7,1,1,62,0.0,8,3,0.6476,2.41,3.522
anikapark,facebook,real,1343,157,244,19,581,1,1,155,0.0,9,8,0.9123,13.03,0.228
q.xx1288576,instagram,fake,12,944,4,3,23,1,0,42,0.6364,11,2,0.4421,3.27,0.814
claranguyen,facebook,real,223,100,500,3,7,1,0,121,0.0,11,2,0.5141,1.55,2.624
tmpreal3929,instagram,fake,40,2285,11,3,10,1,0,8,0.3636,11,0,0.3652,3.54,10.902
nina_weiss,instagram,real,656,340,18,23,1092,1,0,68,0.0,10,21,0.7387,142.46,0.148
zarabrook2,facebook,real,88,224,355,15,20,1,1,95,0.1,10,1,0.7402,14.26,5.41
id_34989,instagram,fake,3,2834,5,4,11,1,0,17,0.625,8,1,0.39,3.05,2.485
meeravale,facebook,real,404,261,507,235,426,1,1,86,0.0,9,5,1.0,136.88,3.855
jonasiyer4,instagram,fake,18,1101,2,3,33,0,0,37,0.1,10,1,0.2737,4.07,0.726
freyasantos,facebook,real,219,109,211,125,1135,1,1,86,0.0,11,8,1.0,36.77,0.769
net.deal7222216,instagram,fake,30,1033,6,12,43,1,1,0,0.4667,15,1,0.5696,3.31,1.951
leila.alvarez2,twitter,real,438,66,27,101,1290,1,1,21,0.0714,14,5,0.8763,29.44,0.546
net0094,facebook,fake,58,1986,18,43,1697,1,0,40,0.5714,7,0,0.7506,0.32,0.177
tmpxx62016,facebook,fake,71,2621,7,8,85,0,0,16,0.5,10,3,0.2729,1.95,0.674
elena_santos3,twitter,real,1745,220,14,397,638,1,1,3,0.0769,13,31,0.8405,6.48,4.353
tmpuser09759,instagram,fake,24,914,5,1,34,0,0,51,0.4167,12,1,0.2926,3.94,0.254
amarasantos4,twitter,real,1338,71,65,10,1022,1,1,13,0.0833,12,11,0.7362,2.2,0.07
ravi.nair,instagram,real,1066,310,30,33,1353,1,1,125,0.0,9,18,0.9696,46.83,0.169
raviiyer1,twitter,fake,28,2472,7,36,17,1,0,46,0.1111,9,1,0.5851,1.22,14.637
omarweiss,facebook,real,107,99,377,83,795,1,1,75,0.0,9,15,0.9889,106.06,0.73
sienna_kade,facebook,real,259,93,1000,18,787,1,1,86,0.0,11,25,0.9077,8.53,0.159
jonassingh,instagram,real,1101,672,24,19,11,1,1,96,0.0,10,3,0.7511,28.02,12.134
marcohassan3,instagram,real,249,90,23,573,542,1,1,98,0.0833,12,6,1.0,101.3,7.396
acc_xx0605,facebook,fake,43,1268,24,1,51,0,1,0,0.4,10,1,0.362,1.34,0.176
sienna.dsouza,facebook,real,62,384,932,106,3054,1,0,59,0.0,13,50,0.7904,43.51,0.242
bot.5505932,twitter,fake,41,1378,15,8,68,1,0,0,0.6364,11,1,0.3971,2.05,0.808
leo.chen2,facebook,real,129,128,697,6,45,1,1,81,0.1111,9,1,0.7107,0.51,0.876
arjun_berg2,instagram,real,287,243,34,12,707,1,1,12,0.0909,11,23,0.742,9.46,0.12
deal.111,instagram,fake,10,1291,7,6,57,1,0,25,0.375,8,4,0.4345,7.16,0.682
arjunnguyen1,twitter,fake,6,1865,4,23,1336,1,0,27,0.0833,12,2,0.6508,1.32,0.119
meera_rao3,instagram,real,3150,138,25,172,878,1,1,126,0.1,10,12,1.0,57.2,1.374
new.4062,facebook,fake,11,412,20,8,39,0,0,29,0.5,8,6,0.2799,1.29,1.519
netfollow9323855,instagram,fake,29,2161,2,2,17,0,0,51,0.4375,16,4,0.2885,3.59,12.349
theo.iyer2,instagram,real,1828,600,33,190,344,1,0,69,0.1,10,6,0.8007,40.42,3.868
elenaokoye1,instagram,fake,22,1163,9,8,14,0,0,15,0.0909,11,0,0.2388,11.06,6.676
devrao2,facebook,real,194,124,404,42,2036,1,1,38,0.1429,7,47,0.9125,12.05,0.143
leo_khan3,instagram,real,367,437,52,98,435,1,1,39,0.1111,9,53,0.9137,72.67,1.583
acc.deal84119,twitter,fake,6,546,6,11,135,0,0,0,0.3846,13,1,0.2727,2.61,0.552
marco_hassan95,facebook,real,29,150,709,32,2102,1,1,58,0.1429,14,18,0.9196,83.92,0.105
new.follow769341,instagram,fake,70,1196,15,5,107,0,0,60,0.375,16,2,0.3616,1.33,0.326
kai_singh2,instagram,real,1778,461,23,37,1167,1,0,15,0.1,10,22,0.6861,15.15,0.223
elena.hassan,twitter,real,1009,108,44,16,1087,1,0,79,0.0,12,4,0.7325,20.0,0.105
omarkade2,twitter,real,347,106,26,348,193,1,0,0,0.1111,9,19,0.5881,16.93,12.616
zara.chen,facebook,real,171,146,212,2,1368,1,1,14,0.0,9,11,0.7057,11.44,0.012
botq4070,instagram,fake,298,1447,39,31,45,1,0,77,0.5,8,10,0.6427,15.47,4.765
marco.chen,twitter,real,507,58,16,12,508,1,1,20,0.0,10,27,0.7573,1.3,0.163
q_bot763132,instagram,fake,11,1172,7,6,28,0,0,27,0.5455,11,1,0.2578,2.05,1.389
elenaberg98,facebook,real,486,86,440,14,554,1,0,13,0.1818,11,40,0.5866,1.39,0.177
mayavale92,facebook,real,40,238,308,70,317,1,1,51,0.2,10,7,0.9177,7.34,1.538
ninaberg2,instagram,fake,47,1193,7,3,92,1,0,14,0.1111,9,5,0.4157,4.6,0.22
hugovale2,twitter,real,267,124,3,10,332,1,1,16,0.1111,9,7,0.7261,0.32,0.212
ninasantos,instagram,real,319,156,81,9,556,1,0,24,0.0,10,10,0.5886,3.03,0.118
dev_park4,facebook,real,466,162,542,10,53,1,1,190,0.1111,9,1,0.733,1.6,1.337
nina_berg,facebook,real,197,104,124,21,700,1,1,26,0.0,9,15,0.8085,20.19,0.212
amara_brook,instagram,real,118,130,24,52,568,1,0,0,0.0,11,5,0.6667,46.1,0.635
anika.nguyen4,instagram,real,1171,312,47,71,461,1,1,72,0.0769,13,5,0.9835,21.14,1.075
isla_chen,instagram,real,1869,309,26,54,2001,1,1,103,0.0,9,12,1.0,20.0,0.191
devsingh5,facebook,fake,8,688,19,8,37,1,0,46,0.1111,9,2,0.4783,0.91,1.5
samirnguyen2,facebook,real,199,210,364,71,661,1,1,68,0.0833,12,18,0.974,11.06,0.749
freyapark6,facebook,fake,14,878,25,7,56,1,0,36,0.1,10,2,0.465,1.03,0.913
q.new7462390,instagram,fake,10,864,12,4,48,1,0,31,0.5833,12,3,0.4391,4.23,0.639
kaidsouza7,instagram,fake,30,907,29,27,50,1,0,36,0.1,10,2,0.5432,1.46,3.777
adityasantos2,twitter,real,83,65,9,448,1364,1,0,72,0.0769,13,13,0.8166,7.48,2.297
acc.promo895451,facebook,fake,6,393,39,7,5,0,0,49,0.4,15,2,0.2992,2.46,9.804
deal_user24226,facebook,fake,11,993,27,1,19,0,0,44,0.3571,14,2,0.2709,1.88,15.198
anika_chen2,twitter,real,33,388,9,240,926,1,1,169,0.0909,11,3,1.0,3.43,1.814
freya_iyer,instagram,real,253,305,29,296,1221,1,0,56,0.0,10,30,0.783,94.29,1.7
deal255975,twitter,fake,17,774,6,4,11,1,0,0,0.6,10,0,0.354,2.49,17.68
tmp_299,instagram,fake,56,1221,23,2,37,0,0,8,0.4286,7,1,0.209,2.6,0.386
theo_nair,facebook,real,265,199,201,139,389,1,0,152,0.0,9,11,0.8333,43.08,2.496
leobrook2,facebook,real,123,102,146,73,1845,1,1,182,0.1111,9,9,1.0,7.17,0.276
luciasingh,twitter,real,340,287,43,70,79,1,1,56,0.0,10,38,0.8193,12.21,6.162
aisha.alvarez,instagram,real,1025,335,22,129,707,1,1,61,0.0,13,23,0.9606,23.74,1.273
xx.xx127420,facebook,fake,55,593,11,4,14,0,0,23,0.5455,11,3,0.2364,3.05,1.824
omar_berg,instagram,real,793,426,16,19,16,1,0,124,0.0,9,4,0.586,12.52,8.267
isla_kade,instagram,real,253,235,17,162,550,1,0,77,0.0,9,8,0.8265,143.57,2.068
bot_new849757,facebook,fake,72,1164,11,4,32,0,1,52,0.4615,13,1,0.4731,1.46,0.917
marco_nair,instagram,real,1519,363,26,60,535,1,1,61,0.0,10,4,0.9612,392.88,0.782
follow5417069,instagram,fake,9,3182,9,2,43,0,0,36,0.5385,13,5,0.2715,2.65,0.363
lucia.santos2,instagram,real,92,230,31,5,1974,0,1,9,0.0769,13,40,0.5392,13.05,0.017
priya.alvarez2,facebook,real,372,188,378,83,2048,1,0,138,0.0714,14,8,0.8333,50.55,0.284
accnew963,facebook,fake,6,603,50,24,7,0,0,40,0.3333,9,1,0.354,2.87,12.393
q780283,instagram,fake,22,620,8,10,38,1,0,40,0.8571,7,0,0.4749,3.84,1.79
maya_berg3,twitter,real,1882,330,18,407,1312,1,1,175,0.1,10,8,1.0,29.27,2.174
priya_rao3,facebook,real,168,132,379,47,2236,1,1,18,0.1,10,7,0.8708,14.38,0.148
acc_new28059,twitter,fake,60,793,1,47,939,1,0,22,0.4167,12,1,0.7123,0.72,0.349
samir.iyer,facebook,real,98,368,303,37,1719,1,1,91,0.0,10,11,0.9858,25.03,0.149
bot_new7266,instagram,fake,6,1656,12,3,6,0,0,0,0.3636,11,1,0.1799,1.25,15.056
newnew43956,facebook,fake,3,823,73,9,60,0,0,36,0.4545,11,2,0.3049,3.6,0.993
noah_park,facebook,real,270,149,240,5,501,0,0,18,0.0,9,7,0.3931,3.71,0.073
anikaweiss2,instagram,real,2190,230,61,139,763,1,0,133,0.0909,11,8,0.8333,78.51,1.273
meerakhan5,instagram,fake,6,760,7,25,973,1,0,34,0.1,10,2,0.6748,2.66,0.181
elenaweiss3,facebook,fake,3,408,59,3,50,0,0,14,0.0909,11,1,0.2316,0.97,0.456
freya_alvarez92,instagram,real,2007,430,22,83,1143,1,1,32,0.1333,15,15,0.8994,69.69,0.51
amara_dsouza2,facebook,real,392,152,450,93,938,1,0,211,0.0769,13,73,0.8333,34.07,0.691
aisha.chen,instagram,real,1625,232,24,72,845,1,1,101,0.0,10,17,1.0,69.14,0.594
aisha.singh,twitter,real,72,517,12,12,906,0,0,19,0.0,11,33,0.4213,0.92,0.091
zara.nguyen,instagram,real,81,85,19,3,42,1,1,111,0.0,11,2,0.7002,12.07,0.575
zara.vale98,instagram,real,8310,229,16,91,798,1,0,69,0.1818,11,12,0.81,8.33,0.799
noah_hassan,twitter,real,1396,105,8,320,1016,1,1,65,0.0,11,10,0.9696,4.08,2.203
rohan_moreau,instagram,real,284,134,60,6,4793,1,0,0,0.0,12,14,0.5269,4.96,0.009
zara.khan,twitter,real,56,275,21,114,1575,0,0,33,0.0,9,11,0.5688,13.1,0.506
luciavale7,instagram,fake,47,1098,10,4,29,1,0,37,0.1,10,1,0.4401,1.54,0.988
leilamoreau1,facebook,fake,6,493,18,1,10,0,0,0,0.0833,12,1,0.1745,2.4,0.542
freya.vale3,facebook,real,342,147,223,36,2426,1,1,137,0.0909,11,15,0.9819,49.21,0.103
jonas.okoye2,facebook,real,104,174,422,5,532,1,1,20,0.0833,12,4,0.7273,5.06,0.06
anikamoreau,instagram,real,361,206,18,52,346,0,1,4,0.0,11,9,0.6663,34.18,1.045
aditya.iyer,twitter,real,312,167,16,485,1136,1,0,102,0.0,11,26,0.8333,17.48,2.992
promo.win0431799,instagram,fake,24,1066,28,3,17,1,1,0,0.4375,16,1,0.5206,3.58,1.27
new_55864,facebook,fake,16,879,36,4,15,1,0,24,0.5556,9,2,0.4062,2.0,1.765
theo.chen2,twitter,real,51,271,25,12,30,1,0,115,0.1,10,1,0.5633,2.93,2.78
acc80797,twitter,fake,4,1287,2,5,50,1,0,25,0.625,8,6,0.4308,1.11,0.75
tmp_865433,facebook,fake,20,357,30,2,17,0,0,33,0.6,10,1,0.2521,2.45,0.935
tmpnew306861,instagram,fake,25,510,3,4,14,0,0,22,0.5,12,2,0.2363,1.88,1.989
ninadsouza2,instagram,real,601,392,22,173,203,1,0,85,0.0909,11,16,0.7594,70.11,5.96
theo.weiss3,instagram,real,31,233,46,87,955,1,1,168,0.0909,11,15,1.0,143.47,0.635
zara.park,twitter,real,148,145,7,38,229,1,0,80,0.0,9,10,0.7611,6.42,1.154
tmp.acc45530,facebook,fake,10,996,5,6,131,1,0,48,0.4167,12,2,0.5202,1.38,0.342
aditya.okoye,instagram,real,524,97,13,108,991,1,0,150,0.0,12,60,0.8333,38.08,0.763
nina_costa2,facebook,real,659,101,436,98,753,1,1,71,0.0909,11,65,0.9818,31.89,0.913
xx_official9817,instagram,fake,62,2143,14,4,23,0,0,37,0.2667,15,3,0.269,0.97,1.091
devchen7,facebook,fake,10,448,22,58,392,1,0,11,0.125,8,1,0.6903,6.57,1.039
maya.rao2,facebook,real,33,205,576,176,4926,1,1,60,0.1111,9,13,0.9593,77.52,0.25
deal_real9097,twitter,fake,8,629,5,4,23,1,0,44,0.3077,13,2,0.4534,2.71,1.322
deal_0529799,facebook,fake,31,412,48,8,39,1,0,25,0.5833,12,2,0.4354,1.18,1.377
anika_brook98,instagram,real,681,593,61,232,814,0,1,109,0.1538,13,5,0.8333,180.68,1.998
marcodsouza2,twitter,real,1868,338,8,789,1308,1,1,116,0.0833,12,23,1.0,41.46,4.222
id_deal369,instagram,fake,2,4833,4,3,74,1,0,15,0.3,10,1,0.4121,8.29,0.325
hugo_dsouza90,instagram,real,606,749,25,357,1379,1,1,119,0.1538,13,25,1.0,78.7,1.812
devberg94,facebook,real,186,313,346,46,912,1,1,90,0.2222,9,11,1.0,16.28,0.354
id.88221,facebook,fake,5,1286,21,2,24,1,0,18,0.625,8,1,0.3908,3.35,0.598
botnew11246,twitter,fake,6,1548,3,9,79,0,0,4,0.4545,11,1,0.2508,1.87,0.828
omar_vale2,facebook,real,743,249,425,115,495,1,1,77,0.1,10,7,0.9932,19.53,1.632
new_xx019,twitter,fake,15,1384,12,24,2070,1,0,36,0.3333,9,2,0.6729,0.97,0.08
samirvale,instagram,real,1594,255,89,61,455,1,0,88,0.0,9,6,0.8333,390.31,0.935
meera.weiss,facebook,real,89,102,289,133,695,1,1,87,0.0,11,12,1.0,14.75,1.343
new_229492,facebook,fake,15,621,27,25,1674,1,0,28,0.6,10,2,0.6626,0.8,0.105
tmp_6306927,instagram,fake,31,3932,4,3,4,1,0,0,0.6364,11,1,0.3479,2.19,12.313
samir_vale3,facebook,real,93,60,747,16,1290,1,1,174,0.0909,11,35,0.8998,7.48,0.087
follow.2225,instagram,fake,557,1649,1,33,40,1,0,136,0.3636,11,5,0.6553,13.93,5.755
omarchen,facebook,real,1146,136,477,45,1533,1,1,207,0.0,8,17,1.0,49.18,0.205
bot80402,facebook,fake,10,618,42,1,16,0,1,18,0.625,8,2,0.383,8.35,0.572
dev.moreau,twitter,real,490,272,10,197,1016,1,0,42,0.0,10,9,0.7537,3.05,1.361
kaiokoye32,facebook,fake,7,1035,47,1,33,1,0,3,0.2,10,3,0.3583,2.7,0.134
omar_okoye2,facebook,real,138,183,195,9,41,1,1,121,0.0909,11,3,0.7211,9.2,1.464
bot_15459,twitter,fake,14,1250,9,0,29,1,0,27,0.5556,9,0,0.4043,1.49,0.103
clara_rao,facebook,real,457,313,444,123,674,1,1,21,0.0,9,51,0.8777,8.31,1.273
id.4720,facebook,fake,11,2526,21,16,11,0,0,0,0.5714,7,3,0.2388,6.4,10.248
follow.82835,twitter,fake,1,1103,3,15,6,0,0,19,0.4167,12,3,0.273,0.7,6.296
lucia_nguyen2,facebook,real,418,195,236,55,1012,1,1,45,0.0769,13,42,0.9279,33.96,0.379
bot.promo059,instagram,fake,14,1281,5,2,49,1,0,14,0.25,12,2,0.3955,0.56,0.333
freyavale2,twitter,real,241,76,19,22,11,1,0,64,0.1,10,1,0.5628,4.82,13.833
dealnet060,facebook,fake,3,460,25,20,9,0,0,27,0.3,10,1,0.3113,2.09,8.448
noah_kade2,facebook,real,89,135,530,33,771,1,1,102,0.1,10,18,0.9726,12.67,0.303
net_user106,twitter,fake,10,1073,9,4,59,1,0,0,0.2727,11,1,0.377,1.84,0.478
usernet3612737,facebook,fake,8,1211,50,4,66,1,0,0,0.5,14,1,0.3816,0.83,0.461
aisha.iyer90,instagram,real,388,748,82,61,413,1,0,0,0.1667,12,18,0.6667,29.39,1.038
meera_nguyen2,instagram,real,1483,333,11,18,51,1,0,118,0.0769,13,4,0.6,9.03,2.526
clarasingh8,facebook,fake,16,477,24,1,5,1,1,26,0.0909,11,2,0.5594,3.17,0.787
q094,twitter,fake,46,1433,7,2,29,0,0,25,0.75,4,1,0.2409,2.3,0.488
netnet1307,facebook,fake,14,339,47,4,29,0,0,29,0.4,10,1,0.2568,1.0,0.929
samirdsouza,facebook,real,232,85,461,2,518,1,1,19,0.0,11,6,0.7145,3.29,0.03
marco.alvarez,instagram,real,1181,186,12,531,594,1,1,170,0.0,13,59,1.0,73.86,6.257
deal_3931,facebook,fake,17,414,13,9,28,1,0,0,0.4444,9,2,0.385,1.65,2.336
official_6458728,instagram,fake,32,3124,5,2,23,0,0,0,0.4375,16,2,0.1841,8.82,0.507
leo_khan4,facebook,real,248,162,355,22,416,1,1,143,0.1111,9,18,0.9241,14.72,0.366
devchen,facebook,real,277,100,114,4,628,1,1,5,0.0,7,26,0.6953,0.32,0.047
amaravale1,instagram,fake,13,2170,12,3,27,1,0,0,0.1,10,3,0.3601,0.42,0.899
maya.iyer2,instagram,real,857,403,17,23,1815,1,0,53,0.1,10,34,0.7062,102.17,0.088
elenaberg3,instagram,real,598,257,29,16,10,1,0,87,0.1,10,1,0.5714,37.04,11.227
priyabrook,twitter,real,190,149,29,2,22,1,1,3,0.0,10,1,0.5242,0.15,0.538
winfollow691452,twitter,fake,24,1548,1,12,10,0,0,21,0.4,15,3,0.2668,2.71,8.727
jonasiyer6,facebook,fake,26,1015,18,6,74,0,0,20,0.1,10,1,0.2653,2.73,0.541
official_589484,instagram,fake,20,1555,17,16,476,1,0,33,0.4,15,2,0.6348,7.48,0.234
q7841246,facebook,fake,7,951,20,1,57,0,0,30,0.875,8,1,0.2608,2.27,0.179
arjunkade6,facebook,fake,13,694,40,35,1267,1,0,6,0.1,10,2,0.657,1.55,0.192
mayamoreau3,facebook,fake,14,1911,17,5,32,0,1,10,0.0909,11,1,0.3883,1.67,0.995
win_63880,instagram,fake,21,786,8,8,33,0,0,73,0.5556,9,2,0.3671,1.05,1.712
xxpromo8418342,facebook,fake,7,814,19,7,9,1,0,6,0.5,14,2,0.38,3.37,5.517
xxxx8074137,instagram,fake,26,562,17,10,72,0,0,16,0.6364,11,2,0.2751,2.05,0.975
felixvale3,twitter,real,202,236,10,19,54,1,1,74,0.1,10,2,0.7554,7.33,2.409
realxx7125882,twitter,fake,2,3750,3,13,20,1,0,17,0.5385,13,2,0.4337,0.99,4.612
netnew7295515,facebook,fake,79,638,12,48,1266,1,0,50,0.5385,13,1,0.7718,0.94,0.266
arjun_berg3,instagram,real,212,496,112,18,11,1,0,105,0.0909,11,4,0.5794,11.57,11.354
dev_nair,twitter,real,523,219,14,22,41,1,0,62,0.0,8,1,0.5726,6.75,3.754
jonasnguyen,facebook,real,22,112,277,11,672,1,1,122,0.0,11,10,0.8789,4.4,0.114
omar.vale,instagram,real,921,278,15,147,1047,1,0,174,0.0,9,22,0.8333,43.28,0.981
hugovale22,facebook,fake,29,942,18,3,18,0,0,39,0.2,10,3,0.2673,3.33,1.017
official.286,twitter,fake,15,800,4,7,37,0,0,28,0.25,12,2,0.2717,3.39,1.315
deal4969,instagram,fake,378,1086,22,48,109,1,1,53,0.5,8,7,0.8265,30.35,3.072
bot77625,twitter,fake,3,2580,10,6,60,1,1,18,0.625,8,2,0.5896,1.83,0.676
lucia.singh,instagram,real,252,156,48,7,551,1,0,66,0.0,11,44,0.6682,25.99,0.095
omar_moreau,instagram,real,265,707,12,19,43,1,0,145,0.0,11,3,0.598,4.07,3.061
win_707363,facebook,fake,37,741,29,23,485,1,0,32,0.6,10,2,0.6646,2.52,0.338
rohansantos3,twitter,fake,5,1161,17,16,88,0,0,0,0.0833,12,1,0.2727,1.99,1.257
hugocosta2,instagram,real,501,136,29,53,614,1,1,64,0.1,10,8,0.9673,44.61,0.609
leohassan2,instagram,real,1380,233,7,143,588,1,1,100,0.1,10,25,1.0,1377.7,1.697
amara_moreau,twitter,real,221,295,4,138,1855,1,0,99,0.0,12,31,0.8333,65.81,0.52
xxuser111465,facebook,fake,2,715,30,40,1552,1,0,0,0.5,12,2,0.6667,1.13,0.181
leilaokoye,facebook,real,649,315,144,141,696,1,1,56,0.0,10,33,0.9505,27.01,1.42
follow_id19913,instagram,fake,18,2306,20,11,25,1,1,25,0.3571,14,6,0.6109,1.52,3.152
qq066934,instagram,fake,235,1635,22,2,24,0,0,39,0.75,8,2,0.2672,5.4,0.627
noah.vale,facebook,real,144,190,291,113,620,1,1,99,0.0,9,16,1.0,29.2,1.276
deal_bot87843,facebook,fake,29,1500,40,41,809,1,1,40,0.3846,13,1,0.9163,1.63,0.357
aisha.brook2,twitter,real,290,467,4,455,613,1,0,170,0.0833,12,12,0.8333,57.05,5.201
anika.singh99,facebook,real,76,198,465,35,1399,1,1,57,0.1538,13,8,0.929,50.85,0.173
rohanbrook2,twitter,real,208,273,11,73,753,1,1,149,0.0909,11,24,1.0,9.97,0.679
promonet472889,facebook,fake,428,1050,8,55,85,1,0,120,0.4286,14,3,0.7055,24.89,4.535
kai_santos,instagram,real,414,179,57,32,187,1,0,113,0.0,10,33,0.7172,8.51,1.184
bot.user16905,facebook,fake,6,1358,23,2,13,0,1,2,0.3846,13,4,0.3536,2.93,1.289
official.tmp243,twitter,fake,6,651,5,24,1496,1,0,39,0.2,15,1,0.6819,1.08,0.112
samir.brook,instagram,real,495,282,10,263,453,1,1,106,0.0,11,6,1.0,25.07,4.066
freya.santos2,twitter,real,594,161,35,5,53,1,1,152,0.0769,13,6,0.7101,4.37,0.609
bot.028579,facebook,fake,164,909,31,1,119,0,0,20,0.6,10,2,0.2662,1.75,0.061
theo.alvarez,instagram,real,1489,122,32,89,2552,1,1,97,0.0,12,7,1.0,19.41,0.243
user_535179,instagram,fake,42,1205,1,8,15,0,1,1,0.5455,11,2,0.3748,2.97,3.558
omarrao7,twitter,fake,33,571,3,5,49,0,0,8,0.125,8,1,0.2261,0.47,0.663
marcomoreau3,facebook,fake,20,940,17,1,34,0,0,18,0.0833,12,5,0.2251,2.88,0.249
id.acc205,facebook,fake,504,935,22,64,41,1,1,78,0.3333,9,8,0.8479,5.33,10.843
leo.berg,twitter,real,390,104,8,48,98,1,1,124,0.0,8,10,0.8781,2.22,3.447
deviyer,twitter,real,1139,60,4,150,1717,1,0,115,0.0,7,11,0.8333,15.67,0.611
userdeal948,facebook,fake,64,849,4,2,14,0,0,11,0.2727,11,2,0.2024,1.05,0.856
meera_hassan,instagram,real,17429,391,21,10,1569,1,0,9,0.0,12,11,0.5624,17.46,0.046
leilaokoye2,facebook,real,88,116,338,18,43,0,1,99,0.0909,11,1,0.5965,16.26,3.004
meeradsouza8,instagram,fake,29,881,9,6,36,0,0,26,0.0833,12,2,0.2619,3.4,1.125
anika_khan,instagram,real,607,62,37,190,827,1,0,84,0.0,10,12,0.8333,198.75,1.605
tmp_net79488,facebook,fake,24,479,18,7,76,0,1,14,0.4167,12,1,0.4269,3.98,0.68
meera_weiss,twitter,real,40,194,3,807,255,1,1,138,0.0,11,18,0.9498,9.36,22.161
elenakade2,instagram,real,3007,206,20,62,202,1,1,114,0.1,10,96,0.9256,28.94,2.153
deal_4053396,facebook,fake,21,517,6,2,61,0,1,11,0.5833,12,1,0.3927,2.36,0.254
meera.berg2,instagram,real,344,201,44,69,559,1,0,124,0.0909,11,21,0.8333,199.82,0.864
siennakade,twitter,real,101,282,22,254,197,1,0,75,0.0,10,28,0.7472,24.32,9.01
real.win859,instagram,fake,34,1654,17,26,1044,1,1,26,0.2727,11,1,0.8284,2.2,0.174
omar.nguyen2,twitter,real,3134,318,11,18,23,1,1,38,0.0833,12,6,0.6663,4.52,5.601
theovale2,twitter,real,79,168,26,125,323,0,1,75,0.1111,9,20,0.8044,11.25,2.704
samirsantos1,facebook,fake,4,929,12,3,93,0,0,55,0.0833,12,1,0.3347,1.66,0.204
netid9034,twitter,fake,23,855,4,3,23,0,0,42,0.4444,9,0,0.2769,1.63,0.886
kaipark5,instagram,fake,7,820,3,2,48,1,1,40,0.125,8,4,0.6157,2.14,0.356
net_user7686,facebook,fake,8,953,25,3,8,0,0,36,0.3333,12,2,0.2569,0.98,2.526
ravikade7,instagram,fake,28,2098,14,17,1998,1,0,13,0.1111,9,5,0.597,1.62,0.059
zaramoreau,instagram,real,990,234,14,133,329,1,1,77,0.0,10,25,0.9776,458.79,2.835
followdeal0297,facebook,fake,35,544,69,3,29,0,0,43,0.2857,14,3,0.2814,1.26,0.722
leocosta,instagram,real,396,178,4,134,488,1,0,72,0.0,8,37,0.8165,50.54,1.928
dev.alvarez,instagram,real,302,216,37,477,888,1,0,162,0.0,11,28,0.8333,28.07,3.759
ravibrook,instagram,real,167,140,34,1,30,1,0,1,0.0,9,5,0.3529,4.97,0.157
theo_okoye2,instagram,real,299,671,28,9,27,1,0,22,0.0909,11,2,0.4282,33.17,2.283
realnet168240,facebook,fake,4,881,59,2,25,0,0,60,0.4615,13,2,0.3107,2.77,0.547
rohanalvarez7,instagram,fake,10,1136,24,5,28,0,0,17,0.0769,13,1,0.2349,7.1,1.26
net_new6533,facebook,fake,17,787,22,3,145,0,0,22,0.3636,11,0,0.2915,2.54,0.158
acc035015,instagram,fake,12,2018,19,2,15,1,0,34,0.6667,9,2,0.4184,3.79,0.734
samirpark,instagram,real,107,272,6,30,168,1,1,79,0.0,9,29,0.8647,66.24,1.241
samirrao7,facebook,fake,18,760,27,3,16,1,1,16,0.1111,9,1,0.5512,2.66,1.113
win.official416958,instagram,fake,7,2148,7,3,6,1,0,0,0.3333,18,1,0.3504,3.64,6.699
real.4020,instagram,fake,172,1666,11,90,18,1,1,130,0.4444,9,12,0.8416,11.36,34.945
real_3551,facebook,fake,47,520,8,32,1064,1,0,61,0.4444,9,3,0.7617,1.65,0.213
official.741667,twitter,fake,10,1789,6,59,1695,1,0,47,0.4,15,1,0.7653,2.94,0.245
leokhan90,instagram,real,145,208,51,49,468,1,0,72,0.2222,9,26,0.8175,4.9,0.736
aishadsouza5,twitter,fake,11,968,10,37,1397,1,0,61,0.0833,12,3,0.7817,0.57,0.186
elenavale,instagram,real,398,244,23,74,1253,1,1,45,0.0,9,13,0.9273,493.22,0.412
ravi_nair2,facebook,real,318,89,803,17,179,1,1,114,0.1,10,56,0.8183,34.98,0.656
devcosta3,instagram,real,1440,368,14,545,1032,1,0,78,0.1111,9,24,0.8298,61.63,3.697
priyaberg,facebook,real,439,164,272,78,803,1,1,133,0.0,9,11,1.0,10.02,0.678
win_870,instagram,fake,42,1729,3,1,48,1,0,35,0.4286,7,2,0.4338,10.64,0.206
noah_singh,instagram,real,6609,259,79,138,621,1,0,77,0.0,10,27,0.8274,13.85,1.558
real_acc0689598,twitter,fake,7,429,4,37,1732,1,0,52,0.4667,15,4,0.7616,1.34,0.15
nina_park,twitter,real,45,140,30,149,900,1,0,66,0.0,9,6,0.8042,1.36,1.16
sienna.singh2,facebook,real,1120,290,254,47,640,1,1,81,0.0769,13,13,1.0,33.45,0.518
follow_xx2429,twitter,fake,8,1366,8,16,807,1,0,62,0.3077,13,2,0.6958,3.28,0.137
leilacosta2,facebook,real,157,277,259,98,330,1,1,73,0.0909,11,46,0.9695,16.06,2.083
elenasantos,instagram,real,622,302,154,462,1489,1,0,75,0.0,11,14,0.8235,928.74,2.171
official399488,facebook,fake,22,797,32,2,14,1,0,44,0.4286,14,5,0.4391,2.21,13.526
id.acc22803,facebook,fake,8,649,64,11,17,0,0,0,0.4545,11,3,0.2214,3.38,4.64
freya_okoye,facebook,real,58,162,994,42,294,0,1,95,0.0,11,3,0.8009,6.09,0.994
q_official1202,twitter,fake,7,1796,2,38,1752,1,0,20,0.2857,14,3,0.7,3.78,0.153
official_51390,instagram,fake,28,817,9,16,618,1,0,40,0.3571,14,2,0.6504,6.75,0.183
claranair4,instagram,fake,83,1195,9,3,28,0,0,34,0.1,10,6,0.264,0.68,0.788
rohankhan5,facebook,fake,7,1569,36,9,23,0,1,33,0.1,10,1,0.4494,0.52,2.698
idfollow223600,instagram,fake,460,915,4,84,45,1,1,36,0.4286,14,5,0.763,29.91,13.121
marcodsouza3,instagram,real,376,166,34,139,657,1,1,179,0.0833,12,11,1.0,60.73,1.477
promotmp31065,twitter,fake,10,674,5,4,2,0,0,22,0.3846,13,3,0.2324,2.25,12.487
xx2555,facebook,fake,9,976,44,6,38,1,0,16,0.6667,6,0,0.4088,3.87,1.073
leo_santos98,twitter,real,232,475,7,899,627,1,0,94,0.1667,12,53,0.8333,10.84,10.039
acc266963,facebook,fake,5,432,25,46,1541,1,0,38,0.6667,9,1,0.7464,1.01,0.209
follow.follow101482,instagram,fake,15,2105,11,1,220,0,0,25,0.3158,19,2,0.2151,1.32,0.031
rohan.weiss2,twitter,real,271,55,41,18,13,1,0,126,0.0833,12,5,0.5802,3.11,9.592
tmp_acc5784,twitter,fake,14,572,3,29,22,1,0,18,0.3636,11,4,0.5027,0.76,9.259
omar.moreau2,facebook,real,97,218,516,30,625,1,1,141,0.0833,12,37,0.9599,15.43,0.34
xx.id323272,instagram,fake,55,2781,5,13,42,0,0,6,0.5455,11,2,0.2549,1.47,2.23
theo_singh,facebook,real,700,142,585,20,560,1,1,42,0.0,10,8,0.8372,58.79,0.247
acctmp7806,instagram,fake,17,1748,3,1,36,1,0,34,0.4,10,3,0.4246,1.74,0.194
zara.park2,facebook,real,67,176,238,53,2279,1,1,111,0.1,10,24,1.0,27.56,0.162
official.net2919582,instagram,fake,30,1284,7,41,420,1,0,58,0.3684,19,3,0.6798,3.77,0.691
noahdsouza4,instagram,real,244,273,18,252,1417,1,0,189,0.0909,11,10,0.8333,58.44,1.243
id_xx2733970,facebook,fake,20,840,19,4,47,0,0,45,0.5833,12,1,0.2966,2.94,0.543
mayakhan2,instagram,real,81,568,6,5,39,1,0,15,0.1111,9,1,0.4024,4.17,0.9
felix.nair,facebook,real,561,118,296,88,404,1,1,43,0.0,10,11,0.9219,116.98,1.525
islaiyer4,facebook,fake,21,621,9,17,51,1,0,9,0.1111,9,1,0.4477,2.56,2.387
marcohassan4,instagram,real,1411,610,12,135,661,1,1,65,0.0833,12,5,0.9692,44.65,1.429
promo_promo8830,twitter,fake,8,1335,5,22,63,0,0,5,0.2667,15,1,0.2974,1.9,2.452
priya_rao4,instagram,real,258,238,67,107,107,1,0,56,0.1,10,4,0.6654,38.35,6.999
isla_rao,instagram,real,130,321,16,192,2172,1,1,108,0.0,8,16,1.0,15.6,0.62
priya.alvarez3,facebook,real,315,148,950,248,370,1,1,34,0.0714,14,19,0.9045,39.73,4.688
arjun.alvarez,twitter,real,441,154,11,98,829,1,0,76,0.0,13,12,0.8251,34.17,0.826
followdeal280,instagram,fake,26,2234,13,2,12,0,0,25,0.2308,13,1,0.2341,2.06,1.384
promo8163,facebook,fake,319,426,32,26,42,1,1,78,0.4444,9,12,0.7915,15.06,4.39
samir.moreau95,facebook,real,112,144,275,24,1048,1,1,60,0.1429,14,5,0.889,34.13,0.157
amaracosta,twitter,real,100,175,5,512,914,1,1,93,0.0,10,5,1.0,14.05,3.919
netacc77287,instagram,fake,54,856,7,2,54,0,0,37,0.4545,11,2,0.2765,1.29,0.261
priya.santos3,twitter,real,200,97,25,19,17,0,0,58,0.0769,13,1,0.3757,0.58,7.947
leo_park,instagram,real,179,654,39,117,1580,1,0,159,0.0,8,31,0.8333,28.3,0.518
aditya_nair,facebook,real,488,70,489,265,1099,1,1,3,0.0,11,5,0.839,1.96,1.689
freyarao2,twitter,real,367,124,14,34,752,1,0,128,0.1111,9,31,0.8071,5.79,0.314
bot.net05899,facebook,fake,9,914,42,3,15,1,0,54,0.4167,12,2,0.4648,1.43,1.363
ravibrook7,instagram,fake,38,1405,7,6,114,0,0,0,0.1,10,1,0.2441,0.93,0.374
isla.moreau90,twitter,real,3135,513,30,18,42,1,0,139,0.1538,13,1,0.5958,2.36,3.065
anika.nguyen5,twitter,real,369,89,7,290,702,1,0,106,0.0769,13,14,0.8333,33.13,2.888
dealq6543,instagram,fake,10,611,47,3,9,1,0,21,0.4444,9,1,0.3955,3.45,12.561
felixokoye3,instagram,real,1628,608,30,3,54,1,1,170,0.0909,11,2,0.7057,25.64,0.447
clara_okoye2,twitter,real,219,609,16,216,1373,1,0,26,0.0833,12,14,0.72,28.62,1.103
noah.costa2,facebook,real,369,126,136,22,473,1,0,97,0.0909,11,54,0.759,12.28,0.328
leilakhan2,twitter,real,45,298,27,1,41,0,0,14,0.1,10,6,0.2195,0.47,0.205
net.8039542,twitter,fake,308,1543,8,31,29,1,1,83,0.6364,11,9,0.8074,21.54,7.386
samirvale2,facebook,real,227,89,365,17,30,1,1,91,0.1,10,7,0.7499,8.72,3.894
id_450698,facebook,fake,394,830,15,32,30,1,1,147,0.6667,9,3,0.8133,27.94,7.442
leorao,twitter,real,235,163,32,443,436,1,0,65,0.0,6,14,0.8028,39.76,7.119
omar_berg2,instagram,real,1120,236,10,134,308,1,0,44,0.1,10,39,0.7315,238.14,3.048
clara.kade92,instagram,real,186,337,27,85,667,1,1,128,0.1667,12,15,1.0,174.84,0.893
deal9078,instagram,fake,49,1519,8,3,29,0,1,43,0.5,8,6,0.4507,7.69,0.795
samir_nair2,instagram,real,1643,316,90,15,293,1,1,84,0.0909,11,16,0.8615,8.19,0.35
noah_rao,twitter,real,148,165,26,13,1862,0,0,0,0.0,8,6,0.3884,1.61,0.05
botreal112,facebook,fake,2,1286,12,4,12,1,0,18,0.3,10,1,0.3932,2.07,13.336
follow_acc31714,facebook,fake,24,1089,28,1,92,0,0,22,0.3333,15,2,0.2579,1.58,0.078
leilacosta3,facebook,real,678,100,761,56,355,1,1,28,0.0909,11,11,0.8873,3.72,1.098
xx_deal97391,facebook,fake,453,656,49,41,17,1,1,139,0.4167,12,15,0.8411,31.77,16.911
win2602,facebook,fake,23,931,4,2,86,0,0,54,0.5714,7,1,0.3282,1.56,0.201
acc068,instagram,fake,17,1398,6,2,9,0,0,9,0.5,6,2,0.1968,3.98,1.243
jonas.rao2,facebook,real,258,193,92,11,615,1,0,17,0.1,10,16,0.5827,2.64,0.129
hugo_dsouza,twitter,real,255,526,51,216,1178,1,0,49,0.0,11,7,0.7688,3.42,1.283
freyakade8,instagram,fake,45,2066,4,6,4,1,0,25,0.1,10,1,0.4151,3.96,11.356
lucianguyen7,twitter,fake,9,802,2,2,32,1,0,28,0.0833,12,2,0.4152,2.36,0.483
xxid105730,instagram,fake,19,2224,13,2,104,0,0,28,0.6,10,0,0.2812,4.72,0.14
zara.dsouza,facebook,real,720,164,501,87,773,1,0,73,0.0,11,8,0.8188,12.38,0.786
amarachen,facebook,real,84,81,298,10,44,1,1,96,0.0,9,1,0.7291,5.03,1.616
clara.santos2,instagram,real,486,204,15,16,468,1,0,36,0.0769,13,44,0.6418,126.43,0.24
win_new80239,facebook,fake,8,828,19,5,14,1,0,17,0.4167,12,2,0.3953,1.01,2.37
acc.net978,instagram,fake,73,331,5,3,60,1,0,51,0.3,10,3,0.4779,1.45,0.311
ravi_nair3,facebook,real,189,152,261,11,538,1,1,18,0.1,10,17,0.749,19.21,0.138
net_967,instagram,fake,11,1623,11,1,92,0,0,37,0.4286,7,2,0.289,11.59,0.072
theo_khan94,facebook,real,813,183,240,135,173,1,1,76,0.1818,11,28,0.9043,13.56,5.452
leo.rao,twitter,real,73,136,12,247,736,0,1,17,0.0,7,10,0.7014,6.35,2.349
user_promo70536,facebook,fake,280,348,7,25,44,1,0,113,0.3333,15,12,0.6237,41.58,3.957
tmp.promo906,facebook,fake,5,1360,9,2,25,1,0,22,0.25,12,2,0.398,5.67,0.558
kaipark2,facebook,real,73,64,465,51,265,1,1,5,0.125,8,39,0.7987,24.82,1.34
lucia.santos3,instagram,real,68,165,35,42,353,1,0,27,0.0769,13,23,0.718,58.8,0.824
meeraiyer,instagram,real,715,122,19,79,572,1,0,132,0.0,9,26,0.8333,387.76,0.963
win_net2923346,facebook,fake,10,862,41,11,2,0,0,0,0.5,14,1,0.2145,2.6,14.046
follow797703,facebook,fake,42,622,82,1,59,0,0,47,0.5,12,2,0.2937,1.05,0.06
kainguyen32,instagram,fake,22,432,9,48,2048,1,0,7,0.1818,11,0,0.6807,7.02,0.164
official.official7711,facebook,fake,46,755,36,1,11,0,0,34,0.1905,21,2,0.1395,1.13,11.385
priya.khan2,instagram,real,2961,607,38,55,1206,1,1,132,0.0909,11,17,1.0,43.39,0.316
qpromo0765601,facebook,fake,9,790,15,21,625,1,1,0,0.5385,13,3,0.7533,2.53,0.233
netnet54599,instagram,fake,219,2174,41,37,688,1,1,121,0.4545,11,17,0.9889,8.3,0.38
hugo_moreau,facebook,real,175,195,171,13,485,1,0,139,0.0,11,10,0.7208,11.73,0.188
realq46124,twitter,fake,23,886,3,1,25,0,0,26,0.5,10,1,0.2389,2.52,0.408
q.bot186,facebook,fake,3,1064,6,25,394,1,0,59,0.375,8,4,0.7268,0.97,0.446
net.follow597,instagram,fake,19,1841,5,5,17,1,0,6,0.2308,13,3,0.3747,5.37,2.038
acc2919,instagram,fake,17,3038,12,1,24,0,0,34,0.5714,7,3,0.2551,4.37,0.42
devpark,instagram,real,2424,83,133,39,737,1,1,93,0.0,7,4,0.9944,120.04,0.367
ninapark98,facebook,real,142,278,322,56,968,1,1,34,0.2,10,14,0.9033,28.6,0.405
anika_moreau,twitter,real,206,275,7,16,945,1,1,11,0.0,12,10,0.757,2.74,0.122
promo_98683,instagram,fake,22,1649,12,24,658,1,1,0,0.4545,11,1,0.7685,0.87,0.26
anika_nair,instagram,real,1707,149,54,18,14,1,1,6,0.0,10,8,0.5946,30.62,9.016
amarakhan2,instagram,real,768,270,34,34,703,1,1,57,0.1,10,14,0.9287,120.39,0.343
isla.okoye3,facebook,real,193,79,172,18,368,1,1,54,0.0909,11,18,0.8536,23.41,0.338
user5201,instagram,fake,20,938,17,36,444,1,1,5,0.5,8,3,0.8246,1.27,0.56
real_098112,facebook,fake,13,2179,11,4,41,1,0,0,0.5455,11,1,0.3701,0.75,0.74
official0447,facebook,fake,153,230,18,91,815,1,1,122,0.3333,12,9,1.0,33.78,0.782
q.0397,instagram,fake,24,1554,2,2,9,1,0,26,0.6667,6,3,0.4015,18.11,12.757
sienna_vale,instagram,real,1187,180,28,52,1839,1,1,209,0.0,11,12,1.0,66.89,0.198
new_841295,facebook,fake,535,1009,13,24,54,1,1,140,0.6,10,6,0.7903,6.11,3.078
user.9632,facebook,fake,15,534,43,3,53,1,0,27,0.4444,9,1,0.4274,3.77,0.443
ninaberg,twitter,real,260,128,64,17,46,1,1,77,0.0,8,4,0.7537,2.46,2.649
tmppromo186,facebook,fake,21,475,13,23,542,1,0,8,0.2727,11,2,0.6121,0.61,0.299
anika_vale2,instagram,real,1918,132,29,9,356,1,0,10,0.0909,11,2,0.5533,5.65,0.172
felix_nguyen,facebook,real,386,649,974,75,4173,1,1,15,0.0,12,64,0.8638,22.69,0.126
meera.costa97,instagram,real,345,164,13,9,36,1,1,120,0.1538,13,3,0.7227,32.45,1.846
amara.nguyen,facebook,real,350,145,243,110,584,1,1,175,0.0,12,52,1.0,47.99,1.316
bot22991,instagram,fake,22,992,48,4,58,1,0,39,0.625,8,2,0.4575,1.18,0.468
theo.weiss4,facebook,real,122,239,280,73,584,1,1,143,0.0909,11,14,1.0,54.58,0.876
promo_real295380,instagram,fake,33,2737,11,5,30,0,0,4,0.375,16,1,0.21,1.41,1.16
felix_nair,facebook,real,99,81,255,5,348,1,1,8,0.0,10,8,0.6953,8.4,0.093
arjunsantos,facebook,real,120,233,788,98,639,0,1,38,0.0,11,16,0.7457,15.77,1.072
tmp_user8057813,instagram,fake,40,972,6,7,5,1,0,37,0.4667,15,2,0.4425,1.29,10.309
meera_alvarez95,instagram,real,391,117,56,19,32,1,1,158,0.1333,15,7,0.7616,8.33,4.215
elena.iyer3,facebook,real,389,155,296,13,47,1,1,119,0.0909,11,8,0.7422,6.21,1.931
meera.okoye,facebook,real,80,137,1354,27,2030,1,1,140,0.0,11,12,0.9463,85.2,0.094
sienna.nguyen,facebook,real,74,118,409,24,574,1,0,164,0.0,13,29,0.7682,14.32,0.297
win04954,instagram,fake,12,491,4,2,43,1,1,26,0.625,8,0,0.5832,2.48,0.364
net.8647174,twitter,fake,95,997,3,6,20,0,0,34,0.6364,11,1,0.2697,2.65,14.164
siennarao6,facebook,fake,8,594,7,13,692,1,1,29,0.1,10,7,0.7799,1.41,0.129
arjunrao,twitter,real,112,611,10,2,11,1,1,16,0.0,8,1,0.5448,3.37,1.025
netnet9340,twitter,fake,585,460,5,32,30,1,1,107,0.4,10,9,0.8124,5.0,7.396
hugoberg3,facebook,fake,4,951,15,4,14,0,0,50,0.1111,9,1,0.2938,3.0,1.892
deal_835069,facebook,fake,476,489,48,18,32,1,1,36,0.5455,11,2,0.6636,13.83,3.878
aditya_moreau99,twitter,real,218,161,10,23,17,1,1,136,0.1333,15,4,0.7685,0.82,9.3
win.532048,instagram,fake,111,1086,4,8,44,1,0,29,0.6,10,2,0.4496,12.94,1.346
anikanair,instagram,real,1085,580,42,152,1286,1,0,6,0.0,9,7,0.6787,123.33,0.826
rohan.rao,facebook,real,389,123,73,44,434,1,1,120,0.0,9,22,1.0,41.91,0.711
deal.59970,twitter,fake,4,849,6,47,30,0,0,22,0.5,10,1,0.3935,1.21,11.077
promo.23209,facebook,fake,58,933,11,1,17,0,0,0,0.4545,11,1,0.177,0.73,0.256
islamoreau,instagram,real,46,146,21,93,451,1,1,117,0.0,10,10,1.0,14.61,1.448
samir.brook2,facebook,real,424,86,390,3,9,1,1,36,0.0833,12,1,0.5945,21.58,2.687
clara_iyer,instagram,real,427,112,72,131,295,1,1,98,0.0,10,11,0.968,40.54,3.118
real.141,facebook,fake,7,704,50,38,1013,1,0,9,0.375,8,2,0.6769,0.58,0.261
aishaalvarez,instagram,real,7162,663,57,111,858,1,0,8,0.0,12,22,0.6837,244.3,0.904
promo57861,facebook,fake,3,524,14,3,7,1,0,37,0.5,10,2,0.4266,1.12,16.397
devnair,twitter,real,265,114,24,96,2114,1,0,36,0.0,7,26,0.7407,33.1,0.318
accuser960,instagram,fake,20,2663,8,1,34,0,1,31,0.3,10,3,0.4165,2.62,0.113
amara_moreau2,facebook,real,83,260,602,34,1004,1,1,76,0.0769,13,85,0.9648,62.94,0.234
samir_moreau,twitter,real,476,258,5,207,492,1,0,164,0.0,12,36,0.8333,29.98,2.951
tmp_6316,instagram,fake,14,2250,6,35,985,1,0,10,0.5,8,4,0.6663,3.02,0.248
hugo.okoye,facebook,real,344,174,202,87,673,1,1,129,0.0,10,6,1.0,56.6,0.902
jonas.singh2,facebook,real,683,207,1038,109,1213,1,1,126,0.0833,12,33,1.0,13.44,0.631
islavale92,instagram,real,1540,247,26,87,1574,1,0,33,0.2,10,12,0.7348,8.96,0.388
omar_vale3,twitter,real,504,75,37,191,891,1,0,108,0.1,10,21,0.8333,32.89,1.501
leila_hassan94,instagram,real,1728,227,46,122,265,1,0,170,0.1429,14,12,0.7877,16.24,3.224
deal.deal3145,facebook,fake,3,941,32,1,26,1,0,8,0.3077,13,2,0.3687,1.68,0.372
zara_alvarez2,twitter,real,72,227,19,286,908,1,0,112,0.0769,13,23,0.8333,3.78,2.206
user805881,instagram,fake,492,1620,6,75,18,1,1,43,0.6,10,1,0.7636,23.75,29.143
aditya_rao,twitter,real,478,473,9,698,332,1,0,0,0.0,10,4,0.6516,18.06,14.71
priyachen,instagram,real,201,319,30,342,2425,1,0,22,0.0,9,33,0.7127,33.48,0.988
ninaiyer3,instagram,fake,33,1425,8,16,27,0,0,19,0.1111,9,2,0.2876,0.81,4.264
amara_alvarez2,instagram,real,389,98,13,74,296,1,1,30,0.0714,14,3,0.8646,35.52,1.75
maya_hassan,instagram,real,3425,122,26,35,1997,1,0,22,0.0,11,48,0.6911,65.51,0.123
dealofficial652,facebook,fake,8,406,35,46,763,1,0,20,0.2,15,0,0.7091,2.15,0.419
mayacosta7,instagram,fake,5,1760,5,4,5,0,0,17,0.1,10,5,0.2193,2.01,13.762
kai.costa,instagram,real,247,259,123,144,381,1,1,0,0.0,9,21,0.8333,336.77,2.653
theomoreau2,instagram,real,6176,100,28,76,781,1,0,66,0.0909,11,7,0.8036,36.65,0.682
follow.follow5481,instagram,fake,8,1709,7,16,23,0,0,37,0.2353,17,1,0.3223,4.41,4.896
siennaberg94,facebook,real,403,37,355,4,1470,0,1,19,0.1667,12,20,0.5563,4.06,0.02
clarachen2,instagram,real,569,569,18,114,1640,1,1,52,0.1,10,31,0.9418,330.79,0.485
omar_okoye3,facebook,real,95,97,670,153,695,1,1,66,0.0909,11,7,0.9714,35.79,1.54
bot.tmp577471,facebook,fake,13,484,49,2,48,1,1,14,0.4615,13,1,0.5598,0.75,0.301
followq96834,facebook,fake,19,1178,8,4,9,0,1,3,0.4167,12,1,0.3587,2.49,6.413
marco.nguyen,facebook,real,31,70,319,80,405,1,1,58,0.0,12,16,0.9536,15.41,1.387
follow980,twitter,fake,9,1340,3,1,28,0,1,4,0.3333,9,1,0.3615,1.11,0.361
siennaokoye,twitter,real,1591,218,21,252,1660,1,1,192,0.0,11,10,1.0,6.83,1.063
felixkade,instagram,real,941,360,16,807,608,1,1,69,0.0,9,9,0.9772,87.46,9.288
sienna_singh,twitter,real,247,200,13,16,41,1,0,35,0.0,12,1,0.4905,16.37,2.705
nina.brook90,instagram,real,2651,101,17,390,542,1,1,101,0.1667,12,10,1.0,46.84,5.031
kaimoreau,instagram,real,229,479,64,331,685,1,0,107,0.0,9,10,0.8333,20.77,3.38
user.96276,facebook,fake,12,899,38,3,8,1,0,55,0.5,10,5,0.4651,2.63,2.891
aishanair2,instagram,real,360,97,92,138,295,1,1,154,0.1,10,7,0.968,12.32,3.278
sienna_kade2,instagram,real,1925,1025,85,76,259,1,1,125,0.0833,12,11,0.9516,150.09,2.044
ninarao,instagram,real,237,394,11,148,425,1,1,73,0.0,7,5,0.9853,96.8,2.441
noahdsouza5,twitter,real,104,156,16,688,252,1,0,39,0.0909,11,12,0.6968,13.69,19.108
samir_santos2,twitter,real,115,221,33,249,905,1,1,65,0.0769,13,18,0.9695,16.06,1.926
net48047,facebook,fake,39,900,18,5,12,1,0,30,0.625,8,1,0.4223,1.26,5.981
follow_official1248,instagram,fake,11,1885,3,18,27,0,0,0,0.2105,19,1,0.145,10.73,4.625
realid538731,instagram,fake,59,3976,3,4,20,1,0,43,0.5,12,2,0.448,2.02,11.216
ninakhan,instagram,real,615,239,55,63,204,1,1,96,0.0,8,10,0.9265,15.5,2.146
elena_hassan,facebook,real,739,193,323,80,1700,1,1,39,0.0,12,6,0.9141,48.98,0.33
felix_costa,instagram,real,1261,642,18,21,779,1,1,97,0.0,11,6,0.9223,121.63,0.192
official.57589,instagram,fake,13,1283,3,1,19,0,0,43,0.3571,14,3,0.268,1.3,17.441
win.693073,twitter,fake,31,438,2,50,33,1,1,21,0.6,10,2,0.7259,1.69,10.504
meera.moreau,facebook,real,30,167,573,73,529,1,1,91,0.0,12,7,1.0,88.67,0.97
rohan.hassan2,twitter,real,187,290,3,16,37,1,0,50,0.0769,13,4,0.5219,2.96,3.036
net.6936,instagram,fake,7,1636,12,3,11,0,0,0,0.5,8,2,0.1837,5.64,1.832
meera.nair,twitter,real,173,223,17,31,275,0,1,57,0.0,10,16,0.7061,11.25,0.789
ninasantos3,instagram,real,397,544,37,2,1581,1,1,22,0.0909,11,31,0.7218,21.23,0.009
arjun.park,twitter,real,33,170,5,101,390,1,0,109,0.0,10,11,0.8333,17.56,1.805
amaranair98,instagram,real,212,254,25,441,1622,1,0,108,0.1818,11,6,0.8333,117.29,1.903
freya.park,instagram,real,618,86,52,18,5,1,0,26,0.0,10,1,0.4643,22.08,25.379
xx.win480250,instagram,fake,30,1565,18,0,19,0,0,20,0.5,12,1,0.2188,2.58,14.12
claraberg,instagram,real,108,264,21,159,856,1,0,46,0.0,9,4,0.7622,214.08,1.304
marco_nguyen,facebook,real,470,267,280,77,507,1,1,178,0.0,12,11,1.0,8.44,1.057
noahhassan2,facebook,real,335,48,370,33,429,1,1,68,0.0909,11,9,0.9439,24.99,0.531
ravikhan,instagram,real,124,188,23,13,1963,1,1,14,0.0,8,16,0.7503,10.42,0.046
elena_alvarez,facebook,real,44,213,192,2,19,1,1,12,0.0,13,8,0.5409,0.69,0.587
priyabrook4,facebook,fake,3,599,20,11,1345,1,1,19,0.0909,11,1,0.755,9.76,0.06
samir.alvarez,instagram,real,1532,745,32,67,703,1,1,37,0.0,13,7,0.9111,157.8,0.671
id.760631,facebook,fake,13,752,60,37,456,1,0,51,0.6667,9,3,0.7604,0.62,0.57
anikavale8,facebook,fake,25,917,10,1,10,1,0,0,0.1,10,2,0.3401,1.74,0.363
zaraweiss95,instagram,real,537,430,17,43,437,1,0,14,0.1818,11,7,0.6959,225.08,0.687
aditya_weiss,twitter,real,140,197,14,2272,390,0,0,48,0.0,12,14,0.601,9.6,40.0
zara_brook,instagram,real,12506,614,9,297,1654,1,0,93,0.0,10,17,0.8333,46.89,1.259
leila.alvarez3,instagram,real,1327,371,10,8,772,0,0,0,0.0714,14,8,0.3673,6.68,0.074
deal_win957,facebook,fake,12,718,11,12,34,0,0,30,0.2727,11,2,0.2953,2.0,2.492
marco.nguyen2,facebook,real,124,132,621,421,847,1,1,82,0.0769,13,7,1.0,32.27,3.478
omar.weiss3,instagram,real,520,381,39,224,514,1,0,26,0.0909,11,7,0.7198,36.36,3.047
elenarao,instagram,real,48,108,19,7,242,1,0,8,0.0,8,11,0.49,11.24,0.2
freya.rao,facebook,real,86,224,303,1,54,1,1,0,0.0,9,1,0.5294,1.21,0.148
nina.alvarez93,facebook,real,336,35,295,58,743,1,1,64,0.1429,14,7,0.9657,12.6,0.545
maya_chen,facebook,real,1632,66,415,122,1274,1,1,69,0.0,9,26,0.9769,7.14,0.672
isla_chen2,facebook,real,429,222,592,29,527,1,0,0,0.1,10,4,0.6216,58.44,0.388
elenavale2,instagram,real,340,211,18,57,933,1,1,38,0.1,10,11,0.9125,68.32,0.428
dev.okoye3,instagram,real,594,288,91,101,500,1,0,70,0.1,10,23,0.8131,40.8,1.419
claradsouza,facebook,real,223,101,206,86,1097,1,1,61,0.0,11,24,0.961,5.79,0.551
jonas.alvarez,instagram,real,329,321,8,93,745,1,1,76,0.0,13,46,0.9915,23.1,0.876
bot_user2110,instagram,fake,5,1010,15,6,6,0,0,19,0.3333,12,1,0.2354,2.74,7.453
id4173,instagram,fake,11,720,8,7,18,0,0,27,0.6667,6,0,0.2584,7.69,11.428
kaichen6,twitter,fake,1,595,11,2,20,0,0,68,0.125,8,1,0.3242,2.78,0.546
elenasingh6,twitter,fake,205,321,7,64,49,1,1,114,0.0909,11,8,0.8557,6.25,9.196
meerachen,twitter,real,852,107,16,32,417,1,1,119,0.0,9,32,0.9683,5.7,0.544
follow_follow396,twitter,fake,1,1152,6,7,36,1,0,62,0.1875,16,0,0.5084,3.82,1.357
deal2273,instagram,fake,466,2319,28,82,13,1,0,117,0.5,8,2,0.6726,23.37,14.252
lucia_hassan,instagram,real,170,259,23,12,362,1,1,4,0.0,12,30,0.723,2.34,0.226
felix.vale,instagram,real,325,194,35,105,434,1,1,81,0.0,10,16,1.0,11.12,1.692
luciakade,instagram,real,349,398,11,36,469,1,1,28,0.0,9,35,0.8756,80.85,0.541
aisha.okoye2,facebook,real,297,206,245,174,933,1,1,127,0.0833,12,30,1.0,29.23,1.308
user8573,facebook,fake,32,1120,16,2,9,1,0,17,0.5,8,3,0.3803,1.58,1.323
real_1898365,facebook,fake,20,636,19,2,18,0,1,28,0.5833,12,1,0.4085,2.52,4.79
aditya.weiss,facebook,real,74,235,802,107,2691,1,1,26,0.0,12,6,0.8876,17.13,0.279
id.win853,facebook,fake,6,1225,12,2,20,0,0,21,0.3333,9,1,0.2297,3.12,0.832
net.68649,twitter,fake,12,1495,4,12,65,1,0,28,0.5556,9,3,0.4705,1.06,1.256
official_real748674,facebook,fake,5,1253,47,8,33,0,0,29,0.3158,19,1,0.166,4.85,1.603
netofficial8338858,instagram,fake,28,861,4,13,1718,1,1,22,0.3889,18,1,0.7655,6.33,0.051
arjun_weiss2,instagram,real,3626,173,58,53,837,1,0,4,0.0833,12,7,0.6759,24.33,0.44
hugo_okoye,instagram,real,8474,246,44,10,449,1,0,10,0.0,10,17,0.5615,15.42,0.151
follow_7051,instagram,fake,76,403,34,1,8,1,0,38,0.3636,11,1,0.4211,0.92,0.874
xx.91287,twitter,fake,32,2034,5,29,11,0,0,49,0.625,8,1,0.3955,3.12,18.52
dev.park,instagram,real,1456,460,19,106,832,1,0,90,0.0,8,47,0.8333,223.69,0.892
anikarao1,facebook,fake,5,596,46,4,20,0,0,41,0.1111,9,1,0.2783,1.41,14.526
id.q426557,twitter,fake,238,930,9,70,11,1,1,85,0.6,10,8,0.8384,19.62,12.615
netpromo98231,instagram,fake,518,675,4,110,20,1,0,126,0.3846,13,14,0.6758,10.27,38.567
follow.7398,instagram,fake,16,1737,10,6,15,1,0,43,0.3636,11,1,0.4539,1.73,2.733
dev_chen93,facebook,real,363,105,335,87,1137,1,1,139,0.2,10,8,1.0,62.05,0.534
meeranguyen2,instagram,real,103,558,23,301,442,1,1,101,0.0833,12,57,1.0,242.08,4.772
leorao2,facebook,real,275,231,385,49,544,1,1,118,0.1429,7,15,1.0,39.87,0.635
official7320752,instagram,fake,661,872,5,61,14,1,0,110,0.4667,15,6,0.6731,2.62,8.116
meera_brook,facebook,real,61,71,345,31,746,1,1,113,0.0,11,17,0.9607,6.47,0.287
siennadsouza2,facebook,real,679,154,508,51,469,1,1,103,0.0769,13,27,1.0,23.87,0.764
ninaiyer2,instagram,fake,46,1034,4,17,50,0,0,42,0.1111,9,1,0.3469,1.45,2.34
theo_okoye3,instagram,real,2676,192,29,83,733,1,1,116,0.0909,11,9,1.0,41.03,0.794
meera_khan,facebook,real,67,80,142,29,563,1,1,129,0.0,10,7,0.9549,21.79,0.363
omarmoreau,instagram,real,492,157,49,30,2664,0,1,80,0.0,10,14,0.7901,40.98,0.078
priyaalvarez1,twitter,fake,8,389,5,1,4,0,1,0,0.0769,13,2,0.3396,1.62,12.274
lucia_costa3,facebook,real,329,103,460,142,411,1,1,114,0.0833,12,20,1.0,2.49,2.414
kai.khan2,twitter,real,154,299,26,201,170,1,0,46,0.1111,9,5,0.6737,4.1,8.258
deal312,twitter,fake,571,534,2,46,10,1,1,125,0.4286,7,5,0.8379,14.19,32.262
bot.5698,facebook,fake,18,1035,24,2,21,0,0,34,0.5,8,1,0.2557,3.35,0.723
q_official7143727,twitter,fake,12,456,3,30,843,1,0,2,0.4118,17,2,0.628,0.83,0.248
leila.berg2,twitter,real,701,99,17,112,778,0,0,61,0.0909,11,25,0.628,4.67,1.01
tmp241528,instagram,fake,15,1519,5,5,34,0,0,65,0.6667,9,0,0.3362,3.48,0.969
nina.weiss98,facebook,real,399,200,193,45,793,1,1,87,0.1667,12,37,1.0,21.53,0.396
bot_deal144885,instagram,fake,141,2339,3,3,4,0,0,58,0.4286,14,2,0.3033,1.93,5.655
arjun_alvarez,facebook,real,318,324,1437,112,796,1,0,46,0.0,13,19,0.7616,15.37,0.984
accxx0077171,instagram,fake,23,831,11,3,23,0,0,22,0.5833,12,1,0.2368,4.64,1.029
anikanguyen2,instagram,real,825,497,50,107,1411,1,0,86,0.0833,12,10,0.8333,97.04,0.531
lucianair,facebook,real,524,118,212,4,1550,1,1,11,0.0,9,3,0.7059,1.93,0.018
acc_official879,facebook,fake,21,1100,30,5,12,0,0,65,0.2,15,4,0.3277,1.32,2.713
jonas.nguyen3,facebook,real,231,92,428,2,26,1,1,24,0.0769,13,6,0.5681,0.6,0.404
id_follow195761,facebook,fake,13,1140,9,8,43,0,1,14,0.4,15,1,0.415,1.68,1.268
bot_3250,instagram,fake,17,2168,26,3,14,1,0,44,0.5,8,2,0.4419,1.78,1.332
nina_okoye912,facebook,real,363,122,198,69,152,1,1,112,0.2308,13,29,0.9027,16.35,3.173
amara_santos2,twitter,real,945,526,19,236,1066,1,1,68,0.0769,13,11,0.9753,20.16,1.548
devchen2,instagram,fake,8,910,40,2,20,0,0,0,0.125,8,5,0.1844,2.22,0.723
samir_khan,twitter,real,173,341,9,20,43,1,0,51,0.0,10,3,0.5451,18.49,3.332
freya.alvarez2,twitter,real,222,32,29,530,220,1,0,123,0.0714,14,37,0.7671,21.33,16.872
promo.real564218,twitter,fake,427,1008,5,82,26,1,1,112,0.375,16,3,0.8452,21.47,22.163
noahmoreau32,twitter,fake,2,2311,10,3,31,0,0,42,0.1667,12,2,0.2831,0.98,0.788
samir_okoye2,facebook,real,86,192,1086,89,599,1,1,14,0.0833,12,7,0.8635,13.84,1.039
accofficial2294,instagram,fake,408,1029,20,69,1790,1,1,43,0.2667,15,13,0.9225,9.64,0.27
nina_rao,facebook,real,175,82,272,11,1796,1,0,24,0.0,8,22,0.5954,9.46,0.043
ravi.chen,facebook,real,68,596,628,10,34,0,1,64,0.0,9,5,0.5236,8.22,2.032
clara_rao2,facebook,real,201,149,340,241,580,1,1,50,0.1,10,3,0.9368,24.85,2.912
bot.36629,facebook,fake,13,387,41,4,51,0,0,27,0.5556,9,1,0.2649,1.29,0.615
id.net370409,facebook,fake,26,1638,41,5,38,0,0,4,0.5,12,1,0.2109,1.8,0.841
netacc6967,twitter,fake,5,1335,13,3,7,1,0,27,0.4,10,3,0.4045,0.44,2.726
anikasantos1,twitter,fake,6,781,1,12,27,1,0,0,0.0833,12,2,0.3956,2.26,3.109
promo_6238,instagram,fake,44,1127,8,3,28,0,1,0,0.4,10,0,0.3566,0.56,0.63
q_943912,twitter,fake,23,463,1,18,10,1,0,37,0.75,8,2,0.4907,0.9,12.634
id.838,instagram,fake,26,794,11,57,512,1,0,0,0.5,6,5,0.6667,6.47,0.774
aditya_vale2,instagram,real,244,186,56,70,1030,1,1,46,0.0833,12,14,0.9292,96.98,0.477
adityaberg7,facebook,fake,638,376,37,42,24,1,1,137,0.0909,11,4,0.8443,9.03,12.215
new.270886,twitter,fake,9,860,4,20,96,1,0,44,0.6,10,1,0.5512,1.9,1.436
follow_100,twitter,fake,7,835,4,6,14,1,1,4,0.3,10,3,0.5411,2.28,3.233
promo_271836,twitter,fake,21,439,2,2,11,1,0,56,0.5,12,1,0.4639,1.53,1.398
meeraokoye2,instagram,fake,23,2571,2,27,31,1,0,16,0.0909,11,2,0.494,12.58,6.111
noah.costa3,facebook,real,47,107,405,43,1952,1,1,55,0.0909,11,25,0.9476,14.38,0.155
jonascosta3,facebook,fake,156,284,22,31,25,1,0,88,0.0909,11,5,0.642,17.08,8.774
freyachen2,facebook,real,188,133,117,5,44,1,1,57,0.1,10,4,0.6575,1.68,0.746
samirbrook2,instagram,real,438,249,69,350,2392,1,0,57,0.0909,11,6,0.7864,35.86,1.025
xx_q4607428,instagram,fake,27,370,5,11,35,0,0,51,0.6364,11,1,0.3338,6.67,2.205
leilakhan3,twitter,real,2449,214,8,12,777,1,1,10,0.1,10,11,0.7386,7.93,0.112
aisha.singh2,instagram,real,513,194,34,33,606,1,1,135,0.0833,12,6,0.9688,5.77,0.375
idofficial9704020,facebook,fake,2,698,96,6,118,0,0,38,0.4118,17,2,0.3245,6.5,0.355
maya.dsouza,facebook,real,76,184,383,115,1060,1,0,7,0.0,11,12,0.6809,10.78,0.762
noahcosta,instagram,real,106,300,20,257,889,1,1,91,0.0,9,6,1.0,324.55,2.027
aditya.alvarez2,facebook,real,73,102,255,138,1542,1,1,208,0.0667,15,5,1.0,24.65,0.624
aishasantos,instagram,real,4651,133,20,15,42,1,1,54,0.0,11,2,0.6938,18.39,2.449
followtmp7308694,instagram,fake,14,410,5,21,1196,1,0,0,0.4375,16,1,0.5874,1.1,0.123
zara_santos5,instagram,real,1668,528,27,45,796,1,1,57,0.0833,12,33,0.953,182.79,0.398
felix_kade,facebook,real,555,220,294,15,9,1,1,45,0.0,10,2,0.6601,28.51,11.687
meera_vale91,facebook,real,591,102,457,148,1577,1,1,139,0.1667,12,16,1.0,35.91,0.655
deal_4032475,twitter,fake,7,1012,5,45,18,0,0,0,0.5833,12,1,0.3416,1.7,17.577
elenacosta7,instagram,fake,14,799,4,7,25,0,0,37,0.0909,11,2,0.2841,2.06,1.967
tmp3765007,instagram,fake,40,1439,4,5,9,1,0,39,0.7,10,4,0.4415,0.64,4.247
freya.moreau3,instagram,real,1625,260,13,16,352,1,1,85,0.0769,13,29,0.8959,46.45,0.327
omar.brook,instagram,real,1018,288,39,78,787,1,0,67,0.0,10,13,0.8066,263.76,0.696
arjunnair,instagram,real,82,470,20,250,619,1,1,12,0.0,9,49,0.8592,296.66,2.832
noahalvarez,facebook,real,73,206,492,110,582,1,1,91,0.0,11,19,1.0,25.8,1.322
q0178,twitter,fake,82,1584,3,9,14,1,0,3,0.8,5,1,0.3835,1.03,4.399
sienna.vale98,instagram,real,2953,281,20,193,464,1,1,157,0.1538,13,4,1.0,117.34,2.91
follow9956182,facebook,fake,14,819,9,1,78,1,1,28,0.5385,13,2,0.5992,1.48,0.13
elena.nguyen,facebook,real,369,304,370,24,661,1,1,111,0.0,12,15,0.9331,17.39,0.254
lucia.dsouza,instagram,real,664,324,35,32,71,1,1,16,0.0,12,31,0.6979,84.15,3.145
promo.876,instagram,fake,16,677,2,2,36,1,0,17,0.3333,9,0,0.3935,2.71,0.357
anika.santos,facebook,real,102,314,233,51,534,1,1,87,0.0,12,10,1.0,27.13,0.674
lucia_weiss2,instagram,real,1342,375,30,74,518,1,1,50,0.0833,12,28,0.937,122.99,1.002
maya_santos4,instagram,real,340,499,25,39,1141,1,0,105,0.0833,12,24,0.8311,39.96,0.242
leila.iyer,instagram,real,240,130,72,139,414,1,1,114,0.0,10,11,1.0,17.01,2.354
felix_costa2,facebook,real,58,113,469,71,183,1,0,107,0.0833,12,5,0.7502,21.7,2.72
samir_vale4,facebook,real,96,151,883,191,585,1,1,51,0.0909,11,8,0.9401,2.46,2.288
rohanrao,facebook,real,272,81,710,1,49,1,1,24,0.0,8,3,0.5771,0.63,0.163
leosantos5,twitter,fake,35,1583,13,21,2099,1,1,0,0.1,10,2,0.755,3.56,0.071
acc790342,twitter,fake,11,1623,1,18,5,0,0,27,0.6667,9,1,0.3016,2.14,5.2
freyacosta2,instagram,fake,19,1934,12,3,19,0,0,43,0.0909,11,2,0.2782,2.36,1.26
promo.9350,twitter,fake,5,684,7,5,21,0,1,31,0.4,10,1,0.4275,0.83,1.532
xx364331,facebook,fake,469,463,11,65,11,1,1,108,0.75,8,10,0.8384,28.79,40.0
elena.okoye,facebook,real,87,157,535,14,53,1,1,128,0.0,11,1,0.7482,0.95,1.818
siennarao,instagram,real,245,568,18,686,401,1,1,116,0.0,9,5,1.0,76.05,11.976
user.user002,facebook,fake,12,659,43,17,919,1,0,31,0.25,12,2,0.6345,2.27,0.129
theo.brook,instagram,real,1234,139,12,44,782,1,0,27,0.0,10,6,0.7222,24.36,0.394
arjun_chen2,facebook,real,412,191,2130,20,597,1,1,40,0.0909,11,13,0.8322,10.39,0.234
follow_806,facebook,fake,23,489,48,5,13,0,0,31,0.3,10,2,0.2602,2.22,2.881
xx_new80673,facebook,fake,14,951,11,4,8,0,0,49,0.4545,11,0,0.29,1.45,5.477
theo_vale,instagram,real,843,176,38,181,788,1,0,116,0.0,9,8,0.8333,24.78,1.609
leo.singh,instagram,real,416,499,61,119,1114,1,1,151,0.0,9,13,1.0,58.28,0.75
realdeal018,twitter,fake,15,931,5,1,8,1,0,0,0.2727,11,1,0.3401,0.53,0.656
aishasingh,instagram,real,474,547,6,156,1896,1,1,59,0.0,10,56,0.9562,66.88,0.574
id.user952883,facebook,fake,21,427,16,17,1813,1,0,17,0.4615,13,0,0.6059,11.85,0.065
meeradsouza99,instagram,real,491,201,23,18,43,1,1,61,0.1538,13,2,0.7225,26.62,2.989
islarao2,twitter,real,349,332,12,771,592,1,0,65,0.125,8,34,0.8017,16.73,9.12
leokade2,instagram,real,85,324,47,13,1401,1,1,1,0.125,8,12,0.7229,3.15,0.064
zara_hassan97,twitter,real,488,144,22,48,387,0,1,185,0.1538,13,3,0.8333,15.08,0.863
net.xx1854,facebook,fake,16,905,30,2,41,0,0,27,0.4,10,1,0.2494,0.69,0.309
meera_weiss2,facebook,real,198,128,566,6,225,1,1,13,0.0833,12,8,0.657,11.42,0.198
adityarao,twitter,real,166,224,16,136,612,1,1,0,0.0,9,43,0.8333,7.26,1.559
tmp.official645444,facebook,fake,16,410,19,37,1651,1,0,19,0.3333,18,2,0.6949,0.92,0.159
anika.nair2,twitter,real,563,841,3,391,2422,1,0,47,0.0909,11,13,0.7651,39.17,1.13
sienna_kade3,instagram,real,788,260,23,324,317,1,1,93,0.0833,12,9,0.9781,61.05,7.145
bot.103,instagram,fake,10,1013,7,5,84,1,0,0,0.4286,7,0,0.3933,4.18,0.433
dev_iyer92,instagram,real,958,71,56,476,966,1,1,82,0.2,10,11,1.0,125.18,3.452
acc.official611,instagram,fake,39,1969,7,45,714,1,0,10,0.2,15,3,0.6876,10.29,0.444
samir.singh95,instagram,real,775,62,15,87,1433,1,0,99,0.1538,13,11,0.8333,881.43,0.425
freyanair94,twitter,real,319,487,16,123,1156,1,0,16,0.1818,11,16,0.7009,17.87,0.747
aisha.nguyen2,facebook,real,71,125,890,201,2096,1,1,49,0.0769,13,12,0.9353,52.24,0.672
felix.moreau,facebook,real,224,191,503,2,3005,1,1,1,0.0,12,10,0.677,4.2,0.004
arjun.moreau,instagram,real,680,385,41,108,198,1,1,102,0.0,12,19,0.9237,59.22,3.815
hugo.vale2,instagram,real,585,263,131,67,1026,1,1,145,0.1,10,31,1.0,20.9,0.456
priya.rao2,facebook,real,266,269,546,53,408,1,0,41,0.1,10,10,0.7516,17.73,0.913
zara_hassan,facebook,real,122,77,726,46,1914,1,0,139,0.0,11,7,0.8333,9.06,0.168
q.94472,instagram,fake,69,1708,7,9,9,0,0,34,0.7143,7,2,0.28,3.6,6.336
freya.singh96,instagram,real,911,196,31,78,755,1,0,154,0.1538,13,7,0.8333,189.91,0.724
samirpark2,instagram,real,844,283,74,1,34,1,1,20,0.1,10,1,0.5642,3.28,0.309
officialdeal0511,instagram,fake,99,630,8,1,13,1,1,26,0.25,16,3,0.5627,9.1,0.365
deal_541127,instagram,fake,40,811,5,4,21,0,0,50,0.5455,11,6,0.2969,4.53,1.24
zaramoreau2,instagram,real,38,296,34,17,1265,1,0,105,0.0909,11,9,0.7363,69.38,0.092
priya.rao3,facebook,real,46,112,206,32,588,0,1,18,0.1,10,8,0.6721,37.28,0.384
priya_nair,facebook,real,30,285,320,43,1665,1,0,84,0.0,10,5,0.8333,7.04,0.181
zarasingh3,twitter,fake,10,401,5,33,11,1,0,37,0.1,10,4,0.5553,1.72,7.622
net_user6976,twitter,fake,7,638,2,42,673,1,0,22,0.3333,12,2,0.7134,1.44,0.438
isla.iyer,facebook,real,114,91,195,104,960,1,1,158,0.0,9,18,1.0,13.61,0.76
anikakade,instagram,real,187,309,10,258,1508,1,0,86,0.0,9,33,0.8333,143.54,1.198
net.user219,facebook,fake,9,557,37,3,45,0,0,56,0.2727,11,2,0.3162,1.19,0.494
acc_545,instagram,fake,21,986,7,3,21,0,0,46,0.4286,7,0,0.284,1.85,0.936
amarapark5,twitter,fake,26,663,3,29,54,0,0,7,0.1,10,1,0.3275,3.53,3.779
samirbrook3,facebook,real,26,179,222,92,2398,0,1,44,0.0909,11,19,0.7573,57.8,0.268
lucia_dsouza96,twitter,real,1411,60,8,619,1641,1,0,85,0.1429,14,14,0.8333,7.91,2.641
userdeal25764,facebook,fake,5,698,19,13,21,1,0,14,0.3846,13,0,0.4277,1.94,4.459
qwin326781,facebook,fake,12,577,61,8,56,0,0,0,0.6,10,1,0.2265,1.35,1.027
newq1940,facebook,fake,11,299,33,2,10,1,0,34,0.5,8,2,0.4191,6.76,1.569
leocosta98,twitter,real,3395,153,50,6,1018,1,1,5,0.2,10,79,0.7009,1.05,0.041
real_990,twitter,fake,8,1187,4,3,12,0,1,42,0.375,8,1,0.4392,0.97,1.678
new.q337442,twitter,fake,20,818,1,3,64,0,0,0,0.5455,11,2,0.2067,1.25,0.284
xx462219,instagram,fake,15,1350,4,4,24,0,0,50,0.75,8,4,0.2975,2.56,1.046
sienna_santos4,facebook,real,76,236,173,148,818,1,1,128,0.0714,14,21,1.0,13.64,1.263
real.8090952,twitter,fake,1,723,10,13,14,1,0,35,0.5833,12,1,0.466,6.44,6.36
deal.real10009,facebook,fake,2,745,6,12,896,1,0,34,0.3571,14,0,0.6195,1.18,0.092
new.tmp5386175,instagram,fake,39,1796,8,2,33,0,0,11,0.5,14,1,0.2103,4.17,0.325
ravi.nair2,facebook,real,114,199,231,63,1059,1,1,87,0.1,10,13,1.0,16.36,0.419
dealwin25450,instagram,fake,34,2563,1,2,49,1,0,14,0.4167,12,1,0.3922,2.07,0.274
samir.santos,facebook,real,200,79,287,23,273,1,0,150,0.0,12,9,0.7212,9.26,0.594
ninakhan2,instagram,real,261,411,15,16,12,1,1,124,0.1111,9,2,0.7391,37.94,9.376
priya_okoye90,instagram,real,275,276,44,12,649,1,0,17,0.1538,13,9,0.5861,4.87,0.133
arjun_vale,facebook,real,88,455,566,55,505,1,1,30,0.0,10,14,0.8957,19.29,0.767
hugo_okoye2,facebook,real,448,134,160,32,1080,1,0,121,0.0909,11,12,0.7999,31.12,0.207
zara_alvarez3,twitter,real,1290,234,14,151,1495,0,1,57,0.0769,13,4,0.7856,12.1,0.706
user_5043053,instagram,fake,17,942,9,6,45,0,0,35,0.5833,12,1,0.2847,1.34,0.907
leilasingh94,twitter,real,193,281,35,85,1152,1,1,94,0.1667,12,39,1.0,5.65,0.517
user_1827,twitter,fake,39,644,9,5,39,0,0,13,0.4444,9,1,0.2326,1.92,0.917
sienna_nair96,twitter,real,190,225,7,432,431,1,1,137,0.1538,13,11,1.0,11.67,7.016
jonas_park96,instagram,real,98,218,21,6,364,1,1,12,0.1667,12,3,0.7162,4.86,0.118
jonas.chen,instagram,real,389,422,17,0,35,1,0,18,0.0,10,2,0.3887,5.94,0.08
user_official4011411,facebook,fake,10,669,20,28,2057,1,0,38,0.35,20,1,0.5869,2.7,0.094
rohannair5,instagram,fake,17,1101,90,3,17,1,0,19,0.1,10,1,0.3951,1.09,1.388
zarasantos4,facebook,fake,7,684,28,2,12,0,0,18,0.0909,11,2,0.2179,4.67,9.646
leodsouza7,facebook,fake,4,1422,7,1,41,0,0,46,0.1,10,1,0.2829,2.75,0.097
wintmp144193,instagram,fake,12,681,7,21,51,0,1,40,0.5,12,2,0.5296,6.31,2.927
samirdsouza2,twitter,real,22,211,8,409,154,1,0,0,0.0833,12,26,0.5703,4.91,18.613
felix_alvarez,instagram,real,512,346,22,295,608,1,1,68,0.0,13,6,0.9757,424.46,3.398
devweiss,twitter,real,129,214,20,151,1128,1,0,78,0.0,8,31,0.8301,18.52,0.936
bot.tmp7071752,facebook,fake,13,1033,12,2,62,1,1,41,0.5,14,2,0.6214,1.09,0.193
aditya.weiss2,facebook,real,258,165,340,256,3183,1,1,52,0.0769,13,7,0.942,87.24,0.564
realq412120,twitter,fake,307,1128,3,60,1604,1,1,136,0.5455,11,11,1.0,10.36,0.26
bot467,twitter,fake,15,1184,5,22,12,1,0,0,0.5,6,3,0.4293,2.7,5.871
maya_alvarez2,facebook,real,196,128,867,63,1232,1,1,159,0.0769,13,17,1.0,10.34,0.36
nina.berg2,twitter,real,362,280,17,11,613,1,0,3,0.1,10,25,0.5508,1.53,0.124
win_8439981,twitter,fake,468,316,4,41,17,1,1,118,0.6364,11,8,0.8411,32.97,16.983
jonasbrook2,instagram,real,2380,206,17,217,218,1,1,20,0.0909,11,15,0.807,31.46,6.97
follow.q4326,facebook,fake,195,1243,29,61,101,1,1,128,0.3333,12,8,0.8795,7.57,4.243
omarhassan96,instagram,real,375,155,47,67,2086,1,0,124,0.1667,12,9,0.8333,58.44,0.224
isla_berg2,twitter,real,1129,144,22,104,1018,1,1,128,0.1,10,60,1.0,14.77,0.718
amara.weiss,instagram,real,198,312,9,433,339,1,0,66,0.0,11,12,0.7927,86.88,8.933
promo_447992,twitter,fake,10,1199,2,15,19,0,0,58,0.5,12,1,0.3606,1.66,7.216
dev.okoye95,facebook,real,286,126,272,40,243,1,1,106,0.1818,11,13,0.9443,112.05,1.159
elenaalvarez2,facebook,real,226,108,292,312,230,1,1,98,0.0769,13,10,0.9384,7.33,9.484
amara_park3,facebook,real,154,113,211,51,1660,1,1,90,0.0909,11,13,1.0,15.67,0.215
acc_id292,facebook,fake,21,864,15,1,61,1,0,0,0.3333,9,0,0.3637,0.79,0.068
lucia.okoye,instagram,real,712,230,18,1,29,0,1,24,0.0,11,5,0.4026,2.4,0.351
lucia_santos,twitter,real,215,380,48,2992,1245,0,0,137,0.0,12,8,0.6667,28.95,16.825
theonair3,twitter,fake,24,669,11,20,32,0,0,0,0.1111,9,1,0.2659,6.11,4.444
marcosingh98,twitter,real,928,149,25,42,393,1,0,59,0.1667,12,28,0.7887,1.75,0.747
leo_berg,instagram,real,348,877,75,151,529,1,1,49,0.0,8,76,0.9348,127.19,1.992
hugo_singh,facebook,real,48,97,436,95,961,1,1,109,0.0,10,22,1.0,35.25,0.691
q.bot7656,facebook,fake,5,533,13,8,64,1,0,35,0.4444,9,1,0.4682,0.65,0.852
amara_khan,facebook,real,665,118,557,53,487,1,1,85,0.0,10,29,1.0,9.93,0.761
isla_moreau2,facebook,real,169,359,91,62,233,1,1,111,0.0833,12,31,0.9397,25.41,1.872
elena_iyer,twitter,real,760,158,15,119,1516,1,0,44,0.0,10,10,0.7576,7.72,0.549
elena_khan,facebook,real,92,147,471,97,438,1,1,131,0.0,10,94,1.0,16.14,1.543
promo69279,instagram,fake,16,1742,6,1,39,0,0,38,0.5,10,1,0.2663,3.59,0.121
noahsingh5,facebook,fake,21,554,31,3,66,0,0,20,0.1,10,2,0.2506,1.7,0.317
meera.alvarez2,facebook,real,107,109,419,108,1639,1,0,108,0.0714,14,11,0.8333,13.95,0.46
noahweiss5,instagram,fake,28,1301,9,6,17,1,0,8,0.1,10,2,0.3814,3.02,2.346
follow_win974207,facebook,fake,21,286,19,9,17,1,0,17,0.375,16,3,0.4128,3.53,8.627
kai.kade,facebook,real,89,167,535,21,969,1,1,173,0.0,8,14,0.9196,22.3,0.15
sienna_nguyen93,instagram,real,117,708,105,51,434,1,1,158,0.1333,15,3,1.0,350.28,0.824
ninarao2,facebook,real,38,171,213,19,25,1,1,83,0.125,8,2,0.7586,2.02,5.407
ravi_santos2,facebook,real,123,287,313,42,625,1,0,44,0.0833,12,15,0.7592,40.83,0.471
omar_okoye4,twitter,real,257,258,15,432,671,0,1,165,0.0909,11,18,0.8333,8.23,4.512
felixalvarez2,facebook,real,998,88,95,32,494,1,0,115,0.0769,13,17,0.7999,17.95,0.453
officialbot114412,instagram,fake,13,834,7,6,27,0,0,34,0.3529,17,1,0.2739,1.51,1.529
aisha_khan,facebook,real,338,136,447,297,889,1,1,151,0.0,10,12,1.0,32.16,2.338
lucia_alvarez,twitter,real,683,69,12,44,1942,0,0,73,0.0,13,103,0.653,12.57,0.158
lucia.santos4,instagram,real,1478,174,45,441,794,1,1,73,0.0769,13,27,0.9847,175.74,3.89
isla.vale,instagram,real,367,246,10,129,547,1,1,139,0.0,9,28,1.0,118.09,1.65
omar.nguyen3,instagram,real,1133,334,8,86,439,1,1,110,0.0833,12,88,1.0,63.04,1.373
omar_vale4,twitter,real,870,829,21,1714,286,1,1,103,0.1,10,7,0.9639,18.13,40.0
real_new6525,twitter,fake,212,490,4,74,1608,1,0,123,0.3333,12,16,0.8333,20.74,0.323
priya_iyer3,instagram,real,937,450,27,37,1240,1,0,39,0.0909,11,10,0.7349,34.37,0.208
noahkade5,facebook,real,1553,80,615,61,2806,1,1,92,0.1111,9,12,1.0,5.91,0.152
rohan.vale,facebook,real,205,94,180,39,1205,1,1,182,0.0,10,30,0.9959,68.34,0.227
omar_iyer,instagram,real,367,155,92,14,28,1,1,43,0.0,9,1,0.6604,8.17,3.519
idxx75130,facebook,fake,7,665,20,2,45,1,0,7,0.5556,9,1,0.3791,0.76,0.38
q851582,twitter,fake,21,639,4,1,7,1,0,18,0.8571,7,2,0.3773,0.74,0.767
promo633097,twitter,fake,12,627,8,3,25,1,0,39,0.5455,11,1,0.4371,2.8,0.744
user887,instagram,fake,40,2126,3,25,1840,1,1,24,0.4286,7,1,0.8194,2.85,0.093
dev.santos,twitter,real,83,380,3,330,1021,1,0,133,0.0,10,14,0.8333,47.99,2.262
win.18501,facebook,fake,48,1124,37,2,16,0,1,16,0.5556,9,2,0.383,1.14,0.912
user_268595,facebook,fake,80,819,16,3,24,1,0,31,0.5455,11,1,0.4201,1.47,0.819
official.819,facebook,fake,15,827,17,2,12,1,0,0,0.25,12,2,0.3457,0.71,5.517
dealreal7985369,facebook,fake,20,1295,25,4,3,0,0,11,0.4667,15,1,0.2051,1.88,10.171
ravi.rao,twitter,real,271,168,24,575,880,1,1,110,0.0,8,23,1.0,29.36,4.574
dev.moreau96,facebook,real,35,237,332,161,772,1,1,202,0.1667,12,8,1.0,48.44,1.457
promo2292,instagram,fake,22,1453,1,2,21,1,1,37,0.4444,9,1,0.596,6.99,0.809
ravi.weiss3,facebook,real,664,182,262,172,324,1,1,91,0.0909,11,25,0.9813,12.94,3.71
xx_net42091,instagram,fake,8,1547,4,5,8,0,0,0,0.4545,11,3,0.1927,14.27,14.403
kaiokoye22,facebook,fake,2,732,31,3,16,0,0,25,0.2,10,0,0.2391,1.36,1.319
newq9490,instagram,fake,8,503,2,3,22,0,0,18,0.5,8,1,0.2259,4.73,0.94
q.promo4551119,twitter,fake,38,634,10,57,1283,1,1,33,0.5,14,1,0.902,0.25,0.312
acc_6575253,instagram,fake,324,540,10,56,31,1,0,44,0.6364,11,12,0.6063,25.02,12.666
theo_nguyen2,twitter,real,1674,553,6,19,47,0,1,29,0.0833,12,2,0.4948,2.27,2.88
net_15608,facebook,fake,6,1558,9,6,30,0,0,14,0.5556,9,2,0.2369,3.4,1.482
arjuncosta,twitter,real,59,81,11,13,715,1,0,13,0.0,10,15,0.5805,0.89,0.123
isla.kade2,instagram,real,132,247,62,133,245,1,1,94,0.1,10,56,0.9452,17.23,3.802
id.tmp4435,facebook,fake,20,758,92,2,8,0,0,15,0.4,10,1,0.207,10.26,1.32
elenarao2,twitter,real,2079,58,7,182,436,0,0,126,0.1111,9,11,0.6667,17.45,2.923
elena.park93,instagram,real,461,331,19,123,1693,1,1,9,0.1667,12,4,0.8521,676.2,0.509
sienna_dsouza2,instagram,real,995,326,68,121,165,1,1,16,0.0714,14,13,0.7756,54.1,5.126
lucia_vale,facebook,real,113,85,284,27,588,1,1,125,0.0,10,4,0.9462,27.97,0.322
win.tmp9348160,instagram,fake,17,2130,11,20,1726,1,0,6,0.5,14,2,0.5984,2.11,0.083
sienna_park,facebook,real,35,129,589,131,933,1,1,0,0.0,11,8,0.8333,3.67,0.986
ravi.alvarez,instagram,real,73,463,8,39,482,1,1,83,0.0,12,10,0.9952,158.11,0.564
accnet493,instagram,fake,25,2858,14,10,21,0,0,70,0.3333,9,1,0.3618,3.56,3.208
noah.dsouza2,facebook,real,115,82,162,190,539,1,1,124,0.0833,12,18,1.0,17.57,2.467
hugoweiss4,instagram,fake,255,1263,2,97,15,1,0,121,0.1,10,13,0.6735,18.06,40.0
realq961,twitter,fake,6,1096,6,8,27,0,1,0,0.375,8,1,0.3773,2.81,1.97
felix.chen,instagram,real,1203,1104,32,55,611,1,1,50,0.0,10,5,0.9371,20.21,0.636
leo.vale,twitter,real,59,168,17,326,1021,0,0,78,0.0,8,10,0.6622,135.11,2.237
arjun.rao2,facebook,real,157,202,207,31,472,1,1,104,0.1,10,24,0.9605,110.42,0.453
promo.129537,facebook,fake,7,175,58,6,32,1,0,20,0.5,12,0,0.4153,1.51,1.375
acc139,instagram,fake,102,1309,11,7,38,0,1,23,0.5,6,0,0.426,1.93,1.226
omar.santos93,facebook,real,432,97,355,175,409,0,1,89,0.1538,13,11,0.8333,136.88,3.002
freya.santos3,facebook,real,319,199,398,18,352,1,1,92,0.0769,13,14,0.9027,51.51,0.359
bot_6097001,facebook,fake,33,736,36,7,7,0,1,45,0.6364,11,1,0.4573,3.99,5.54
promo51921,twitter,fake,7,2215,3,4,14,0,0,30,0.5,10,0,0.2534,1.61,2.245
ravinguyen,instagram,real,2862,188,21,41,313,1,0,31,0.0,10,12,0.7077,123.3,0.919
user.acc430130,instagram,fake,82,991,10,1,37,1,0,0,0.4286,14,1,0.3524,0.77,0.101
noah.dsouza3,facebook,real,100,91,832,12,43,1,0,169,0.0833,12,6,0.5685,6.42,1.908
promo.16640,facebook,fake,7,453,18,3,27,0,0,48,0.4545,11,1,0.2909,5.16,0.771
rohanweiss99,facebook,real,729,283,898,130,576,1,1,69,0.1667,12,12,0.9764,35.27,1.586
luciaweiss,facebook,real,42,259,914,48,376,1,1,133,0.0,10,9,1.0,30.72,0.888
new.acc162,instagram,fake,460,1933,25,62,42,1,1,107,0.3,10,3,0.8525,24.98,10.408
amara_nair2,instagram,real,73,553,35,18,38,1,0,25,0.0909,11,1,0.4777,47.81,3.293
elena.singh,facebook,real,1542,507,597,37,1278,1,0,178,0.0,11,24,0.8212,26.94,0.203
freya_costa2,instagram,real,146,189,25,226,496,1,0,152,0.0833,12,22,0.8333,45.31,3.19
new_tmp3431345,facebook,fake,19,387,14,6,24,0,0,22,0.5,14,1,0.2472,1.08,1.622
rohan_rao,facebook,real,1101,170,171,113,511,1,0,123,0.0,9,8,0.8333,11.5,1.554
islahassan,twitter,real,78,877,13,241,653,1,0,116,0.0,10,7,0.8333,4.36,2.583
freya_singh,facebook,real,276,164,226,7,48,1,1,105,0.0,11,4,0.7161,3.56,0.962
omar_dsouza,twitter,real,388,118,18,19,35,1,1,127,0.0,11,1,0.76,2.09,3.712
noahpark,instagram,real,263,628,46,86,397,1,1,131,0.0,8,23,1.0,83.5,1.517
follow.629,facebook,fake,424,719,53,41,55,1,0,136,0.3,10,18,0.6918,12.39,5.269
net_q9711,instagram,fake,15,1367,1,33,22,1,0,17,0.4444,9,1,0.5162,2.19,10.462
nettmp322088,instagram,fake,22,3193,6,26,11,0,0,60,0.5,12,0,0.4045,10.08,14.741
promo.002,facebook,fake,10,782,53,4,51,0,0,0,0.3333,9,3,0.2046,1.34,0.484
dealbot9475177,facebook,fake,5,4758,16,6,33,0,1,26,0.5,14,1,0.4253,4.51,1.173
arjuniyer94,facebook,real,154,161,405,75,1592,1,1,70,0.1818,11,13,0.9782,12.75,0.331
meera.khan4,twitter,real,132,394,2,3065,364,1,0,63,0.0909,11,5,0.7973,13.32,40.0
noahpark2,facebook,real,256,156,162,68,284,1,1,115,0.1111,9,18,0.963,8.94,1.688
acc.net084,instagram,fake,467,761,13,32,31,1,1,54,0.3,10,10,0.7614,17.03,7.29
elena_okoye2,facebook,real,217,60,181,365,528,1,1,101,0.0833,12,27,1.0,20.45,4.833
elena_costa,facebook,real,407,118,233,170,993,1,1,76,0.0,11,23,0.9921,33.71,1.199
kaisingh3,twitter,fake,2,1052,15,2,22,0,1,17,0.1111,9,2,0.3894,1.27,0.778
real_48240,facebook,fake,268,875,6,26,23,1,0,74,0.5,10,18,0.6061,28.26,7.843
acctmp5430403,facebook,fake,4,1005,25,3,74,1,1,8,0.5385,13,2,0.5648,6.14,0.329
deal.follow78285,instagram,fake,28,784,5,6,12,1,1,6,0.3125,16,2,0.5409,5.38,3.359
aditya_dsouza3,instagram,real,440,233,24,70,740,1,1,119,0.0714,14,10,1.0,83.32,0.665
aisha.rao98,instagram,real,1754,204,13,16,49,1,0,53,0.1818,11,1,0.5342,7.14,2.307
lucia_singh,facebook,real,861,231,223,29,577,1,1,31,0.0,11,22,0.853,41.73,0.356
bot_deal8396930,instagram,fake,45,1674,3,3,100,1,0,66,0.4667,15,1,0.5271,3.28,0.186
leila.iyer2,instagram,real,407,360,30,36,528,1,0,165,0.0909,11,2,0.8146,83.21,0.471
rohankade,twitter,real,56,299,86,105,461,1,0,34,0.0,9,7,0.737,9.03,1.59
aditya_singh,instagram,real,608,625,35,27,744,1,1,65,0.0,12,48,0.9123,156.84,0.25
leilacosta4,twitter,real,165,162,23,13,424,1,1,5,0.0909,11,20,0.7292,2.59,0.208
mayaalvarez96,facebook,real,93,73,225,5,6,1,1,114,0.1538,13,7,0.69,1.61,5.765
acc.23998,twitter,fake,13,1154,4,14,1790,1,1,42,0.5556,9,6,0.8125,3.71,0.054
real_new956770,instagram,fake,25,1400,4,44,1724,1,0,10,0.4286,14,1,0.6872,1.67,0.177
aditya.weiss3,twitter,real,74,497,14,19,8,1,1,54,0.0769,13,9,0.6963,2.41,16.641
freya.singh,facebook,real,758,317,313,114,802,1,1,81,0.0,11,4,1.0,43.79,0.992
noahpark3,instagram,real,121,197,12,163,1829,1,1,15,0.1111,9,9,0.8643,31.26,0.623
follow_3969,twitter,fake,4,2166,1,7,35,0,0,8,0.3636,11,4,0.2274,1.61,1.355
accbot38438,instagram,fake,13,469,10,3,11,0,0,14,0.4545,11,2,0.2131,3.64,13.881
new.q038,facebook,fake,634,301,24,57,22,1,1,53,0.375,8,6,0.7875,13.5,18.202
tmpwin958,instagram,fake,20,871,7,1,59,1,0,2,0.3333,9,3,0.3692,5.63,0.113
net.422698,facebook,fake,2,1646,10,11,2,0,0,52,0.6,10,1,0.3235,1.95,10.102
acc_606,twitter,fake,4,1361,2,5,15,0,0,10,0.4286,7,1,0.2164,1.34,2.459
noah_berg,facebook,real,333,81,286,19,380,1,1,229,0.0,9,22,0.9142,10.03,0.357
deal.88300,facebook,fake,18,642,50,4,3,0,0,19,0.5,10,1,0.2216,4.39,13.371
elenacosta,twitter,real,1420,311,30,466,298,1,1,50,0.0,10,64,0.9066,12.23,10.944
officialdeal936798,instagram,fake,14,1985,3,0,30,0,0,34,0.3333,18,2,0.2537,2.85,0.114
sienna.okoye97,instagram,real,135,202,24,8,11,1,0,62,0.1429,14,4,0.4985,6.81,4.843
leilanguyen3,twitter,fake,12,1061,5,6,37,1,0,26,0.0833,12,0,0.4309,1.88,1.224
siennaokoye2,twitter,real,1533,208,18,26,14,1,0,146,0.0833,12,2,0.6128,0.42,12.766
clara_iyer2,facebook,real,119,194,360,41,800,1,1,0,0.0909,11,13,0.8333,30.85,0.36
priyakhan6,facebook,fake,19,1571,33,4,54,0,0,12,0.1,10,1,0.2342,2.63,0.58
elenarao3,instagram,real,1455,487,23,1,41,1,1,24,0.1111,9,3,0.5736,1.34,0.201
amaraokoye5,instagram,fake,90,3283,8,3,24,0,0,16,0.0909,11,4,0.2229,2.63,0.779
zara.park3,twitter,real,420,175,109,352,736,1,0,38,0.1,10,8,0.7455,64.91,3.352
rohankade2,facebook,fake,29,535,20,5,37,0,0,46,0.1,10,1,0.3026,1.3,1.025
dev.nair,twitter,real,73,179,61,12,45,1,0,157,0.0,8,1,0.5715,3.29,1.902
noah.alvarez5,twitter,real,75,252,17,91,890,1,1,155,0.0769,13,29,1.0,13.48,0.717
arjun.moreau2,facebook,real,1088,100,661,21,1588,1,1,81,0.0769,13,25,0.9211,17.87,0.093
luciaweiss4,twitter,fake,523,1029,3,41,29,1,1,129,0.0909,11,11,0.8466,21.46,9.835
zara.chen2,twitter,real,264,132,16,95,915,1,0,65,0.1,10,15,0.8023,6.63,0.73
acc_39650,facebook,fake,41,694,101,1,21,0,0,0,0.5556,9,1,0.1803,1.91,0.321
leila_singh,facebook,real,142,211,692,94,1067,1,1,85,0.0,11,16,1.0,6.55,0.614
arjunokoye5,twitter,fake,21,424,2,30,8,1,0,0,0.0909,11,4,0.4605,0.98,25.945
realnew3743689,twitter,fake,10,392,5,7,23,1,0,55,0.5,14,2,0.4867,0.26,2.082
islaweiss93,facebook,real,190,65,362,77,1146,1,1,87,0.1818,11,23,1.0,10.98,0.468
q_927652,facebook,fake,8,1058,33,1,9,1,1,0,0.75,8,1,0.5099,1.3,6.304
anika_nguyen2,instagram,real,119,338,27,148,701,1,0,66,0.0769,13,27,0.8042,112.23,1.479
hugo_brook,facebook,real,33,42,380,9,652,1,1,36,0.0,10,15,0.7794,22.08,0.097
aishamoreau,twitter,real,93,722,8,6,19,1,1,128,0.0,11,4,0.7004,3.74,2.212
aishadsouza,instagram,real,475,400,46,433,1029,1,1,81,0.0,11,7,1.0,276.05,2.943
freyarao97,facebook,real,389,383,462,56,301,1,1,89,0.2,10,22,0.9708,20.44,1.304
priya_singh3,instagram,real,444,325,26,13,245,1,1,13,0.0833,12,21,0.6938,12.13,0.377
jonas_moreau3,instagram,real,564,228,25,27,528,1,0,135,0.0769,13,22,0.7798,209.2,0.36
omar_moreau96,instagram,real,470,563,19,8,27,1,1,139,0.1538,13,1,0.7106,9.0,1.966
new.deal754966,twitter,fake,12,706,7,4,92,0,0,0,0.4286,14,3,0.2265,2.13,0.325
bot_05317,facebook,fake,9,1152,44,9,19,1,0,43,0.5556,9,2,0.4698,2.98,16.978
ravi_chen99,facebook,real,203,357,236,137,2710,1,0,132,0.1818,11,14,0.8333,34.8,0.354
leomoreau3,instagram,real,235,324,22,65,1342,1,1,0,0.1,10,17,0.8333,97.07,0.339
tmp_22648,facebook,fake,273,456,12,83,1177,1,1,115,0.5556,9,17,1.0,28.5,0.494
amara_berg,instagram,real,3508,249,115,7,784,1,0,18,0.0,10,18,0.5683,18.92,0.065
leo.costa,instagram,real,48,463,27,85,485,1,0,53,0.0,9,28,0.7774,47.37,1.22
marco.berg,facebook,real,819,189,275,39,602,1,1,112,0.0,10,9,0.9941,23.11,0.449
official590,twitter,fake,5,1225,7,26,33,1,0,28,0.2727,11,0,0.5139,1.64,5.455
luciaokoye3,twitter,real,207,184,3,209,458,1,0,106,0.0909,11,7,0.8333,45.27,3.197
freya_kade,facebook,real,30,117,306,29,608,0,1,50,0.0,10,27,0.7244,29.59,0.33
useracc4088211,twitter,fake,8,2305,4,0,44,0,0,0,0.5,14,2,0.1888,1.18,0.077
siennaweiss2,instagram,real,1895,277,30,187,859,0,1,34,0.0833,12,10,0.7373,68.43,1.527
felixweiss3,instagram,real,1368,91,21,21,27,1,1,88,0.0909,11,3,0.7677,9.48,5.522
q.44846,instagram,fake,7,1713,11,6,33,0,0,19,0.7143,7,2,0.2454,2.2,1.252
q_418733,facebook,fake,11,541,20,14,18,1,1,25,0.75,8,2,0.6182,1.56,15.708
new581,facebook,fake,173,421,23,80,2,1,0,119,0.5,6,5,0.6676,18.02,17.168
win128,twitter,fake,74,1199,7,2,18,1,0,35,0.5,6,1,0.4203,1.51,0.615
followpromo220350,instagram,fake,17,1174,3,2,28,1,0,39,0.3529,17,1,0.4362,4.82,0.566
jonas_dsouza,facebook,real,70,70,218,10,314,1,1,9,0.0,12,13,0.7054,2.27,0.228
felixsingh6,facebook,fake,174,1706,31,48,77,1,1,84,0.0909,11,1,0.8685,23.65,4.341
anika.vale,facebook,real,207,47,666,7,331,1,0,19,0.0,10,6,0.5549,0.61,0.152
follow.52351,facebook,fake,48,1049,6,8,12,0,0,23,0.4167,12,2,0.2525,7.54,4.42
anika_weiss,instagram,real,250,151,55,270,270,1,1,171,0.0,11,36,0.9566,39.28,7.01
samir_okoye3,twitter,real,281,183,22,304,991,1,0,47,0.0833,12,9,0.7638,44.23,2.149
follow.q96541,instagram,fake,22,1098,87,2,17,0,0,30,0.3846,13,0,0.2456,9.27,0.917
aisha_kade2,instagram,real,1707,122,37,52,981,1,0,128,0.0909,11,17,0.8333,54.29,0.369
adityasingh,facebook,real,26,62,326,107,935,1,1,127,0.0,11,10,1.0,56.92,0.8
aisha_santos2,facebook,real,53,116,315,1,1375,1,1,9,0.0769,13,68,0.6918,3.43,0.007
marcoiyer,facebook,real,63,96,471,254,684,1,1,163,0.0,9,22,1.0,7.6,2.6
amara_kade,facebook,real,625,133,414,66,994,1,1,61,0.0,10,34,0.9606,32.93,0.462
samir_nair3,instagram,real,169,173,37,54,1119,1,0,113,0.0909,11,9,0.8333,95.81,0.338
follow.81833,instagram,fake,8,1945,9,1,45,0,0,21,0.4167,12,2,0.236,0.66,0.21
jonas.moreau,twitter,real,126,30,34,358,1286,1,1,46,0.0,12,10,0.9291,4.42,1.946
anika.vale2,facebook,real,86,102,265,46,254,1,1,66,0.0909,11,7,0.9209,15.2,1.263
deal116273,facebook,fake,571,497,30,19,34,1,1,113,0.6,10,2,0.7595,29.73,3.819
aishamoreau2,facebook,real,429,162,646,43,827,1,1,88,0.0833,12,11,1.0,7.9,0.361
meeravale2,twitter,real,453,419,12,502,812,1,0,100,0.1,10,21,0.8333,8.15,4.329
leila.costa,facebook,real,153,119,321,48,544,1,1,138,0.0,11,18,1.0,28.05,0.615
net.new211,instagram,fake,554,1744,12,87,77,1,1,38,0.3,10,8,0.7815,37.37,7.884
aditya_hassan3,facebook,real,109,109,268,73,317,1,1,0,0.0714,14,22,0.8114,22.12,1.62
sienna.kade,twitter,real,143,111,8,12,1060,1,0,9,0.0,11,77,0.5664,1.68,0.077
acc.bot82009,instagram,fake,26,1351,18,5,105,1,0,0,0.4167,12,1,0.4025,7.88,0.339
theo.iyer3,facebook,real,187,41,1407,182,181,1,0,63,0.1,10,10,0.7138,13.28,7.036
anika.berg2,facebook,real,163,129,312,286,1606,1,0,151,0.0909,11,32,0.8333,8.11,1.248
meera.moreau2,instagram,real,605,347,8,22,19,1,1,155,0.0769,13,2,0.7658,42.11,7.996
ravi_singh99,twitter,real,471,82,7,107,130,1,0,121,0.1667,12,23,0.726,17.42,5.761
user_796859,twitter,fake,28,1231,19,15,7,0,0,0,0.5455,11,4,0.2334,1.24,5.114
new.7306,twitter,fake,10,1045,4,16,1345,1,0,0,0.5,8,1,0.5646,6.55,0.081
net_111949,twitter,fake,20,722,7,4,6,0,0,10,0.6,10,1,0.2069,1.04,4.433
clara.chen,facebook,real,84,174,298,101,565,1,1,161,0.0,10,8,1.0,90.78,1.253
samir_okoye4,facebook,real,125,205,606,7,858,1,1,7,0.0833,12,18,0.7112,2.85,0.059
new_813,instagram,fake,14,2288,7,15,31,0,0,37,0.4286,7,0,0.3209,2.14,3.383
kai_nguyen2,facebook,real,46,108,375,88,575,1,1,21,0.0909,11,15,0.8773,6.92,1.075
arjun.khan3,facebook,real,583,123,203,59,128,1,1,110,0.0909,11,11,0.8918,24.27,3.247
q.follow5823,facebook,fake,384,1333,108,25,25,1,1,140,0.3333,12,5,0.7832,7.8,7.063
luciacosta,instagram,real,153,172,141,80,402,1,0,0,0.0,10,32,0.6667,69.11,1.4
tmp_promo263,facebook,fake,31,572,11,1,12,0,0,0,0.25,12,3,0.177,2.66,10.86
accreal5020427,instagram,fake,13,1364,11,40,1940,1,0,6,0.5,14,0,0.6787,1.57,0.145
omar_hassan,facebook,real,489,290,332,165,816,1,1,59,0.0,11,15,0.9554,8.29,1.418
q.2561932,instagram,fake,5,1230,6,10,18,1,0,23,0.7778,9,4,0.4318,15.61,12.12
meeraokoye,facebook,real,93,100,310,4,52,1,1,41,0.0,10,2,0.6259,20.05,0.571
dev_dsouza,instagram,real,3859,349,72,26,171,1,0,78,0.0,10,14,0.6809,36.37,1.054
winq787,facebook,fake,59,552,12,15,10,0,1,25,0.4286,7,1,0.4527,1.22,10.7
id_user04451,facebook,fake,7,745,48,5,8,0,0,16,0.4167,12,1,0.2257,1.18,4.477
samir_nair4,facebook,real,194,61,397,3,8,0,1,0,0.0909,11,1,0.3483,6.4,2.379
promo_0820,facebook,fake,3,1074,20,49,874,1,0,20,0.4,10,1,0.7083,1.59,0.392
freya_nguyen,facebook,real,34,198,408,64,717,1,1,61,0.0,12,34,0.9607,24.83,0.621
ninarao3,instagram,real,2302,278,38,7,1576,1,0,91,0.125,8,18,0.6957,55.0,0.031
q9909,facebook,fake,4,641,30,2,23,1,1,0,0.8,5,0,0.5202,0.9,0.706
net.130779,facebook,fake,420,374,26,37,26,1,0,96,0.6,10,12,0.6664,4.67,9.983
iduser37230,instagram,fake,34,818,5,16,674,1,0,13,0.4545,11,1,0.5921,7.31,0.162
jonasdsouza7,instagram,fake,46,1226,4,3,29,0,0,47,0.0833,12,1,0.2897,1.31,0.635
deal_official5453,twitter,fake,25,678,19,5,66,0,0,24,0.2353,17,1,0.2682,1.55,0.535
net.826,instagram,fake,21,2122,4,4,220,1,0,47,0.4286,7,5,0.5476,2.43,0.125
win_win175,instagram,fake,31,1486,2,1,36,0,0,23,0.3,10,2,0.2331,1.33,0.111
elenapark,instagram,real,184,161,89,202,698,1,1,14,0.0,9,16,0.862,28.89,2.024
amarasingh3,twitter,fake,7,834,16,2,20,1,0,22,0.0909,11,4,0.3964,4.21,0.664
official.official1758667,instagram,fake,9,1832,2,12,1874,1,1,31,0.2917,24,2,0.6735,1.0,0.045
luciapark,facebook,real,106,300,503,30,374,1,1,98,0.0,9,18,0.9587,3.99,0.563
claraweiss,instagram,real,364,112,22,7,24,1,1,134,0.0,10,2,0.7085,43.17,2.162
marco_chen2,instagram,real,221,542,18,64,741,1,1,152,0.0909,11,18,1.0,166.57,0.602
islaokoye4,facebook,fake,29,312,10,4,6,0,1,17,0.1,10,2,0.3898,2.99,4.907
luciakade2,facebook,real,205,76,149,94,541,0,1,7,0.1,10,17,0.6821,6.2,1.217
follow.428662,twitter,fake,9,1732,7,2,41,1,0,0,0.4615,13,0,0.3584,1.71,0.262
freyaiyer2,facebook,real,203,110,427,8,37,1,1,58,0.1,10,3,0.6705,6.17,1.468
amara.alvarez,facebook,real,586,112,476,18,16,1,0,141,0.0,13,3,0.5817,3.7,7.808
official5108842,facebook,fake,10,1285,38,3,22,1,0,22,0.4667,15,4,0.4,2.68,0.894
follow.new204,facebook,fake,13,1204,26,4,18,0,0,24,0.2308,13,2,0.2397,1.09,1.446
new.9888407,twitter,fake,4,1001,6,29,1375,1,0,0,0.6364,11,1,0.6218,0.98,0.149
acc.0418,instagram,fake,9,1023,6,5,32,0,0,3,0.5,8,0,0.2085,3.13,1.152
xxnet477585,facebook,fake,3,404,33,9,25,0,0,13,0.5455,11,1,0.2449,2.15,2.601
follow.39659,instagram,fake,69,955,3,20,47,0,0,25,0.4167,12,2,0.325,2.72,3.031
clarasantos2,facebook,real,39,102,276,68,204,1,1,111,0.0833,12,21,0.9265,66.35,2.347
amaradsouza2,twitter,real,44,99,16,437,550,1,0,0,0.0833,12,9,0.6667,34.1,5.559
jonas_moreau4,facebook,real,132,145,1007,31,737,1,1,92,0.0769,13,41,0.9636,14.9,0.297
theo_alvarez,instagram,real,225,276,20,228,120,1,0,142,0.0,12,20,0.7215,107.96,13.288
nina_weiss2,facebook,real,266,77,497,27,844,1,1,129,0.0909,11,11,0.9475,8.23,0.227
omarbrook2,instagram,real,3682,189,26,142,344,1,1,104,0.1,10,13,0.9904,202.99,2.888
newuser6304,facebook,fake,12,764,29,1,9,1,0,38,0.3636,11,1,0.4189,1.51,17.854
zarachen3,facebook,real,173,194,357,113,398,1,1,56,0.1111,9,6,0.9495,9.69,1.988
promowin5509,twitter,fake,5,1074,12,15,39,1,0,18,0.3333,12,3,0.4504,2.12,2.661
sienna.vale2,instagram,real,928,278,50,1,48,1,0,8,0.0833,12,7,0.3749,2.38,0.074
follow.new956,twitter,fake,389,1266,5,52,19,1,1,78,0.2308,13,8,0.8369,37.11,19.028
sienna.moreau,instagram,real,213,583,30,97,921,1,1,173,0.0,13,22,1.0,85.78,0.737
aditya.nguyen,facebook,real,216,100,254,67,214,1,1,14,0.0,13,30,0.7942,20.12,2.205
deal_deal3513,facebook,fake,5,710,14,4,72,1,0,37,0.3077,13,3,0.4597,2.1,0.366
isla.nair,instagram,real,238,372,44,12,4,1,1,42,0.0,9,2,0.6405,7.81,21.475
marco_dsouza2,instagram,real,720,379,51,109,296,1,0,82,0.0769,13,10,0.8018,30.65,2.583
net.2195,facebook,fake,6,780,36,4,4,1,0,16,0.5,8,8,0.3861,0.22,15.306
promo_real3037,instagram,fake,8,1581,10,6,40,0,1,27,0.2857,14,1,0.4323,3.22,1.048
new9300,facebook,fake,7,656,19,1,24,1,0,45,0.5714,7,1,0.4423,2.78,0.369
promo255046,instagram,fake,268,535,3,53,1368,1,0,90,0.5455,11,11,0.8333,17.13,0.273
promo.deal701,twitter,fake,14,1295,1,4,41,1,0,31,0.2308,13,5,0.4335,1.16,0.669
anikaokoye,instagram,real,1539,231,42,77,942,1,0,180,0.0,10,6,0.8333,236.25,0.576
aisha_okoye2,facebook,real,97,178,505,234,196,1,1,91,0.0833,12,70,0.9228,30.65,8.345
q_q09010,facebook,fake,7,444,14,14,15,0,0,9,0.625,8,1,0.2491,1.71,6.311
realbot779,facebook,fake,227,840,41,39,7,1,1,111,0.3,10,10,0.8312,13.68,38.71
hugo_kade2,twitter,real,206,408,8,80,1049,1,0,56,0.1,10,3,0.7832,1.98,0.536
samirberg,facebook,real,47,144,137,46,1030,1,1,82,0.0,9,5,1.0,49.15,0.314
win_bot84240,facebook,fake,353,878,14,86,1310,1,1,55,0.4167,12,3,0.9489,34.06,0.46
win_deal2280,facebook,fake,14,996,52,1,46,0,1,47,0.3333,12,2,0.4561,1.35,0.172
leila_nguyen2,twitter,real,150,169,15,17,30,1,1,117,0.0769,13,1,0.7492,10.29,3.855
lucia.dsouza2,facebook,real,134,129,327,31,479,1,1,0,0.0769,13,9,0.796,10.95,0.454
meera.santos3,facebook,real,438,69,438,13,38,1,1,68,0.0769,13,8,0.7115,2.44,2.356
isla.dsouza98,twitter,real,801,589,68,2148,183,1,0,102,0.1538,13,9,0.7502,24.58,40.0
aditya.santos,instagram,real,1413,302,9,173,103,1,0,33,0.0,13,29,0.6152,39.33,11.785
devdsouza,facebook,real,219,172,255,78,746,1,1,180,0.0,9,14,1.0,107.46,0.731
arjun.chen2,facebook,real,115,87,263,8,25,1,1,56,0.0909,11,4,0.6595,11.43,2.133
official_9345410,instagram,fake,264,1530,6,64,74,1,1,65,0.4375,16,4,0.8368,7.37,6.093
adityachen6,instagram,fake,7,1360,5,3,134,1,1,11,0.0909,11,0,0.597,1.59,0.163
promo_win4938,facebook,fake,2,949,48,5,43,1,1,28,0.3077,13,1,0.6002,4.32,0.894
theosingh93,instagram,real,611,338,55,22,1521,1,1,84,0.1818,11,17,0.9263,26.02,0.103
new.539529,facebook,fake,7,924,25,22,1164,1,0,25,0.6,10,1,0.6451,2.63,0.135
follow1738,twitter,fake,9,1851,2,10,33,0,0,31,0.4,10,1,0.2862,0.72,2.037
official.tmp4646,instagram,fake,22,1562,4,21,1696,1,0,50,0.25,16,1,0.6899,1.14,0.085
sienna_santos5,twitter,real,377,98,165,138,1538,1,0,12,0.0714,14,40,0.6916,45.75,0.63
anika_kade93,facebook,real,160,112,183,11,443,1,1,44,0.1667,12,26,0.8025,292.24,0.166
amara_rao93,twitter,real,350,256,75,660,605,1,1,111,0.1818,11,2,1.0,23.31,7.64
leila_costa2,instagram,real,324,256,43,3,36,1,0,84,0.0833,12,2,0.5279,35.15,0.534
xxreal4746574,facebook,fake,408,555,121,59,4,1,1,44,0.5385,13,15,0.7593,29.51,11.972
ravi_okoye3,instagram,real,996,174,25,74,673,1,1,125,0.0909,11,15,1.0,31.26,0.771
newofficial702032,instagram,fake,7,769,8,6,16,0,0,0,0.3529,17,3,0.2006,10.92,15.165
omar_moreau2,instagram,real,133,381,36,0,31,1,0,0,0.0833,12,3,0.3493,0.68,0.097
noah_weiss3,instagram,real,116,506,65,40,778,1,1,169,0.0909,11,8,0.9997,20.06,0.359
meeraokoye3,twitter,real,837,229,28,391,1314,1,0,44,0.0909,11,12,0.7593,20.62,2.085
winuser3630,facebook,fake,7,734,12,4,23,0,0,30,0.3636,11,0,0.2553,1.67,1.091
userbot60048,instagram,fake,21,2625,5,3,66,1,0,79,0.4167,12,2,0.5403,5.02,0.303
samirsingh3,facebook,real,99,230,624,126,934,1,1,87,0.0909,11,4,1.0,54.96,0.942
clara.moreau,facebook,real,94,105,702,46,183,1,1,69,0.0,12,27,0.8947,39.21,1.753
netuser437,facebook,fake,4,664,37,9,6,1,0,0,0.3,10,2,0.3748,4.75,9.593
sienna.nguyen2,facebook,real,138,196,714,130,395,1,1,86,0.0714,14,17,1.0,23.46,2.3
new.9656,twitter,fake,5,778,3,10,38,0,1,24,0.5,8,1,0.4417,2.63,1.834
official.xx463237,facebook,fake,7,790,41,10,59,1,0,60,0.3529,17,6,0.5249,2.68,1.144
noahdsouza6,facebook,real,171,178,240,6,400,0,1,18,0.0909,11,15,0.5604,8.9,0.097
ravi_nair4,instagram,real,1346,602,30,127,342,1,0,107,0.1,10,10,0.8228,68.15,2.59
follow.92929,facebook,fake,17,691,19,29,909,1,0,32,0.4167,12,2,0.6863,5.16,0.22
siennaiyer2,facebook,real,122,56,111,74,936,1,0,54,0.0909,11,16,0.7798,3.98,0.555
priya.vale3,instagram,real,292,81,43,30,234,1,1,97,0.0909,11,23,0.8969,28.02,0.886
luciamoreau2,facebook,real,519,186,556,224,523,0,1,159,0.0833,12,20,0.8333,19.59,2.996
sienna_iyer97,twitter,real,66,232,16,45,269,1,0,70,0.1538,13,9,0.7687,4.34,1.16
samir.weiss,instagram,real,1003,140,27,104,226,1,1,121,0.0,11,14,0.9365,295.58,3.215
promo.id84494,instagram,fake,267,1550,6,75,123,1,0,104,0.3846,13,11,0.7228,6.84,4.28
id_real7906,facebook,fake,17,1300,21,10,18,0,0,24,0.3636,11,1,0.2691,1.78,12.653
net.97359,twitter,fake,5,571,2,4,81,0,0,32,0.5556,9,2,0.2855,1.76,0.31
new_3652,instagram,fake,35,2138,3,5,33,1,0,18,0.5,8,6,0.4043,8.34,0.96
noahberg,instagram,real,239,90,17,45,900,1,0,21,0.0,8,10,0.7113,68.81,0.351
ravinguyen2,instagram,real,702,1116,49,9,52,1,0,94,0.0909,11,4,0.5625,25.47,1.252
id6407,instagram,fake,18,884,4,1,19,0,0,35,0.6667,6,2,0.2529,6.08,0.409
xx.deal16909,twitter,fake,6,358,8,7,7,0,0,0,0.4167,12,0,0.1976,0.9,4.917
elenanguyen,facebook,real,32,218,291,63,1243,1,1,56,0.0,11,6,0.9509,32.82,0.356
arjun.nair2,instagram,real,1108,143,18,58,438,1,1,65,0.0909,11,4,0.968,54.86,0.923
follow_15542,twitter,fake,12,1387,3,49,8,0,1,40,0.4167,12,1,0.5862,0.95,40.0
amaradsouza3,facebook,fake,22,546,26,1,34,1,1,22,0.0833,12,4,0.5662,1.14,0.224
ninamoreau94,facebook,real,187,79,182,85,1678,1,1,81,0.1667,12,33,1.0,28.59,0.356
promo_30262,facebook,fake,29,658,92,2,121,1,0,23,0.4545,11,1,0.4461,2.1,0.139
priyaweiss5,facebook,fake,7,257,16,3,15,0,0,30,0.0909,11,1,0.2504,8.27,11.108
bot.bot234,twitter,fake,2,538,4,12,58,0,0,5,0.3,10,2,0.2561,2.99,1.496
id_9797858,instagram,fake,447,1106,2,54,50,1,1,124,0.7,10,8,0.8562,25.41,7.499
marco_brook3,instagram,real,110,153,42,218,1050,0,1,121,0.0833,12,12,0.8333,44.95,1.452
priya.alvarez4,instagram,real,1046,308,31,16,27,1,0,123,0.0714,14,2,0.5786,12.42,4.126
user_97542,facebook,fake,20,649,53,1,26,1,0,0,0.5,10,1,0.3501,1.58,0.316
id.5303488,facebook,fake,284,1341,8,85,44,1,0,123,0.7,10,2,0.6868,9.57,13.483
clara_berg3,facebook,real,321,184,266,26,254,0,1,187,0.0909,11,6,0.7261,17.97,0.728
mayadsouza,facebook,real,227,202,510,22,396,1,1,27,0.0,10,10,0.813,102.0,0.38
rohan_singh,facebook,real,848,65,404,2,29,1,1,11,0.0,11,3,0.5426,1.37,0.369
anika.hassan,twitter,real,49,244,10,282,1339,0,0,53,0.0,12,7,0.6097,7.46,1.472
elenanguyen2,facebook,real,219,169,397,15,41,0,1,76,0.0833,12,7,0.5735,25.91,2.61
siennamoreau2,instagram,real,586,330,26,51,286,1,1,62,0.0769,13,19,0.9266,331.64,1.245
samir_nguyen,instagram,real,752,389,11,91,366,1,1,54,0.0,12,17,0.9468,540.38,1.737
leokade3,facebook,real,234,101,130,314,730,0,1,81,0.125,8,12,0.8333,5.91,3.014
anika.berg3,instagram,real,815,136,45,12,43,1,0,0,0.0909,11,4,0.4053,38.31,2.01
kai.okoye,instagram,real,203,434,15,151,1511,1,1,174,0.0,9,11,1.0,198.94,0.699
aditya.iyer2,instagram,real,297,297,148,86,1614,1,1,35,0.0833,12,8,0.9053,23.96,0.372
xxxx7706782,facebook,fake,409,646,15,41,668,1,1,143,0.6364,11,8,1.0,5.39,0.432
aishakade2,instagram,real,2073,987,35,172,310,1,1,42,0.1,10,12,0.8957,187.8,3.884
id.348937,facebook,fake,16,756,10,6,23,1,0,38,0.6667,9,0,0.4487,1.8,1.854
clara_iyer3,instagram,real,61,595,15,16,42,1,0,121,0.0909,11,1,0.5866,6.37,2.697
follow.net974,instagram,fake,26,1205,12,5,38,0,0,36,0.2308,13,1,0.2769,1.12,0.833
arjun_hassan3,facebook,real,648,173,402,22,43,1,1,98,0.0769,13,10,0.7766,2.76,3.528
felix.santos,twitter,real,58,232,38,222,392,0,0,49,0.0,12,16,0.6022,21.88,3.973
zara_berg96,facebook,real,150,89,829,113,819,1,1,73,0.1818,11,51,0.9846,10.8,0.963
theo.chen3,facebook,real,46,124,252,10,30,1,1,71,0.1,10,4,0.7019,11.41,2.283
follow.deal695343,instagram,fake,54,969,7,4,23,1,0,28,0.3529,17,1,0.417,2.76,1.144
aisha_brook,facebook,real,299,119,603,1,46,1,1,10,0.0,11,1,0.5466,0.3,0.188
win_id49713,instagram,fake,68,744,5,1,39,0,0,22,0.4545,11,1,0.2356,2.93,0.248
tmp_6276,instagram,fake,18,1675,21,2,82,1,0,22,0.5,8,1,0.424,1.44,0.133
new7565745,facebook,fake,20,1070,56,5,45,0,0,35,0.7,10,1,0.2795,2.7,0.751
elenasingh,instagram,real,7532,228,13,39,4050,1,0,120,0.0,10,31,0.83,14.72,0.068
isla_okoye3,facebook,real,260,104,294,5,50,1,1,94,0.0909,11,1,0.7122,4.79,0.762
xxreal5724,facebook,fake,18,334,10,1,17,1,0,10,0.4,10,2,0.3665,2.7,17.122
samir_weiss2,facebook,real,209,278,584,55,932,0,1,101,0.0833,12,17,0.8333,19.64,0.416
xxnet72780,twitter,fake,45,1268,5,3,33,0,0,0,0.5,10,1,0.1938,2.31,0.616
leila_costa3,instagram,real,492,225,162,79,213,0,0,76,0.0833,12,23,0.5893,196.87,2.605
arjuncosta2,facebook,real,624,131,714,109,740,1,1,14,0.0909,11,14,0.8629,4.4,1.033
arjunsantos4,facebook,fake,382,1219,13,43,48,1,0,46,0.0833,12,11,0.6187,46.49,6.239
jonas.weiss98,twitter,real,182,99,24,18,40,1,0,118,0.1538,13,2,0.5953,4.02,3.235
kaiokoye91,twitter,real,543,228,13,340,1292,1,0,80,0.2,10,36,0.8333,12.28,1.842
follow.deal342722,twitter,fake,471,1101,2,33,2,1,1,122,0.3529,17,17,0.806,20.4,40.0
aishasantos2,facebook,real,240,246,224,22,551,1,1,132,0.0833,12,17,0.9236,24.29,0.275
promoofficial989,facebook,fake,12,410,12,1,41,0,0,30,0.1875,16,1,0.2511,1.15,0.139
real_88077,instagram,fake,10,1670,14,1,106,0,0,41,0.5,10,2,0.3063,3.24,0.084
win_873372,twitter,fake,84,942,3,39,846,1,0,42,0.6,10,4,0.7495,0.76,0.32
net.q412,twitter,fake,194,931,2,86,14,1,0,81,0.375,8,10,0.6731,36.35,4.46
meera.nguyen,instagram,real,1021,712,21,14,270,1,1,16,0.0,12,11,0.7137,5.32,0.354
zara_moreau,instagram,real,406,203,17,85,1050,1,0,86,0.0,11,4,0.8333,29.05,0.566
felixhassan5,facebook,fake,14,415,12,3,34,0,0,7,0.0833,12,0,0.2094,2.26,0.602
freyadsouza,twitter,real,264,165,23,240,1281,1,1,114,0.0,11,14,1.0,5.92,1.312
acc4742,instagram,fake,14,1213,13,9,30,0,1,0,0.5714,7,3,0.3846,2.72,2.102
ravihassan91,twitter,real,113,155,14,110,606,1,0,0,0.1667,12,12,0.6667,10.21,1.267
acc_xx3169,instagram,fake,598,935,5,42,1165,1,1,101,0.4,10,9,1.0,23.52,0.25
elenakade3,facebook,real,198,97,847,21,22,1,1,96,0.1,10,1,0.766,3.67,6.815
lucia.moreau,twitter,real,235,186,70,156,913,0,0,108,0.0,12,12,0.6667,8.74,1.193
ninanair3,twitter,fake,61,478,2,7,27,0,0,70,0.1111,9,4,0.3536,1.88,1.802
dealtmp0106,facebook,fake,5,1444,48,3,99,0,1,58,0.3636,11,0,0.5136,3.91,0.239
net_0131,instagram,fake,291,1578,39,58,21,1,1,44,0.5,8,7,0.7686,14.12,19.424
devcosta6,facebook,fake,24,728,16,9,12,0,0,42,0.1111,9,2,0.2984,3.15,9.569
maya.nguyen,instagram,real,228,108,50,118,411,1,1,36,0.0,11,39,0.9076,107.23,2.003
marcomoreau2,twitter,real,89,101,14,45,349,1,1,22,0.0833,12,16,0.8721,20.81,0.907
arjun_iyer,facebook,real,160,215,456,23,510,1,1,31,0.0,10,24,0.8282,40.87,0.32
luciabrook5,instagram,fake,424,1579,44,19,19,1,1,54,0.0909,11,16,0.7013,35.4,7.173
promo_win812495,facebook,fake,31,776,60,7,16,0,0,19,0.4,15,6,0.2411,10.26,11.452
samir.khan,facebook,real,137,190,459,6,51,1,0,109,0.0,10,4,0.5499,17.54,0.876
win.q0063584,twitter,fake,11,2439,5,13,28,1,0,23,0.5833,12,2,0.4459,3.22,3.145
rohansantos,facebook,real,63,148,108,90,456,1,1,83,0.0,11,16,1.0,170.17,1.383
leo.hassan2,facebook,real,593,267,413,81,243,0,1,40,0.0909,11,54,0.6952,2.0,2.32
priya_vale96,twitter,real,382,160,7,95,825,1,1,0,0.1667,12,42,0.8333,29.55,0.805
theo_okoye4,instagram,real,1370,279,54,241,3693,1,0,161,0.0909,11,2,0.8333,118.45,0.457
ravi.santos,twitter,real,776,167,62,9,581,1,1,21,0.0,11,8,0.7504,0.95,0.113
noah.brook,instagram,real,1958,118,61,12,737,1,0,24,0.0,10,11,0.6005,3.72,0.115
devchen90,instagram,real,305,342,14,1,36,1,1,6,0.2222,9,2,0.5339,0.66,0.248
anikasantos3,twitter,fake,11,1879,11,2,27,0,1,41,0.0833,12,6,0.4377,1.35,0.398
arjun.khan4,facebook,real,79,321,205,144,212,1,1,74,0.0909,11,24,0.9171,58.28,4.758
hugo.chen2,instagram,real,2789,437,23,73,878,0,0,28,0.1,10,5,0.559,185.08,0.583
isla_khan,twitter,real,35,65,6,222,354,1,1,74,0.0,9,24,0.9823,1.14,4.386
meerapark2,instagram,real,997,234,26,117,435,1,0,76,0.1,10,76,0.8254,653.74,1.879
zara_berg,twitter,real,135,311,50,282,1814,1,0,45,0.0,9,22,0.7594,14.16,1.088
win985,twitter,fake,1,718,2,26,25,0,0,2,0.5,6,2,0.2889,1.21,7.205
net337,twitter,fake,6,606,3,4,47,1,1,1,0.5,6,5,0.5386,3.72,0.573
priyarao,facebook,real,188,299,262,48,1048,1,1,125,0.0,8,18,1.0,38.29,0.323
bot.762,instagram,fake,100,640,2,7,30,1,0,22,0.4286,7,7,0.4227,3.39,1.664
arjunvale,twitter,real,340,576,7,158,401,1,1,69,0.0,9,7,0.9769,80.56,2.765
nina_dsouza3,facebook,real,79,235,912,7,36,1,1,0,0.0833,12,2,0.545,2.16,1.335
kainguyen5,instagram,real,234,108,11,270,357,1,1,76,0.1,10,17,0.9889,365.37,5.298
hugo.moreau,instagram,real,200,329,32,6,751,1,0,15,0.0,11,43,0.556,19.25,0.053
nina_khan2,facebook,real,395,84,208,55,625,1,0,81,0.1,10,9,0.8333,10.54,0.618
win_890949,instagram,fake,47,2193,18,4,35,1,1,19,0.6,10,1,0.5733,8.55,0.805
clara_weiss,twitter,real,23,84,50,7,11,1,1,123,0.0,11,3,0.6995,3.04,4.247
maya.moreau,twitter,real,208,186,10,2085,382,1,0,190,0.0,11,22,0.8333,30.51,38.213
promo_258714,instagram,fake,27,1783,9,19,20,0,0,41,0.5,12,2,0.3392,7.31,6.513
meera.dsouza,instagram,real,1281,169,41,0,44,1,1,16,0.0,12,2,0.5533,1.24,0.026
user_8485763,facebook,fake,24,503,43,6,16,0,0,30,0.5833,12,1,0.2619,0.29,10.573
amara.hassan5,facebook,real,139,146,187,192,1384,1,1,100,0.0769,13,39,1.0,63.29,0.972
id.tmp84584,twitter,fake,15,1305,2,6,42,1,0,17,0.4545,11,3,0.4135,2.25,1.023
anikasingh2,facebook,real,215,135,210,3,585,1,1,12,0.0909,11,8,0.7041,0.7,0.036
islapark5,facebook,fake,24,697,19,1,70,0,0,52,0.1111,9,1,0.3102,4.62,0.083
mayanair,facebook,real,282,68,342,3,799,1,1,23,0.0,8,32,0.7266,7.49,0.025
siennasantos2,twitter,real,68,281,12,433,504,1,0,28,0.0769,13,10,0.7258,6.55,6.017
user230,instagram,fake,58,2963,15,1,71,1,0,1,0.4286,7,4,0.3737,1.92,0.129
aisha.brook3,facebook,real,453,188,243,7,51,1,0,86,0.0833,12,5,0.5509,2.35,0.908
accpromo7266,instagram,fake,12,2784,4,4,10,1,0,11,0.3333,12,2,0.3774,7.49,2.692
new_639188,facebook,fake,15,333,39,5,10,0,0,16,0.6,10,2,0.2261,1.18,3.643
priyakade,instagram,real,1066,98,8,117,399,1,1,124,0.0,9,19,1.0,13.51,2.057
omar_weiss,instagram,real,478,160,11,16,4,1,1,47,0.0,10,8,0.6643,27.14,27.305
sienna.chen,facebook,real,176,41,169,50,651,1,1,151,0.0,11,36,1.0,22.08,0.541
bot_deal695,instagram,fake,13,1792,8,4,34,0,1,38,0.2727,11,1,0.4459,3.08,0.883
priyadsouza,facebook,real,79,121,597,78,185,0,0,62,0.0,11,11,0.5479,61.0,2.95
follow_bot4018,instagram,fake,76,2333,5,1,13,1,0,18,0.2857,14,1,0.3792,4.18,13.151
priyavale3,twitter,fake,6,1065,9,6,95,1,1,13,0.1,10,1,0.5945,0.74,0.433
omar.vale2,facebook,real,145,185,532,35,976,1,1,68,0.1,10,7,0.956,13.58,0.254
devmoreau,facebook,real,67,362,307,170,265,1,1,109,0.0,9,29,0.9543,17.72,4.496
hugohassan,facebook,real,695,167,257,18,2095,1,1,116,0.0,10,7,0.9093,12.35,0.061
felix_weiss2,facebook,real,107,487,340,21,19,1,1,94,0.0833,12,7,0.7633,4.47,7.782
noah.khan96,facebook,real,153,122,315,58,274,1,0,0,0.1818,11,4,0.6251,7.89,1.469
rohan.iyer,instagram,real,45,222,29,568,2384,1,1,28,0.0,10,11,0.8922,53.48,1.669
siennasingh94,facebook,real,60,412,116,44,551,1,1,114,0.1538,13,3,1.0,28.7,0.563
xxfollow4717,facebook,fake,14,615,73,4,12,0,0,26,0.3333,12,1,0.2439,1.95,2.49
win53011,facebook,fake,8,995,10,2,21,0,0,3,0.625,8,1,0.1889,1.6,0.567
priya_chen,twitter,real,1164,290,34,17,12,1,1,199,0.0,10,1,0.7418,3.89,9.75
bot_438060,twitter,fake,4,601,2,7,93,1,0,17,0.6,10,2,0.4389,1.29,0.507
xx874,instagram,fake,69,2753,10,1,220,1,0,5,0.6,5,1,0.4475,2.48,0.02
meeravale7,facebook,fake,405,1061,69,36,16,1,1,103,0.1,10,1,0.8256,12.13,15.921
tmp_deal8791168,instagram,fake,5,1000,6,3,14,0,0,0,0.4667,15,2,0.1867,10.6,1.633
aditya_okoye,instagram,real,836,371,75,63,708,1,1,50,0.0,12,15,0.9373,207.35,0.622
dev_vale,facebook,real,127,180,138,20,265,1,1,175,0.0,8,29,0.8705,19.14,0.525
elena_berg,twitter,real,190,200,4,14,53,1,0,42,0.0,10,1,0.5016,1.2,1.813
theomoreau3,facebook,real,227,106,339,4,18,1,1,204,0.0909,11,2,0.6911,30.33,1.512
accnew436,twitter,fake,13,953,5,7,15,0,0,10,0.3333,9,3,0.2252,2.89,17.104
deal_7634025,facebook,fake,11,740,6,2,15,0,0,37,0.5833,12,3,0.2608,0.87,13.229
official_11951,twitter,fake,38,1937,8,1,20,0,0,0,0.3571,14,3,0.1785,2.48,0.225
nina.costa2,facebook,real,283,190,1052,1,1363,1,0,18,0.0909,11,22,0.5427,4.64,0.005
deal_q221614,instagram,fake,42,1035,5,32,25,0,0,6,0.5,12,1,0.3249,1.27,8.979
official6329,twitter,fake,63,1171,3,9,59,1,0,2,0.3333,12,0,0.4039,2.2,1.104
rohansingh7,facebook,fake,1,2015,16,7,161,1,0,0,0.0909,11,0,0.4342,3.57,0.285
hugo_costa,twitter,real,280,605,12,5,802,1,0,12,0.0,10,41,0.5474,0.46,0.046
noah_kade3,instagram,real,316,663,13,762,737,1,1,83,0.1,10,4,1.0,39.22,7.234
id.771,facebook,fake,9,1557,19,3,36,0,0,0,0.5,6,1,0.1941,1.13,0.515
samir.vale,facebook,real,400,55,216,80,1340,1,1,91,0.0,10,22,1.0,70.75,0.418
freyapark2,facebook,real,219,206,718,12,562,1,1,20,0.1,10,14,0.7592,1.88,0.151
luciasantos,twitter,real,1029,167,46,328,933,1,0,133,0.0,11,7,0.8333,4.44,2.461
maya_alvarez3,instagram,real,1295,401,17,80,2785,1,0,130,0.0769,13,10,0.8333,76.13,0.202
marco_hassan2,facebook,real,308,128,123,2,52,1,0,38,0.0769,13,2,0.4452,3.07,0.303
kai_weiss,facebook,real,390,141,551,33,681,1,1,152,0.0,9,16,0.9694,27.5,0.336
official.real878,facebook,fake,119,542,48,32,1555,1,1,130,0.1875,16,9,0.9655,9.82,0.143
new.bot65114,facebook,fake,21,591,25,1,27,0,0,17,0.4167,12,3,0.2183,6.6,0.233
marco_iyer3,facebook,real,189,112,323,12,34,1,0,127,0.0909,11,2,0.5666,36.84,2.523
follow_21434,facebook,fake,14,868,39,2,135,1,1,37,0.4167,12,4,0.6484,1.3,0.122
theo_costa,facebook,real,423,199,487,129,368,1,1,115,0.0,10,5,1.0,11.18,2.451
elena.khan90,facebook,real,67,336,431,103,749,1,0,81,0.1667,12,12,0.8333,17.77,0.958
felix_costa90,instagram,real,963,340,19,165,1735,1,0,77,0.1538,13,5,0.8264,43.57,0.665
nina.khan3,facebook,real,126,196,454,10,29,1,1,172,0.1,10,3,0.7217,8.67,2.419
ravinguyen3,twitter,real,1042,580,62,318,1241,1,1,23,0.0909,11,21,0.8806,80.19,1.792
winq061,facebook,fake,42,864,6,7,36,1,0,0,0.4286,7,1,0.3784,0.67,1.325
freya.dsouza,facebook,real,96,83,824,123,610,1,0,83,0.0,12,65,0.8333,42.79,1.413
kai.park,instagram,real,617,258,28,69,640,1,0,50,0.0,8,28,0.7711,14.69,0.754
siennakhan97,facebook,real,292,130,420,78,894,1,1,56,0.1667,12,14,0.9503,9.73,0.609
q_bot420234,facebook,fake,8,806,9,3,48,0,1,31,0.5455,11,1,0.4347,1.83,0.5
official_xx5307,twitter,fake,3,747,7,29,14,1,1,22,0.2667,15,1,0.6731,5.5,14.479
follow857631,facebook,fake,3,742,9,5,5,1,0,0,0.5,12,2,0.3553,0.48,7.329
ravi_rao2,facebook,real,191,256,605,24,497,1,1,127,0.1111,9,36,0.9321,43.83,0.334
sienna_costa93,twitter,real,711,200,19,37,229,1,0,117,0.1429,14,19,0.7585,6.44,1.129
aisha.park,instagram,real,1164,100,38,14,27,1,0,172,0.0,10,3,0.5688,9.11,3.515
lucia.alvarez2,facebook,real,67,83,618,17,25,1,0,6,0.0714,14,2,0.4276,4.65,4.798
freya.nguyen,twitter,real,156,154,8,15,44,1,0,149,0.0,12,4,0.5846,1.47,2.461
omarsingh4,twitter,fake,8,2652,19,5,57,1,0,26,0.1,10,1,0.4325,0.76,0.576
dev.costa,instagram,real,94,372,36,15,18,1,0,107,0.0,9,5,0.5703,5.44,5.79
leobrook3,twitter,real,390,175,15,17,6,1,1,110,0.1111,9,4,0.7398,1.08,19.717
noah_moreau,twitter,real,233,98,15,462,760,1,0,111,0.0,11,6,0.8333,32.4,4.253
theobrook,facebook,real,67,145,411,73,200,1,1,94,0.0,9,13,0.9247,26.64,2.547
aditya_chen2,facebook,real,151,299,612,13,22,1,1,159,0.0833,12,2,0.73,1.61,4.072
id_user21785,twitter,fake,6,1210,2,7,15,1,0,41,0.4167,12,1,0.4543,1.34,16.964
xx.7141082,instagram,fake,44,2014,9,3,21,0,0,5,0.7,10,2,0.1997,5.11,0.971
q_106,instagram,fake,13,2711,11,0,17,1,1,17,0.6,5,6,0.545,3.0,0.175
rohan_singh95,instagram,real,589,600,21,42,275,1,0,76,0.1538,13,31,0.7846,11.29,1.066
xx_new37204,twitter,fake,124,736,5,62,23,1,0,72,0.4545,11,15,0.6602,23.17,18.979
bot_q715,instagram,fake,40,1537,5,3,36,0,1,0,0.375,8,3,0.3621,1.8,0.575
luciadsouza,twitter,real,487,312,5,922,225,1,0,141,0.0,11,21,0.7694,9.86,28.671
lucia.park3,facebook,real,35,179,345,10,667,1,1,2,0.0909,11,4,0.7136,5.62,0.107
nina.chen2,twitter,real,259,371,25,287,713,1,1,54,0.1,10,27,0.9451,23.2,2.82
ninasingh5,instagram,fake,15,722,11,6,65,0,0,40,0.1,10,1,0.3055,5.38,0.66
aditya.brook,facebook,real,1286,193,96,116,273,0,0,48,0.0,12,17,0.5587,44.25,2.984
rohan.iyer2,facebook,real,284,468,193,158,457,1,1,99,0.0909,11,24,1.0,31.19,2.424
kaiweiss4,instagram,real,415,372,23,185,1493,1,1,118,0.1111,9,17,1.0,130.85,0.866
freyanair,twitter,real,238,426,21,387,603,1,0,109,0.0,9,8,0.8333,22.65,4.492
noahsantos6,instagram,fake,62,1686,3,3,46,0,0,0,0.0909,11,4,0.1983,5.36,0.389
id.744,instagram,fake,3,1917,26,11,7,1,0,0,0.5,6,1,0.3823,2.51,8.087
aishaweiss90,twitter,real,536,234,22,182,353,1,1,85,0.1667,12,50,0.9945,8.89,3.619
omar.nguyen4,instagram,real,5973,167,24,543,535,1,0,88,0.0833,12,45,0.8333,28.24,7.099
net_real863,instagram,fake,13,1864,6,0,17,0,1,6,0.2727,11,1,0.3548,1.36,0.147
rohanrao4,twitter,fake,155,2864,3,42,38,1,1,51,0.1111,9,3,0.7908,17.38,7.668
clara_nguyen2,facebook,real,518,311,183,142,2747,1,1,38,0.0769,13,16,0.9125,26.59,0.363
isla.dsouza,twitter,real,540,237,13,49,1923,1,0,22,0.0,11,16,0.7128,4.27,0.179
id_9506,facebook,fake,9,1039,16,2,28,0,0,46,0.5714,7,3,0.2833,1.24,0.458
hugomoreau2,facebook,real,291,85,672,23,1110,1,1,107,0.0909,11,7,0.9292,32.61,0.145
official.acc867218,facebook,fake,6,1249,50,17,792,1,0,0,0.3333,18,3,0.5719,6.11,0.152
leokhan,facebook,real,392,136,108,0,17,1,1,17,0.0,7,6,0.5447,0.65,0.086
maya_chen2,instagram,real,780,217,15,19,15,1,0,145,0.1,10,7,0.5847,33.39,8.721
leila.park98,facebook,real,251,170,280,115,918,1,1,123,0.1667,12,4,1.0,8.42,0.878
siennachen6,facebook,fake,449,585,32,26,40,1,1,38,0.0909,11,11,0.7047,41.4,4.509
user.269,facebook,fake,36,581,12,19,45,0,0,31,0.375,8,1,0.3296,3.67,2.879
noah.nair,instagram,real,1020,497,16,68,576,1,1,25,0.0,9,13,0.8847,124.05,0.825
official_follow469586,instagram,fake,58,1226,6,20,18,0,0,17,0.2857,21,1,0.1835,3.03,7.68
promo0355172,facebook,fake,40,722,18,3,16,1,1,47,0.5833,12,2,0.6168,1.69,1.288
freya_berg4,twitter,real,97,285,28,176,1543,1,0,44,0.0909,11,19,0.7592,4.37,0.798
quser169,instagram,fake,4,830,5,1,24,0,0,19,0.375,8,0,0.2232,1.06,0.418
anika.iyer2,facebook,real,149,123,182,14,15,1,1,99,0.0909,11,4,0.7338,6.9,6.756
luciarao2,facebook,real,2081,63,418,3,26,0,1,57,0.1111,9,6,0.475,15.94,0.726
omarnair3,facebook,real,91,48,392,88,500,1,1,125,0.1111,9,53,1.0,8.8,1.228
followofficial11598,twitter,fake,45,1000,17,1,11,0,0,39,0.2632,19,1,0.1487,1.12,0.756
acc.promo1791,facebook,fake,15,807,147,12,29,0,0,29,0.3077,13,1,0.2916,5.65,3.015
net.5812,instagram,fake,11,1006,9,5,22,0,0,22,0.5,8,1,0.2419,3.14,1.512
isla.brook,instagram,real,516,144,44,139,988,1,0,70,0.0,10,26,0.8127,32.45,0.987
xx.8646,facebook,fake,196,871,52,54,15,1,0,100,0.5714,7,1,0.6735,6.66,25.053
nina_alvarez,instagram,real,519,182,12,193,1284,1,1,118,0.0,12,12,1.0,91.05,1.05
net.promo7516,instagram,fake,370,1333,10,22,1074,1,1,136,0.3077,13,13,0.9259,13.37,0.145
dealq9942747,facebook,fake,15,679,44,11,9,1,0,0,0.5833,12,2,0.3851,1.57,5.882
theosantos,twitter,real,187,100,16,42,603,1,1,13,0.0,10,15,0.8614,12.76,0.484
ravi_moreau,instagram,real,64,228,12,70,1353,1,0,61,0.0,11,18,0.7942,12.58,0.361
iddeal330,facebook,fake,12,755,45,1,8,0,1,82,0.3333,9,1,0.5079,1.79,0.891
user.195851,facebook,fake,17,1121,45,2,62,1,0,46,0.5455,11,1,0.4663,1.76,0.261
leo.brook,twitter,real,2389,560,3,207,262,1,1,102,0.0,9,13,0.953,24.03,5.525
q.win488021,facebook,fake,5,498,17,16,11,1,0,54,0.5455,11,1,0.5181,0.84,16.508
rohan_santos3,facebook,real,19,54,473,62,1313,1,1,80,0.0769,13,32,1.0,10.41,0.332
leila_rao92,facebook,real,372,96,329,9,40,1,0,69,0.1818,11,4,0.5318,8.69,1.546
felix_chen99,twitter,real,245,342,10,19,39,1,0,65,0.1667,12,5,0.5664,0.43,3.464
real.2284,instagram,fake,383,920,16,21,1625,1,1,77,0.4444,9,4,0.9155,46.41,0.091
freyaberg6,facebook,fake,29,626,13,1,90,1,0,10,0.1,10,3,0.3999,1.34,0.093
omar_chen2,instagram,real,952,133,32,78,259,0,1,0,0.1,10,6,0.6183,21.56,2.113
real.35497,instagram,fake,9,973,6,2,35,0,1,9,0.5,10,1,0.3748,9.37,0.372
idofficial595460,facebook,fake,16,1724,18,3,14,1,0,2,0.375,16,4,0.357,1.5,5.185
id_470,instagram,fake,18,904,11,2,52,1,0,12,0.5,6,1,0.3921,10.06,0.315
samir.berg,instagram,real,356,438,31,9,990,1,0,164,0.0,10,38,0.7047,28.85,0.065
marco.berg2,twitter,real,1038,40,24,276,167,0,1,39,0.0909,11,7,0.6585,17.34,11.574
user.137887,facebook,fake,44,762,14,30,1353,1,0,35,0.5455,11,1,0.6962,4.1,0.153
omarnguyen3,facebook,fake,47,608,35,10,43,1,0,25,0.0909,11,2,0.4469,12.47,1.652
xx_3274,twitter,fake,4,1194,18,31,22,1,0,1,0.5714,7,1,0.4742,0.53,9.779
rohan_brook2,twitter,real,252,479,28,118,294,1,0,38,0.0833,12,17,0.7135,8.97,2.81
priyachen1,twitter,fake,13,853,3,5,26,0,0,15,0.1,10,2,0.2318,1.24,1.472
zara_brook2,instagram,real,1084,253,15,10,220,1,0,5,0.0909,11,29,0.4854,3.11,0.317
jonasberg3,instagram,fake,2,1454,3,15,15,0,1,5,0.1,10,1,0.4118,8.65,6.832
nina_park2,instagram,real,248,229,17,89,948,1,1,55,0.1,10,22,0.9473,297.58,0.657
xxofficial0385,facebook,fake,7,1358,8,4,30,0,0,6,0.2857,14,3,0.2071,2.68,0.818
theo.park2,instagram,real,939,191,93,23,37,1,0,148,0.1,10,8,0.6109,12.82,4.27
mayacosta93,twitter,real,16,120,53,531,663,1,1,116,0.1818,11,35,1.0,20.24,5.603
q_tmp97692,facebook,fake,10,398,8,20,1447,1,0,30,0.5,10,1,0.6451,1.69,0.097
ravivale92,twitter,real,128,128,58,17,36,1,1,119,0.2,10,1,0.7533,6.9,3.274
official_457,instagram,fake,37,1003,5,12,11,0,0,17,0.25,12,5,0.2574,2.78,7.867
freyakhan96,facebook,real,98,78,178,10,650,1,1,110,0.1818,11,6,0.8765,10.55,0.112
rohanpark2,facebook,real,27,93,223,160,594,1,1,99,0.1,10,16,1.0,77.69,1.882
zara_moreau2,twitter,real,32,192,10,33,864,1,0,84,0.0833,12,11,0.8037,13.08,0.267
promo.283,twitter,fake,49,1339,2,28,79,0,0,18,0.3333,9,2,0.3581,1.09,2.498
freya.singh2,twitter,real,137,326,44,1320,415,0,0,55,0.0833,12,5,0.6143,7.3,22.258
anikarao,facebook,real,745,166,350,46,1308,1,1,34,0.0,8,4,0.9046,31.03,0.246
luciavale,twitter,real,320,250,18,142,440,1,0,11,0.0,9,6,0.689,24.1,2.256
clara_brook2,facebook,real,50,193,316,170,901,1,1,202,0.0833,12,40,1.0,51.34,1.32
leoberg,facebook,real,80,270,217,34,810,1,1,68,0.0,7,26,0.9512,13.24,0.295
maya_park2,facebook,real,527,113,481,57,1021,1,1,119,0.1,10,35,1.0,24.56,0.388
bot.net9858129,facebook,fake,10,537,115,1,10,0,0,48,0.5,14,1,0.2726,1.56,0.401
leo_weiss97,facebook,real,106,142,507,204,421,1,0,87,0.1818,11,20,0.8333,20.71,3.391
leila.vale,instagram,real,224,205,45,94,723,1,1,38,0.0,10,13,0.9125,29.86,0.906
meera.santos4,twitter,real,223,377,16,17,17,0,0,98,0.0769,13,1,0.4107,4.43,6.878
amarapark3,instagram,real,118,159,60,149,1094,1,1,58,0.1,10,12,0.9538,47.42,0.956
win_win8001096,twitter,fake,7,776,4,2,68,1,0,3,0.5,14,1,0.3776,0.34,0.169
q_tmp50992,instagram,fake,13,696,9,8,23,0,1,38,0.5,10,1,0.4556,3.31,2.435
meera.chen2,facebook,real,164,164,587,113,653,1,1,39,0.0909,11,5,0.9136,15.46,1.209
elena_vale,facebook,real,271,177,378,15,11,1,1,106,0.0,10,2,0.7335,7.39,9.436
leiladsouza7,instagram,fake,44,1672,3,0,61,0,0,64,0.0833,12,3,0.33,0.86,0.045
tmp_bot74436,instagram,fake,12,819,1,8,34,0,0,0,0.4167,12,2,0.2138,7.48,1.561
leila.alvarez4,facebook,real,481,151,540,18,31,1,1,145,0.0714,14,2,0.7552,1.11,4.032
tmp_41833,twitter,fake,17,1733,2,1,22,1,0,4,0.5556,9,1,0.3569,1.13,0.377
id_deal630331,instagram,fake,7,714,5,3,70,1,0,17,0.4615,13,1,0.4122,3.26,0.255
bot_bot75118,facebook,fake,25,600,27,2,12,0,0,40,0.4167,12,2,0.2649,2.58,1.396
net_41507,facebook,fake,17,292,64,14,1401,1,0,30,0.5556,9,1,0.6204,1.03,0.069
win690,twitter,fake,257,3595,11,68,90,1,1,111,0.5,6,6,0.8744,15.84,5.283
promo631,facebook,fake,77,592,47,4,8,1,0,26,0.375,8,2,0.4084,1.1,8.331
leila_dsouza93,facebook,real,94,119,509,42,618,1,0,32,0.1429,14,3,0.7339,80.49,0.472
lucia_vale2,instagram,real,1503,153,16,42,212,0,1,37,0.0909,11,43,0.673,206.57,1.398
ravi.nair3,facebook,real,898,219,211,79,295,1,1,97,0.1,10,96,0.968,37.33,1.876
official_0210,facebook,fake,28,248,18,3,53,1,1,39,0.3077,13,0,0.618,2.0,0.388
jonas_iyer,facebook,real,469,93,492,101,450,1,1,51,0.0,10,8,0.9391,4.77,1.578
new_xx290833,instagram,fake,289,1106,3,61,21,1,0,66,0.5,12,5,0.6474,33.87,20.193
new6985487,facebook,fake,18,986,16,3,44,0,1,15,0.7,10,2,0.3978,2.5,0.502
marco_berg92,facebook,real,84,104,295,6,46,1,1,0,0.1667,12,5,0.5443,4.49,0.849
promo21885,facebook,fake,43,1167,81,24,696,1,0,27,0.5,10,3,0.6555,0.92,0.238
freyaokoye2,facebook,real,299,209,238,47,2673,1,1,201,0.0909,11,8,1.0,4.84,0.123
islaalvarez2,facebook,real,1891,242,294,133,729,1,1,50,0.0833,12,12,0.9366,24.56,1.276
rohandsouza3,facebook,real,1251,95,386,188,1184,1,0,53,0.0833,12,48,0.7778,7.24,1.113
priyaberg1,facebook,fake,27,1508,20,1,8,1,0,25,0.1,10,3,0.3926,0.88,0.634
ravimoreau,instagram,real,3183,313,20,94,1971,1,0,66,0.0,10,10,0.8042,56.28,0.333
q_id3234,facebook,fake,33,530,39,4,124,1,0,18,0.5,8,2,0.4449,1.6,0.229
luciahassan3,twitter,fake,4,1748,2,2,35,1,0,31,0.0833,12,1,0.4207,1.03,0.376
ravibrook5,twitter,fake,1,693,3,9,52,0,0,14,0.1,10,1,0.2583,1.34,1.23
acc.bot814588,twitter,fake,39,735,7,6,220,0,0,0,0.4615,13,1,0.2913,2.31,0.185
follow_1544191,facebook,fake,9,1601,30,10,24,0,0,54,0.5,14,2,0.3307,4.25,2.842
promo.win6780,facebook,fake,3,798,12,1,13,0,0,34,0.3077,13,3,0.2464,1.74,0.27
omar_berg3,facebook,real,277,160,205,7,49,1,1,69,0.1,10,7,0.6963,5.21,1.062
nina_vale,instagram,real,66,203,10,116,358,1,0,103,0.0,9,13,0.8301,118.75,2.26
felix.iyer,instagram,real,81,167,14,10,12,1,0,93,0.0,10,3,0.5461,14.23,5.69
rohankade3,instagram,real,458,243,15,14,30,1,1,139,0.1,10,1,0.7406,15.59,3.373
lucia.dsouza3,instagram,real,173,165,11,2,29,1,1,86,0.0769,13,3,0.69,13.7,0.587
bot.q202524,instagram,fake,19,1245,7,25,33,1,0,39,0.5455,11,1,0.5319,1.2,5.248
rohankade98,facebook,real,84,114,602,48,581,1,1,140,0.1818,11,7,1.0,2.89,0.576
bot_64971,twitter,fake,7,701,6,8,90,0,0,19,0.5556,9,2,0.28,0.53,0.61
leopark3,instagram,fake,180,577,22,2,4,1,0,5,0.125,8,3,0.3536,3.55,3.76
leila_park,instagram,real,283,213,111,3,2084,1,1,18,0.0,10,31,0.7151,9.24,0.009
tmp.20375,twitter,fake,3,1397,8,4,29,0,1,0,0.5556,9,2,0.3612,3.61,0.848
kai_chen,twitter,real,731,148,13,22,31,1,0,150,0.0,8,5,0.604,1.88,4.869
q_q9801,facebook,fake,32,1392,10,5,18,0,0,31,0.5714,7,1,0.26,1.92,4.353
leo.chen3,instagram,real,106,424,26,5,50,1,1,170,0.1111,9,4,0.7124,30.96,0.769
zarasingh6,instagram,fake,33,1017,6,5,30,0,0,12,0.1,10,1,0.2285,2.4,1.243
tmpwin26456,twitter,fake,12,724,1,10,42,0,0,29,0.4545,11,1,0.2892,4.74,1.72
lucia_iyer2,facebook,real,247,66,908,141,192,1,1,106,0.0909,11,8,0.921,51.44,5.141
lucia.chen3,twitter,real,379,655,19,88,472,0,0,156,0.0909,11,11,0.6667,7.41,1.302
omar.santos932,instagram,real,835,882,42,42,364,1,1,133,0.2143,14,14,0.9995,115.62,0.806
priya.okoye97,instagram,real,190,246,14,243,446,1,1,169,0.1538,13,24,1.0,84.28,3.817
ravi_nguyen2,instagram,real,288,737,16,19,9,1,1,119,0.0833,12,1,0.7504,16.42,14.868
felix_brook2,instagram,real,189,227,93,78,836,1,1,74,0.0833,12,10,0.9873,45.06,0.654
official_xx4537,facebook,fake,31,662,28,2,17,0,1,13,0.2667,15,4,0.3773,1.28,0.887
official.id362,instagram,fake,28,907,8,6,33,1,0,43,0.2143,14,2,0.4626,9.58,1.229
official_bot9547,facebook,fake,6,813,16,2,24,0,0,1,0.25,16,1,0.1895,1.72,0.619
kaisingh,twitter,real,548,149,15,20,11,1,0,45,0.0,8,8,0.5164,2.54,12.782
qq3272738,instagram,fake,9,1362,5,4,66,1,0,9,0.7778,9,1,0.3981,1.01,0.415
win_189187,facebook,fake,4,693,13,20,1968,1,0,6,0.6,10,2,0.5956,7.52,0.071
ravihassan,twitter,real,105,129,33,781,150,1,1,68,0.0,10,5,0.8763,40.52,36.445
aishaalvarez8,instagram,fake,24,1279,5,7,24,0,0,40,0.0769,13,2,0.2913,1.83,2.072
omar.khan4,instagram,real,460,97,37,49,1639,1,1,134,0.1,10,24,1.0,52.35,0.207
real.q0879,facebook,fake,7,2715,11,18,24,1,1,36,0.4,10,0,0.662,0.78,5.302
zaramoreau3,facebook,real,482,152,451,88,479,1,0,72,0.0909,11,15,0.8163,8.39,1.293
lucia.berg,twitter,real,842,373,21,316,5200,1,0,96,0.0,10,4,0.8333,4.61,0.425
clara.santos3,twitter,real,729,151,4,19,23,0,0,143,0.0769,13,7,0.4238,4.62,5.84
q_new4578376,instagram,fake,26,1816,24,6,18,0,0,24,0.5833,12,1,0.2473,2.18,2.167
bot346276,facebook,fake,13,750,22,5,12,1,1,10,0.6667,9,1,0.5469,0.73,2.835
acc4651571,facebook,fake,10,615,29,7,32,0,1,12,0.7,10,1,0.403,2.01,1.561
freyachen3,instagram,real,197,508,40,53,952,1,1,53,0.1,10,6,0.9446,8.73,0.39
newid977674,facebook,fake,63,704,7,1,54,1,0,24,0.5455,11,1,0.4124,0.62,0.151
theomoreau92,instagram,real,2786,189,29,266,223,1,1,41,0.1667,12,11,0.8534,56.21,8.339
rohansantos2,facebook,real,16,278,760,236,232,1,1,55,0.0833,12,4,0.8867,11.75,7.115
lucia.nguyen2,instagram,real,136,417,41,68,1481,1,0,80,0.0769,13,24,0.8333,26.33,0.319
mayapark5,instagram,fake,8,2853,7,12,157,0,0,19,0.1111,9,1,0.3254,3.57,0.517
priya_dsouza2,facebook,real,1475,164,329,10,337,1,1,70,0.0769,13,7,0.8385,14.91,0.199
new_6871,facebook,fake,378,814,24,37,4,1,0,116,0.5,8,2,0.6541,27.33,4.554
omarsantos,facebook,real,576,264,165,35,304,1,1,54,0.0,10,14,0.8964,60.95,0.803
rohan_alvarez,facebook,real,236,161,270,60,1765,1,1,19,0.0,13,16,0.8723,31.6,0.238
samir.alvarez2,instagram,real,3230,202,27,13,1611,1,1,62,0.0714,14,28,0.8508,206.58,0.057
jonasvale,instagram,real,224,184,58,14,201,1,1,13,0.0,9,9,0.6751,6.15,0.478
isla.nguyen4,facebook,real,66,126,253,41,4148,1,1,95,0.0833,12,11,1.0,6.9,0.069
omarmoreau4,instagram,fake,15,482,13,29,1886,1,0,5,0.0909,11,2,0.6294,5.24,0.106
bot.xx965663,facebook,fake,252,405,66,60,7,1,0,55,0.5,12,13,0.6186,16.17,12.666
amarabrook3,facebook,real,110,110,589,85,1268,1,0,140,0.0909,11,11,0.8333,14.36,0.471
anika_vale3,twitter,real,360,324,32,49,1021,1,0,48,0.0909,11,32,0.766,18.22,0.333
win.8168,instagram,fake,64,1294,6,1,12,0,0,19,0.5,8,2,0.2136,10.29,0.343
meera_alvarez,facebook,real,19,155,703,46,610,1,1,132,0.0,13,26,1.0,12.39,0.528
promopromo0078077,facebook,fake,205,680,10,53,220,1,1,95,0.4118,17,16,0.9338,30.64,1.672
zara.berg,facebook,real,240,99,197,323,1230,1,1,96,0.0,9,12,1.0,11.13,1.837
arjuncosta3,twitter,real,428,351,3,18,39,1,0,93,0.0909,11,5,0.5911,1.71,3.158
islavale99,facebook,real,703,197,513,54,179,1,1,121,0.2,10,11,0.9151,34.53,2.118
meerachen2,twitter,real,92,326,23,608,680,1,0,27,0.1,10,29,0.7228,7.97,6.255
officialxx9107107,instagram,fake,17,1292,9,2,7,0,1,7,0.4118,17,2,0.3586,3.77,1.593
dev_moreau2,facebook,real,250,58,202,57,403,1,0,13,0.0909,11,5,0.6946,30.01,0.99
isla_kade2,twitter,real,1604,104,7,10,507,1,1,18,0.1,10,11,0.7481,9.56,0.145
leo.brook92,facebook,real,89,185,381,15,12,1,1,96,0.1818,11,1,0.7349,6.22,8.787
acc.1632,instagram,fake,9,2044,7,10,11,0,0,0,0.5,8,2,0.214,1.62,6.366
aisha.nair2,instagram,real,284,331,40,71,1513,1,1,102,0.0909,11,25,1.0,98.41,0.329
acc.479,instagram,fake,28,1614,32,5,12,0,0,7,0.4286,7,2,0.2076,2.54,2.826
priya.chen,instagram,real,721,102,69,136,199,1,1,154,0.0,10,9,0.9242,219.88,4.776
user_xx070,instagram,fake,6,768,16,2,75,1,0,27,0.3,10,2,0.4326,1.49,0.197
marco_okoye,twitter,real,509,132,3,428,263,1,1,160,0.0,11,5,0.9534,3.65,11.385
tmp234171,instagram,fake,5,892,2,5,27,1,0,20,0.6667,9,1,0.4086,1.29,1.275
tmpfollow4673,twitter,fake,12,1097,1,7,78,1,0,57,0.3077,13,3,0.5176,2.78,0.657
meera_moreau2,facebook,real,475,101,125,60,1667,1,0,66,0.0769,13,26,0.8047,11.53,0.252
clara.brook99,instagram,real,301,418,51,277,280,1,1,130,0.1538,13,28,0.9612,39.17,6.93
leo_weiss,facebook,real,169,132,698,132,667,1,0,51,0.0,9,32,0.772,26.78,1.386
meera.chen3,facebook,real,189,243,722,3,30,1,1,136,0.0909,11,1,0.6911,2.42,0.6
samir_vale5,facebook,real,443,81,287,48,537,1,1,113,0.0909,11,7,1.0,34.88,0.625
tmpid9054862,instagram,fake,77,707,8,4,93,1,1,36,0.5833,12,1,0.6344,2.35,0.317
win_new592793,twitter,fake,8,742,4,27,816,1,0,28,0.4615,13,4,0.6703,1.79,0.229
priya.khan3,instagram,real,662,151,21,45,218,1,1,89,0.0909,11,7,0.9329,78.57,1.43
clara.khan,facebook,real,59,65,455,49,302,1,1,100,0.0,10,11,0.9712,32.81,1.146
user_deal226427,facebook,fake,14,1012,11,5,37,0,0,0,0.4,15,2,0.2032,1.59,0.891
new.89874,instagram,fake,65,1414,6,32,1427,1,0,23,0.5556,9,4,0.6801,3.23,0.156
sienna.kade2,instagram,real,167,459,31,112,925,1,1,115,0.0833,12,20,1.0,296.78,0.85
dev_okoye2,instagram,real,1745,212,19,498,926,1,1,124,0.1,10,14,1.0,61.04,3.766
official.follow476,twitter,fake,19,1076,3,4,31,1,0,27,0.1667,18,2,0.4208,3.81,0.893
hugo_moreau98,facebook,real,457,137,469,48,131,1,1,106,0.1538,13,26,0.8932,2.99,2.552
win_follow57220,twitter,fake,19,543,3,1,12,0,0,33,0.3333,15,1,0.2458,3.15,0.621
aditya.khan,instagram,real,347,307,137,178,251,1,1,60,0.0,11,13,0.9065,201.74,4.967
adityakade,facebook,real,84,96,386,98,842,1,1,109,0.0,10,11,1.0,10.16,0.818
user_64686,facebook,fake,4,719,21,2,33,0,0,7,0.5,10,1,0.2047,0.72,0.421
siennaweiss3,twitter,real,63,118,3,169,484,1,0,94,0.0833,12,39,0.8333,9.96,2.444
marco_hassan3,facebook,real,281,190,865,7,20,1,1,75,0.0769,13,2,0.6944,6.76,2.515
kaikhan4,facebook,real,1561,267,141,40,781,1,0,116,0.125,8,13,0.8333,14.13,0.359
arjunchen,instagram,real,2535,128,31,32,794,1,0,44,0.0,9,19,0.7265,51.73,0.284
arjun.singh,facebook,real,466,73,301,11,1298,1,1,87,0.0,11,22,0.8798,20.69,0.06
promo.net52100,facebook,fake,51,608,13,5,9,1,0,21,0.3571,14,1,0.4032,1.27,3.955
claranguyen2,twitter,real,546,43,34,164,455,1,0,85,0.0833,12,9,0.8333,24.6,2.525
freyasingh2,facebook,real,19,118,418,7,22,1,1,38,0.0909,11,1,0.6167,5.35,2.113
bot609,twitter,fake,4,1269,4,1,25,0,0,55,0.5,6,2,0.2959,4.21,0.172
new.2433101,twitter,fake,2,318,9,19,51,0,0,15,0.6364,11,1,0.2993,0.39,2.565
lucia_iyer3,twitter,real,2272,97,5,14,41,1,0,77,0.0909,11,3,0.5698,6.14,2.384
rohan_moreau2,facebook,real,104,222,413,16,16,1,1,103,0.0769,13,3,0.7407,2.66,7.002
id.25126,instagram,fake,51,1768,13,2,38,1,0,46,0.625,8,1,0.4577,2.32,0.45
anika.nair3,instagram,real,40,156,20,12,310,1,1,10,0.0909,11,21,0.7113,10.51,0.262
kaichen3,facebook,real,86,170,824,155,1026,1,0,36,0.125,8,38,0.7415,84.64,1.057
botnet83515,facebook,fake,10,481,11,20,1286,1,0,42,0.4545,11,3,0.6699,5.02,0.108
amara_park4,facebook,real,580,75,1289,70,378,1,1,26,0.0909,11,9,0.8882,12.15,1.3
follow_3157205,twitter,fake,14,1613,3,7,35,0,0,35,0.5,14,2,0.2828,2.21,1.313
official.735,twitter,fake,7,424,6,8,39,0,0,11,0.25,12,1,0.2398,3.58,1.36
promo.real401,twitter,fake,22,2093,2,47,1872,1,0,5,0.2308,13,1,0.6773,1.8,0.176
noah.santos95,instagram,real,826,170,188,137,258,1,0,145,0.1538,13,42,0.7845,7.33,3.72
meera.santos5,facebook,real,117,84,229,42,412,1,1,83,0.0769,13,24,1.0,9.58,0.713
nina.hassan2,twitter,real,345,126,25,1469,298,1,0,90,0.0833,12,15,0.8027,15.31,34.506
user_net7416,facebook,fake,21,759,39,1,23,0,0,33,0.3333,12,2,0.2519,4.18,0.427
claraberg2,facebook,real,101,82,425,11,3583,1,0,9,0.1,10,4,0.5659,4.28,0.022
id70092,facebook,fake,8,561,16,1,26,0,0,33,0.7143,7,6,0.2528,0.57,0.302
acc_5709,facebook,fake,7,478,10,4,12,1,1,42,0.5,8,3,0.6118,1.25,10.388
maya_iyer,instagram,real,2091,614,8,261,1122,1,1,91,0.0,9,24,1.0,81.0,1.626
tmp_net2176,facebook,fake,13,363,33,5,23,0,0,12,0.3636,11,5,0.2223,1.14,1.421
ravi.park,twitter,real,104,223,12,50,480,0,0,124,0.0,9,3,0.6667,7.66,0.723
bot_102,instagram,fake,111,1307,2,6,4,0,0,8,0.4286,7,1,0.2105,1.23,10.825
q9553,instagram,fake,246,1324,6,91,688,1,1,87,0.8,5,2,1.0,26.08,0.931
q906196,instagram,fake,11,705,7,4,13,1,0,0,0.8571,7,2,0.3544,0.73,15.409
net.tmp198615,twitter,fake,28,817,3,3,91,0,0,28,0.4615,13,5,0.2782,1.46,0.223
elena_nair99,instagram,real,1162,473,34,46,1506,1,0,67,0.1667,12,14,0.8069,65.03,0.216
omar.kade99,instagram,real,666,277,16,5,11,1,0,98,0.1818,11,5,0.5278,22.63,3.484
newtmp9843,twitter,fake,10,587,3,5,46,1,0,36,0.4,10,1,0.4525,2.6,0.825
kaisantos4,instagram,real,257,724,30,147,252,1,1,113,0.1,10,6,0.9484,60.66,4.075
xx_6683,instagram,fake,251,1385,2,62,29,1,1,107,0.5714,7,1,0.8466,17.14,14.932
elenakade6,facebook,fake,240,840,14,66,23,1,0,62,0.1,10,15,0.6389,32.68,19.941
net_bot216026,facebook,fake,8,748,6,2,43,0,0,16,0.4615,13,1,0.228,1.72,0.364
jonas_nguyen97,instagram,real,335,122,23,346,356,1,0,38,0.1429,14,8,0.742,23.45,6.81
net.45465,instagram,fake,30,744,7,7,53,1,0,21,0.5556,9,2,0.4303,1.06,0.929
amarahassan3,instagram,real,144,336,47,137,2749,0,1,91,0.0833,12,27,0.8333,70.85,0.349
bot497,instagram,fake,25,2871,4,7,45,0,1,0,0.5,6,1,0.385,13.25,1.16
zara_brook3,facebook,real,632,66,332,120,621,1,1,100,0.0909,11,14,1.0,21.65,1.353
marco_okoye99,instagram,real,204,386,20,210,585,1,1,132,0.1538,13,15,1.0,10.25,2.517
id_2119181,instagram,fake,6,2284,24,30,1033,1,1,0,0.7,10,1,0.7937,9.95,0.207
clara_khan,instagram,real,624,324,27,2,40,1,0,58,0.0,10,1,0.4814,37.36,0.347
deal_141030,instagram,fake,9,1217,5,1,14,1,0,39,0.5455,11,1,0.4269,4.63,0.693
q_362894,facebook,fake,3,1825,19,1,76,1,0,42,0.75,8,1,0.4616,1.86,0.122
win_deal058,facebook,fake,453,862,14,37,552,1,0,112,0.2727,11,1,0.8218,19.74,0.472
theoalvarez2,instagram,real,539,288,28,67,523,0,1,42,0.0833,12,43,0.7532,18.32,0.896
priya_moreau,facebook,real,210,85,333,14,51,1,1,82,0.0,12,3,0.7474,4.33,1.891
new_9901273,facebook,fake,11,784,18,3,16,1,0,16,0.6364,11,1,0.385,3.34,1.205
elena.santos2,facebook,real,600,138,167,299,346,1,1,152,0.0769,13,43,0.9913,12.22,6.057
promo_754,instagram,fake,6,3633,7,4,64,0,0,42,0.3333,9,1,0.2981,1.3,0.401
theoiyer7,facebook,fake,17,2355,35,3,21,0,0,45,0.1111,9,1,0.2845,2.15,1.087
id8987881,twitter,fake,1,335,3,8,84,0,0,34,0.7778,9,2,0.3096,5.34,0.676
jonaskade2,facebook,real,108,184,586,132,678,1,1,150,0.1,10,45,1.0,80.22,1.361
clara.iyer3,instagram,real,158,267,21,387,1416,1,1,176,0.0909,11,4,1.0,132.1,1.915
isla.chen,facebook,real,78,96,623,210,990,1,1,155,0.0,9,14,1.0,12.85,1.484
aisha.nguyen3,facebook,real,116,150,381,18,15,1,1,101,0.0769,13,4,0.7489,5.87,8.446
marcokade,instagram,real,1684,107,6,135,488,1,0,60,0.0,9,11,0.7908,215.2,1.932
leo_brook,facebook,real,75,250,497,202,123,1,1,154,0.0,9,27,0.8895,45.31,11.52
bot.440057,facebook,fake,3,1705,16,7,24,0,1,28,0.6,10,1,0.4308,2.01,2.002
net_bot660,instagram,fake,12,406,4,3,58,0,0,0,0.3,10,4,0.2067,5.05,0.393
samir_rao,twitter,real,1240,235,5,16,32,1,0,0,0.0,9,4,0.4165,3.17,3.599
acc.226417,facebook,fake,2,471,30,1,21,1,0,19,0.6,10,1,0.3885,2.59,0.478
marco_brook4,instagram,real,169,182,33,16,43,1,1,138,0.0833,12,5,0.7531,5.16,2.608
meera.hassan3,twitter,real,259,172,25,168,1218,1,1,131,0.0769,13,11,1.0,4.1,0.963
q2125,instagram,fake,20,762,1,6,179,1,0,8,0.8,5,1,0.4587,2.32,0.245
leila_nair,facebook,real,355,162,554,15,1179,0,1,17,0.0,10,3,0.5987,77.18,0.091
freyapark3,facebook,real,71,386,532,162,404,1,1,115,0.1,10,17,1.0,18.37,2.801
felix.park2,instagram,real,363,569,69,4,36,1,1,31,0.0909,11,3,0.5959,12.39,0.734
samir.park2,instagram,real,959,405,144,119,360,1,1,114,0.0909,11,15,0.9977,689.94,2.313
theo_nair2,twitter,real,412,94,4,18,48,1,1,78,0.1,10,1,0.7588,1.4,2.602
kaiberg2,instagram,real,257,407,25,66,567,1,0,130,0.125,8,8,0.8333,129.43,0.817
siennavale,facebook,real,327,206,224,41,1736,1,0,61,0.0,10,22,0.7935,6.75,0.165
anikaalvarez5,facebook,fake,4,576,16,21,426,1,0,38,0.0769,13,2,0.6655,1.37,0.342
realdeal933446,facebook,fake,4,818,18,5,56,0,0,29,0.4286,14,1,0.2752,2.05,0.668
hugo_dsouza2,instagram,real,759,296,13,2,51,1,1,17,0.0833,12,3,0.5654,0.6,0.21
user.xx513684,facebook,fake,59,3075,15,21,24,0,0,29,0.4615,13,1,0.3237,1.25,6.042
user.1453,facebook,fake,13,607,38,1,7,1,0,34,0.4444,9,1,0.4134,2.21,4.763
felixiyer,instagram,real,153,181,47,93,803,1,0,145,0.0,9,13,0.8333,47.6,0.808
follow90811,instagram,fake,2,2326,7,5,120,0,0,6,0.4545,11,0,0.2561,1.65,0.307
jonassantos7,twitter,fake,5,1202,5,2,8,0,0,16,0.0833,12,2,0.2128,1.13,2.048
priyamoreau6,facebook,fake,23,831,21,1,23,0,0,9,0.0833,12,1,0.203,1.65,0.443
maya_kade,facebook,real,113,155,460,60,1010,1,1,25,0.0,9,14,0.8845,29.54,0.413
amaravale,facebook,real,51,85,285,4,49,1,1,96,0.0,9,3,0.7074,42.09,0.628
follow.18806,twitter,fake,8,991,15,3,3,1,0,0,0.4167,12,1,0.3455,1.09,15.121
real.267596,instagram,fake,27,1763,2,4,14,0,0,13,0.5455,11,1,0.2161,2.78,12.466
marco_singh,instagram,real,649,280,45,120,1045,0,0,64,0.0,11,7,0.6333,155.89,0.801
raviberg,instagram,real,926,299,81,106,274,1,1,0,0.0,8,6,0.7918,175.77,2.708
xx.8426782,facebook,fake,26,2461,38,23,5,0,0,17,0.7,10,2,0.3004,2.21,14.864
promo_promo86278,instagram,fake,77,2556,11,3,27,0,0,33,0.3125,16,1,0.2622,4.83,0.862
newuser615,instagram,fake,40,1174,13,39,1247,1,0,8,0.3,10,3,0.6769,4.35,0.216
win.231,facebook,fake,43,1027,16,26,2047,1,0,5,0.4286,7,1,0.62,3.64,0.09
clara_khan2,instagram,real,1333,146,72,48,522,1,0,61,0.0909,11,12,0.7932,48.54,0.644
official.4550,instagram,fake,56,913,6,33,44,0,0,15,0.3077,13,1,0.3564,0.76,5.281
elena_vale90,instagram,real,806,659,19,15,5200,1,0,9,0.1667,12,12,0.5821,6.86,0.021
zarasingh5,instagram,fake,30,2102,3,13,31,0,1,8,0.1,10,1,0.42,1.26,2.984
bot.official9320219,facebook,fake,7,1115,24,4,18,0,0,18,0.3684,19,1,0.12,1.27,7.028
id00747,twitter,fake,26,1263,2,7,28,0,0,39,0.7143,7,1,0.2904,3.28,1.765
theokhan,twitter,real,13,105,18,145,774,1,1,12,0.0,8,23,0.8585,4.11,1.308
kaipark3,instagram,real,44,216,22,31,780,0,1,119,0.125,8,10,0.7956,128.73,0.278
user_tmp8005947,instagram,fake,28,2690,9,58,509,1,1,6,0.4667,15,1,0.8463,0.42,0.796
sienna_costa,instagram,real,36,417,55,151,1530,1,1,0,0.0,12,13,0.8333,59.85,0.691
nina.nguyen2,instagram,real,1138,168,29,23,1083,1,1,60,0.0833,12,7,0.8869,93.19,0.149
aishaiyer,twitter,real,4331,275,42,43,1541,1,0,44,0.0,9,39,0.7585,8.61,0.197
official80421,facebook,fake,20,702,34,26,666,1,0,30,0.3846,13,3,0.6703,2.36,0.272
new.q1470989,instagram,fake,15,972,3,2,10,0,1,12,0.5833,12,2,0.3722,6.11,1.509
kai_berg,facebook,real,251,257,515,0,25,1,0,10,0.0,8,9,0.3679,0.41,0.139
ravikhan2,instagram,real,598,541,18,37,1158,1,0,83,0.1111,9,2,0.8206,49.19,0.223
devweiss98,instagram,real,166,167,48,74,629,1,0,76,0.2,10,38,0.8241,21.19,0.823
leo.park,facebook,real,232,82,302,47,1164,1,1,45,0.0,8,12,0.9275,93.35,0.285
deal.q6748,twitter,fake,50,1458,6,15,24,0,0,1,0.4,10,1,0.2411,3.34,4.273
anikakade96,twitter,real,52,199,24,3,44,1,1,138,0.1818,11,2,0.6981,4.96,0.433
aditya_costa,twitter,real,37,468,16,156,179,1,0,81,0.0,12,35,0.7484,5.09,6.091
nina_nguyen,facebook,real,119,121,242,83,381,1,1,190,0.0,11,36,1.0,44.92,1.523
anikaberg3,facebook,fake,59,653,21,2,29,0,0,16,0.1,10,1,0.2207,1.14,0.4
real_win33158,instagram,fake,37,1024,3,5,27,1,1,17,0.3846,13,1,0.567,0.99,1.187
zara_vale,twitter,real,111,279,6,142,386,1,0,137,0.0,9,29,0.8333,34.91,2.582
arjun.park2,facebook,real,425,83,482,15,1042,1,1,75,0.0909,11,122,0.8853,23.2,0.1
arjun_okoye2,facebook,real,66,72,490,9,362,1,1,11,0.0833,12,23,0.7265,0.96,0.18
leoweiss,facebook,real,178,207,361,3,596,1,1,0,0.0,8,17,0.6809,4.13,0.04
isla_hassan2,instagram,real,810,636,21,32,557,1,1,161,0.0833,12,7,0.9685,183.02,0.408
elenarao97,facebook,real,435,321,478,129,244,1,0,66,0.2,10,10,0.7488,4.26,3.708
luciamoreau3,facebook,real,598,165,214,7,948,1,1,86,0.0833,12,23,0.862,22.21,0.051
priya.kade,facebook,real,46,127,174,20,943,1,1,137,0.0,10,15,0.9154,84.18,0.146
new_q362,facebook,fake,4,916,13,7,25,0,0,11,0.375,8,0,0.2303,10.89,1.951
user.follow054640,instagram,fake,10,1506,3,40,1555,1,0,10,0.3529,17,1,0.6876,2.33,0.182
leila.nguyen,instagram,real,253,402,28,19,1006,1,1,78,0.0,12,27,0.9103,120.63,0.135
islabrook,twitter,real,468,367,9,10,827,1,0,18,0.0,9,118,0.5801,0.34,0.087
user_acc204276,instagram,fake,17,1847,8,8,27,0,0,0,0.4286,14,1,0.2127,5.94,2.098
lucia_park,instagram,real,123,326,75,155,571,1,0,120,0.0,10,7,0.8333,30.88,1.9
user.new889,twitter,fake,13,591,3,4,26,0,0,3,0.2727,11,1,0.2016,1.17,1.14
lucia_chen2,facebook,real,70,156,641,86,197,0,0,89,0.0909,11,4,0.59,7.5,3.044
win_49655,facebook,fake,38,1177,10,10,50,1,0,16,0.5556,9,1,0.4306,1.75,1.362
leocosta3,instagram,real,1034,365,22,63,538,1,1,37,0.1111,9,46,0.9102,51.75,0.824
clara_santos2,twitter,real,33,144,27,133,1493,1,0,109,0.0769,13,22,0.8333,2.9,0.624
follow_440429,facebook,fake,24,1422,70,6,7,1,0,41,0.4615,13,1,0.4459,1.91,7.729
net_337,instagram,fake,10,1955,11,3,11,0,0,6,0.4286,7,1,0.1972,9.52,2.052
kaisantos5,instagram,real,1113,99,40,9,8,1,0,54,0.1,10,2,0.4854,36.33,7.761
theo_khan2,instagram,real,334,219,111,17,10,1,0,0,0.1,10,2,0.4101,16.63,12.131
xxuser7877,instagram,fake,382,3845,4,72,63,1,0,59,0.4,10,13,0.6522,41.65,7.999
follow8695,twitter,fake,2,938,2,28,2051,1,0,14,0.4,10,1,0.6449,2.3,0.095
q_q084998,facebook,fake,57,1077,13,1,91,0,1,66,0.6667,9,1,0.5167,1.2,0.088
meera_nair2,instagram,real,64,592,17,0,33,1,1,24,0.0909,11,1,0.567,4.37,0.099
meera_okoye3,facebook,real,332,73,277,55,1331,1,1,12,0.0833,12,39,0.8584,47.53,0.29
priya.weiss,facebook,real,508,55,163,13,934,1,1,11,0.0,11,12,0.7455,3.62,0.099
xx.id0276219,facebook,fake,9,994,13,4,37,1,0,36,0.5833,12,1,0.4411,4.65,0.712
meera_hassan2,instagram,real,116,290,79,406,1684,1,0,23,0.0769,13,6,0.7139,21.73,1.688
xx.user561,facebook,fake,40,825,46,3,42,1,1,22,0.3,10,1,0.5765,1.82,0.461
noah.nguyen3,facebook,real,977,51,273,16,24,1,0,5,0.0833,12,6,0.4207,6.59,4.668
priya_park,instagram,real,893,369,19,15,1137,1,0,136,0.0,10,19,0.7296,39.79,0.093
freyahassan2,facebook,fake,16,742,17,35,2095,1,0,1,0.0833,12,3,0.6479,2.0,0.117
amara_khan2,facebook,real,98,229,463,22,247,1,1,54,0.0909,11,6,0.8184,15.56,0.634
jonas.santos2,instagram,real,1423,487,38,48,1446,1,0,71,0.0769,13,18,0.8146,153.74,0.234
omar_nair,twitter,real,2122,168,116,562,1548,1,0,81,0.0,9,11,0.8333,2.01,2.542
luciapark2,facebook,real,605,70,254,249,286,1,1,116,0.1,10,84,0.9639,104.26,6.102
samir.santos2,twitter,real,156,372,6,298,288,1,1,9,0.0769,13,12,0.8175,14.03,7.243
leokhan2,facebook,real,211,54,448,37,672,1,1,79,0.125,8,29,0.9838,36.16,0.381
elena.rao3,instagram,real,1009,236,45,302,161,1,1,169,0.1,10,47,0.9068,29.27,13.152
isla.dsouza2,facebook,real,73,165,340,110,1611,1,1,72,0.0833,12,8,0.9836,95.61,0.478
user04092,twitter,fake,23,1655,5,1,9,0,0,13,0.5556,9,1,0.2044,2.14,1.063
priyahassan2,facebook,real,139,182,240,7,2179,1,1,17,0.0833,12,15,0.7314,7.44,0.022
maya.weiss962,facebook,real,128,143,320,79,2470,1,0,53,0.2308,13,30,0.7774,83.7,0.223
theo.khan91,twitter,real,233,245,10,596,868,1,0,66,0.1818,11,21,0.8042,11.36,4.808
samir_moreau2,instagram,real,2071,142,35,83,264,1,0,73,0.0769,13,30,0.7727,23.53,2.188
follow2835920,instagram,fake,5,624,7,2,3,0,0,30,0.5385,13,2,0.2391,6.43,4.389
aisha_kade3,facebook,real,101,128,348,130,1639,1,1,195,0.0909,11,15,1.0,20.56,0.557
islacosta,facebook,real,181,110,445,81,461,0,1,136,0.0,9,10,0.8333,12.93,1.232
tmp.716,twitter,fake,2,2151,3,2,8,0,1,27,0.4286,7,3,0.4023,2.98,1.74
samirbrook4,instagram,real,170,179,80,372,416,1,1,28,0.0909,11,7,0.8908,78.22,6.251
real_id460,instagram,fake,12,1369,4,42,1369,1,0,33,0.3,10,1,0.735,0.66,0.217
hugokade8,facebook,fake,13,201,22,1,1,0,0,65,0.1111,9,1,0.3075,1.01,17.882
leoalvarez3,facebook,fake,10,596,6,3,74,0,0,6,0.0909,11,2,0.2269,1.06,0.33
bot.1516,facebook,fake,7,1960,17,1,113,0,0,22,0.5,8,1,0.2679,3.74,0.07
promo_id50805,facebook,fake,39,1147,12,6,24,0,0,31,0.3846,13,1,0.2672,1.89,1.802
promo349,facebook,fake,16,644,11,5,70,1,0,12,0.375,8,3,0.4096,0.76,0.486
aditya_singh2,facebook,real,138,64,397,91,949,1,0,45,0.0769,13,23,0.7614,38.66,0.675
hugomoreau3,twitter,real,355,312,9,192,666,1,0,68,0.0909,11,24,0.8084,57.47,2.018
samirweiss7,instagram,fake,7,1309,5,2,44,0,0,16,0.0909,11,1,0.2276,2.4,0.311
devmoreau90,twitter,real,109,200,27,21,19,1,0,165,0.1818,11,4,0.5951,1.14,7.644
omar.khan5,instagram,real,243,244,25,10,34,1,0,75,0.1,10,2,0.5459,0.85,1.967
id_2992751,facebook,fake,30,1318,29,21,1560,1,0,18,0.7,10,1,0.6238,2.46,0.092
id.real878205,facebook,fake,9,575,36,3,37,0,0,28,0.4615,13,1,0.2541,4.33,0.556
adityacosta,instagram,real,8414,408,20,149,738,1,1,137,0.0,11,11,1.0,193.34,1.409
theo.park3,instagram,real,220,158,9,5,891,1,0,4,0.1,10,17,0.5266,11.75,0.036
marconguyen8,facebook,fake,55,1485,39,21,61,1,0,3,0.0833,12,2,0.4564,0.28,2.467
arjun_nguyen,instagram,real,504,187,114,11,553,1,0,106,0.0,12,13,0.7109,351.65,0.134
sienna.chen94,facebook,real,94,107,480,269,1372,1,0,99,0.1538,13,26,0.8333,13.07,1.37
official9525894,facebook,fake,246,1003,30,22,13,1,0,120,0.4667,15,8,0.5963,40.45,10.776
ravi_nguyen3,facebook,real,166,71,441,31,700,1,1,77,0.0833,12,17,0.9562,36.44,0.308
promo7667501,instagram,fake,17,1651,13,3,5,1,0,12,0.5833,12,1,0.3744,6.04,13.534
promo_5834,facebook,fake,6,737,24,4,9,0,0,21,0.4,10,6,0.2323,3.73,3.346
promo798,facebook,fake,2,359,11,1,14,0,0,20,0.375,8,2,0.219,5.09,11.02
net_554460,facebook,fake,17,1277,25,2,8,0,0,24,0.6,10,1,0.2272,0.83,1.637
arjun_nguyen97,instagram,real,1424,539,31,87,568,1,0,83,0.1429,14,42,0.8333,79.31,1.076
botuser32843,instagram,fake,25,665,5,2,24,0,0,26,0.4167,12,4,0.2391,3.08,0.539
theoweiss8,facebook,fake,7,804,12,2,20,0,0,19,0.1,10,1,0.2219,5.42,0.605
maya.vale,facebook,real,179,347,219,69,430,1,1,100,0.0,9,6,1.0,9.34,1.129
jonas.dsouza3,facebook,real,250,113,129,4,376,1,1,7,0.0769,13,6,0.7002,0.42,0.081
tmp.37523,facebook,fake,16,484,24,4,5,0,1,68,0.5556,9,2,0.4946,0.78,4.127
dealtmp840,instagram,fake,12,429,11,19,83,0,0,9,0.3,10,2,0.3014,6.65,1.565
noahcosta2,facebook,real,107,112,150,142,1466,1,1,114,0.1,10,18,1.0,15.22,0.679
samir.dsouza2,instagram,real,462,255,6,20,4527,1,0,172,0.0769,13,53,0.7491,40.49,0.031
meeradsouza,twitter,real,59,49,16,3,20,1,0,103,0.0,11,1,0.5215,4.28,1.041
theopark3,instagram,fake,22,1426,12,53,667,1,1,0,0.1111,9,1,0.8333,1.22,0.558
new_621,twitter,fake,33,1400,3,20,5,0,0,51,0.4286,7,2,0.3587,0.82,27.789
jonas.okoye3,instagram,real,1008,184,70,87,894,1,1,161,0.0833,12,4,1.0,38.39,0.684
bot1161,instagram,fake,8,716,19,3,17,1,1,11,0.5714,7,1,0.5422,8.31,15.054
deal_5573411,facebook,fake,16,1211,18,6,24,0,0,12,0.5833,12,4,0.2281,2.41,1.778
tmpwin600913,facebook,fake,27,421,44,73,1594,1,1,16,0.5,12,1,0.8665,2.09,0.32
anika_moreau2,instagram,real,1308,272,65,13,977,1,1,125,0.0769,13,19,0.8888,105.42,0.095
xx.8381527,facebook,fake,520,582,56,70,13,1,1,45,0.7,10,5,0.7668,6.54,11.071
aditya_weiss2,instagram,real,215,553,26,3,1443,1,0,12,0.0769,13,16,0.5389,6.17,0.015
lucia.moreau2,instagram,real,274,210,23,5,13,1,0,127,0.0769,13,2,0.5258,5.19,2.568
devberg2,facebook,real,159,363,380,7,11,1,1,89,0.125,8,9,0.7025,6.13,4.711
amara_weiss,facebook,real,492,289,148,23,737,1,1,142,0.0,11,21,0.9299,6.33,0.22
elena.hassan2,instagram,real,435,246,45,4,30,1,1,102,0.0769,13,7,0.6982,29.6,0.999
luciachen,instagram,real,1194,250,28,52,1031,1,1,0,0.0,9,10,0.8333,51.69,0.352
maya_okoye,facebook,real,132,101,331,123,577,1,1,150,0.0,10,26,1.0,19.79,1.498
felix_brook3,facebook,real,115,164,524,1,33,1,1,13,0.0833,12,4,0.5455,0.57,0.18
net_9671864,facebook,fake,8,599,45,9,44,0,0,7,0.6364,11,2,0.2383,4.21,1.386
claraweiss7,facebook,fake,26,908,11,4,26,1,0,49,0.0909,11,0,0.4647,3.11,1.121
islaberg4,facebook,real,336,161,357,5,1536,0,1,107,0.1111,9,17,0.6874,35.28,0.023
samir_santos3,instagram,real,442,150,95,4,1738,1,1,8,0.0769,13,17,0.6984,4.52,0.015
kaiokoye4,facebook,real,42,343,258,146,1215,1,1,153,0.1111,9,24,1.0,15.33,0.841
noah.dsouza4,instagram,real,1183,453,11,77,173,1,0,21,0.0833,12,12,0.6224,135.25,3.126
lucia_singh2,instagram,real,1286,277,92,19,33,1,1,20,0.0833,12,9,0.6339,9.3,3.975
zara_alvarez96,facebook,real,819,248,231,76,424,1,1,81,0.1429,14,10,1.0,24.84,1.251
xx.267977,instagram,fake,66,1691,11,43,544,1,0,5,0.6667,9,1,0.6774,12.82,0.556
tmp_383614,facebook,fake,23,652,22,8,37,0,0,50,0.6,10,2,0.3229,6.97,1.559
maya_okoye2,facebook,real,1198,73,522,14,476,1,1,6,0.0909,11,10,0.7378,7.07,0.205
lucia_moreau,facebook,real,279,134,475,79,1286,1,1,69,0.0,12,9,0.9768,27.59,0.432
follow09217,instagram,fake,506,1139,11,43,26,1,1,45,0.4545,11,12,0.7726,11.56,11.679
dealdeal0707,facebook,fake,11,509,36,2,27,0,0,12,0.3333,12,1,0.2107,1.14,0.399
user.5840,instagram,fake,20,815,4,10,25,0,0,30,0.4444,9,3,0.2841,0.72,2.934
acc_756841,instagram,fake,33,948,3,11,14,0,0,6,0.6,10,2,0.2314,2.6,5.527
zara_nguyen2,instagram,real,169,191,5,14,34,0,1,86,0.0833,12,4,0.5736,3.78,2.871
rohan.weiss3,instagram,real,3276,296,25,13,328,1,1,6,0.0833,12,12,0.7145,4.4,0.269
priya.dsouza,facebook,real,177,164,238,25,913,1,1,121,0.0,12,9,0.9372,19.97,0.191
hugo.singh,twitter,real,827,269,15,931,163,1,1,121,0.0,10,54,0.9078,8.28,39.972
felixmoreau,instagram,real,138,174,8,32,451,1,1,0,0.0,11,12,0.8016,101.32,0.503
theokhan2,twitter,real,412,167,12,107,315,1,1,8,0.1111,9,7,0.8263,3.18,2.381
xx_official052,facebook,fake,5,255,36,2,26,1,0,43,0.2143,14,1,0.443,6.7,0.52
user.acc3845,instagram,fake,9,2283,8,2,7,0,0,0,0.3333,12,0,0.1787,6.55,11.852
maya_singh,facebook,real,54,115,416,21,585,1,1,0,0.0,10,24,0.7534,27.75,0.249
anika.iyer3,instagram,real,116,113,48,110,199,1,0,146,0.0909,11,20,0.7575,27.12,3.879
acc546551,twitter,fake,3,679,6,7,22,1,1,42,0.6667,9,1,0.6252,0.58,2.106
priyasantos6,instagram,fake,22,1577,7,11,94,1,0,29,0.0833,12,3,0.4821,1.49,0.822
net_2372,twitter,fake,17,2411,3,14,11,1,0,13,0.5,8,1,0.4246,1.3,6.856
felix_okoye2,facebook,real,136,176,201,88,461,1,1,101,0.0833,12,5,1.0,8.34,1.331
real_tmp1799,facebook,fake,7,316,52,6,22,0,0,42,0.3333,12,1,0.2906,1.45,2.043
leila_khan,instagram,real,302,86,114,17,577,1,1,156,0.0,10,20,0.9034,71.36,0.204
meera.park,instagram,real,163,368,17,625,1113,1,1,107,0.0,10,24,1.0,97.62,3.929
xxwin435723,instagram,fake,40,1493,15,4,22,0,0,14,0.5455,11,1,0.2203,2.08,1.18
tmpwin2638,twitter,fake,7,873,2,13,43,0,0,32,0.4,10,1,0.309,2.55,2.174
hugo.vale3,twitter,real,94,281,9,5,947,1,0,11,0.1,10,17,0.5421,1.25,0.035
bot_user30667,instagram,fake,9,1404,4,24,737,1,0,19,0.3846,13,3,0.6393,2.5,0.226
arjunweiss,twitter,real,201,310,13,301,859,0,0,171,0.0,10,10,0.6667,23.92,2.451
nina_khan3,facebook,real,48,277,121,15,504,1,0,71,0.1,10,8,0.7109,57.91,0.213
id.promo15953,facebook,fake,21,385,21,2,13,0,0,22,0.3846,13,1,0.2285,3.44,1.213
isla_rao2,facebook,real,156,130,426,10,25,1,1,56,0.1111,9,2,0.668,2.29,2.72
amara_kade2,twitter,real,22,392,4,100,125,1,1,174,0.0909,11,16,0.8904,3.81,5.601
hugo.moreau94,instagram,real,4463,372,15,102,560,1,1,204,0.1538,13,6,1.0,509.29,1.273
win_win7644,twitter,fake,17,350,2,10,12,0,0,4,0.3636,11,2,0.2229,1.13,17.716
leilahassan2,instagram,real,379,429,23,219,388,1,1,82,0.0833,12,10,1.0,184.43,3.942
deal.xx29868,facebook,fake,21,664,17,11,558,1,0,41,0.4167,12,3,0.6336,1.84,0.143
new_685034,twitter,fake,10,879,3,3,41,1,0,0,0.6,10,1,0.3625,2.24,0.429
rohan_brook3,twitter,real,831,616,5,1578,627,1,0,61,0.0833,12,57,0.7932,12.22,17.613
tmp_7208,facebook,fake,72,1439,3,4,23,0,0,50,0.5,8,1,0.2984,3.17,1.249
rohan_vale,facebook,real,820,152,604,49,802,1,1,132,0.0,10,56,1.0,9.47,0.424
xx_xx80569,facebook,fake,38,610,67,41,1787,1,1,18,0.5,10,1,0.8711,2.25,0.161
jonasvale1,instagram,fake,23,1136,7,2,29,1,0,58,0.1,10,1,0.4746,1.65,0.443
omarsingh,twitter,real,668,496,10,22,834,1,1,119,0.0,9,8,0.9232,9.52,0.181
amara.chen,instagram,real,916,262,50,335,807,1,0,15,0.0,10,23,0.6986,30.75,2.905
promo.0650251,facebook,fake,15,898,27,1,9,0,0,20,0.5385,13,1,0.2144,5.41,0.543
leorao3,instagram,real,186,91,20,46,735,1,1,72,0.1429,7,12,0.9835,51.46,0.435
jonas_costa2,instagram,real,1899,252,39,83,671,1,0,0,0.0833,12,51,0.6667,311.46,0.861
samir_park2,facebook,real,208,97,339,135,615,1,1,21,0.0909,11,7,0.8777,66.34,1.542
theo.weiss5,facebook,real,118,99,299,27,594,1,0,145,0.0909,11,3,0.7779,46.42,0.315
hugonguyen2,instagram,real,567,368,37,819,753,1,1,38,0.0909,11,5,0.9124,45.8,7.616
net_3816575,facebook,fake,54,723,88,6,31,0,0,0,0.6364,11,1,0.2039,1.09,1.249
leo.iyer,instagram,real,5552,406,64,422,605,1,0,101,0.0,8,24,0.8333,93.75,4.882
tmp_438,instagram,fake,136,1695,9,10,7,1,0,19,0.4286,7,2,0.4183,2.47,11.273
rohankhan4,twitter,real,260,356,50,64,437,1,0,10,0.1,10,63,0.6867,10.04,1.024
samirokoye2,twitter,real,169,86,20,685,401,1,0,137,0.0909,11,28,0.8333,8.39,11.962
luciaalvarez2,facebook,real,769,122,547,7,36,1,1,115,0.0769,13,3,0.711,4.54,1.302
followtmp547,facebook,fake,426,289,32,23,8,1,0,100,0.25,12,8,0.5992,6.85,20.075
official.458,instagram,fake,22,1743,21,22,1111,1,1,32,0.25,12,1,0.8241,9.19,0.138
aditya_iyer3,twitter,real,979,290,26,13,489,1,0,0,0.0833,12,35,0.5532,1.98,0.183
marco_chen3,twitter,real,431,376,65,286,626,1,0,74,0.0909,11,23,0.8209,15.35,3.2
felix_rao2,facebook,real,85,143,972,61,1232,1,0,24,0.1,10,6,0.7158,6.87,0.346
rohan_berg,twitter,real,70,74,37,1058,527,1,0,85,0.0,10,25,0.8333,15.48,14.059
samir.moreau3,instagram,real,234,457,26,5,42,1,0,42,0.0769,13,1,0.4604,36.14,0.853
amara.santos96,twitter,real,142,153,12,130,2639,1,0,35,0.1429,14,16,0.7404,19.3,0.344
omar.nguyen902,facebook,real,62,169,234,6,412,1,1,13,0.2143,14,9,0.7186,3.22,0.099
mayanair97,instagram,real,1509,249,21,16,5,1,1,49,0.2,10,7,0.6716,15.34,22.915
freyamoreau1,instagram,fake,38,1540,12,14,36,0,0,35,0.0833,12,1,0.316,7.53,2.76
promo.q4465438,twitter,fake,242,1093,8,32,27,1,1,135,0.5,14,8,0.8117,9.38,8.254
freyasingh3,twitter,real,271,115,13,789,1418,1,1,27,0.0909,11,18,0.8898,18.18,3.895
win2297232,facebook,fake,25,658,10,2,16,1,0,29,0.7,10,1,0.4119,4.45,1.079
tmp_418,instagram,fake,14,1769,7,21,20,0,0,0,0.4286,7,6,0.2632,7.03,16.939
jonas_costa3,twitter,real,512,298,32,292,458,1,1,81,0.0833,12,5,1.0,5.48,4.465
tmp0989,facebook,fake,40,854,124,1,55,0,0,37,0.5714,7,0,0.272,1.06,0.08
xx.real5399108,twitter,fake,48,724,4,6,16,1,1,0,0.5,14,1,0.5309,5.38,2.479
qofficial54021,instagram,fake,17,489,8,3,33,1,1,13,0.3571,14,1,0.5569,0.8,0.712
arjun_nguyen98,instagram,real,901,251,14,14,35,1,1,106,0.1429,14,5,0.7392,33.06,2.713
leila.iyer3,facebook,real,77,242,750,172,348,1,1,121,0.0909,11,52,0.9922,70.14,3.454
aditya.vale,instagram,real,4381,158,46,471,1275,1,1,104,0.0,11,11,1.0,8.31,2.583
adityanair2,instagram,real,3031,67,57,11,511,1,0,15,0.0909,11,11,0.5778,7.7,0.15
bot_4952,instagram,fake,70,2154,7,1,28,1,0,58,0.5,8,3,0.4727,2.21,0.359
nina.vale2,twitter,real,186,603,7,19,36,1,1,174,0.1,10,1,0.7604,0.8,3.605
aisha.santos2,facebook,real,32,207,121,38,204,1,1,89,0.0769,13,27,0.918,19.29,1.302
maya.iyer3,twitter,real,102,91,79,9,1518,1,0,3,0.1,10,29,0.5452,1.48,0.042
new.8247868,instagram,fake,5,572,6,13,27,1,0,57,0.6364,11,1,0.5205,3.15,3.485
promo7180,twitter,fake,8,1120,2,13,18,0,1,31,0.4444,9,3,0.4583,1.15,15.202
amara.chen2,facebook,real,37,155,1524,168,445,1,1,100,0.0909,11,34,1.0,14.97,2.642
deal.real405,instagram,fake,132,1008,15,2,62,1,0,20,0.25,12,4,0.4108,2.23,0.22
id.3024964,instagram,fake,20,1176,2,11,35,1,0,36,0.7,10,1,0.4715,2.08,2.285
aisha_berg,instagram,real,331,261,26,179,1232,1,1,103,0.0,10,40,1.0,107.23,1.019
kaikade1,facebook,fake,3,692,32,5,20,1,0,24,0.125,8,1,0.4141,1.34,1.783
lucia_iyer4,facebook,real,186,172,130,77,541,1,1,85,0.0909,11,11,1.0,22.51,0.99
bot.5631230,instagram,fake,465,1060,7,81,795,1,1,145,0.6364,11,9,1.0,14.38,0.714
ninapark2,twitter,real,133,60,5,123,1895,1,0,93,0.1111,9,15,0.8333,4.09,0.454
islamoreau6,instagram,fake,19,1472,15,6,144,0,0,48,0.0909,11,4,0.3549,2.79,0.268
meera.santos6,instagram,real,3308,258,28,58,1254,0,0,44,0.0769,13,37,0.5924,67.63,0.323
marco_singh2,instagram,real,8280,506,32,224,739,0,1,31,0.0833,12,14,0.7309,21.24,2.118
felix.singh4,instagram,real,466,222,55,10,414,1,1,11,0.0833,12,22,0.7313,9.99,0.168
lucia_brook2,facebook,real,265,205,147,34,170,1,1,68,0.0833,12,25,0.8612,19.81,1.401
felixkhan8,instagram,fake,157,695,9,57,658,1,1,28,0.1,10,1,0.8924,2.69,0.611
omar_okoye5,twitter,real,139,420,5,89,1720,1,0,81,0.0909,11,6,0.8333,2.47,0.361
q_7099770,instagram,fake,3,1343,8,8,24,0,0,34,0.7778,9,0,0.2808,3.19,2.304
rohan.moreau,twitter,real,330,182,8,10,25,1,1,122,0.0,12,5,0.7216,1.55,2.921
amaraalvarez,twitter,real,586,230,5,12,113,1,0,18,0.0,12,15,0.4717,9.59,0.727
kaiweiss95,instagram,real,554,290,39,17,29,1,1,112,0.2,10,5,0.7526,11.99,4.209
tmp.85408,instagram,fake,10,1160,2,4,37,0,1,11,0.5556,9,1,0.3889,7.65,0.739
priya.chen2,instagram,real,1891,191,46,843,675,1,1,71,0.0909,11,31,0.9803,6.64,8.744
real627256,facebook,fake,12,575,19,4,8,1,0,20,0.6,10,1,0.3954,0.9,3.526
noah_chen,instagram,real,223,563,18,44,416,1,1,40,0.0,9,19,0.9175,224.04,0.736
rohanpark3,twitter,real,1507,148,17,574,1270,1,1,38,0.1,10,11,0.9125,3.24,3.166
deal.deal15630,facebook,fake,13,796,22,1,71,1,0,57,0.3571,14,1,0.4872,7.34,0.085
meera_berg,facebook,real,301,209,348,39,295,1,0,74,0.0,10,10,0.7851,22.58,0.933
botid779,instagram,fake,23,1024,3,8,14,0,0,17,0.375,8,1,0.2402,2.97,13.651
omar_kade4,instagram,real,434,564,58,81,369,1,1,59,0.1,10,16,0.956,37.93,1.544
freyaiyer6,instagram,fake,5,616,10,5,6,0,1,49,0.1,10,1,0.459,1.74,6.024
acc.bot828,instagram,fake,16,1615,3,5,24,1,0,32,0.3,10,0,0.4307,22.44,1.392
followdeal059765,instagram,fake,1243,709,4,70,11,1,0,44,0.375,16,4,0.5975,7.41,17.806
adityachen,instagram,real,86,411,35,61,766,1,0,45,0.0,10,6,0.7597,35.54,0.555
marco_nair2,facebook,real,194,305,396,317,326,1,1,111,0.0909,11,10,0.9822,5.51,6.814
q.931,facebook,fake,7,788,35,3,26,1,1,30,0.6,5,1,0.5893,4.66,0.933
leila_dsouza3,instagram,real,95,290,47,44,955,1,1,128,0.0769,13,6,1.0,68.09,0.32
elena_kade,instagram,real,4444,229,37,360,787,1,1,72,0.0,10,18,0.9838,27.32,3.205
amara.costa95,facebook,real,803,272,598,92,844,1,1,77,0.1538,13,8,0.9931,5.61,0.767
theo_alvarez97,facebook,real,32,95,477,14,314,1,1,17,0.1429,14,10,0.7355,4.06,0.308
siennapark2,instagram,fake,40,1002,20,1,177,0,1,11,0.0909,11,1,0.4413,3.27,0.041
meera_weiss98,facebook,real,193,100,745,90,1221,1,1,142,0.1538,13,20,1.0,13.19,0.517
lucia_nguyen3,facebook,real,1098,264,509,370,256,1,1,92,0.0769,13,20,0.9502,66.75,10.104
follow_679,instagram,fake,44,1245,4,31,921,1,0,32,0.3,10,5,0.6981,6.52,0.239
islakade3,instagram,real,3163,133,26,231,219,1,1,33,0.1111,9,100,0.8362,48.4,7.378
acc358314,facebook,fake,4,523,44,40,1831,1,0,23,0.6667,9,5,0.715,8.16,0.154
marco_iyer4,instagram,real,372,343,19,111,630,1,0,44,0.0909,11,15,0.7581,101.14,1.229
officialq088,twitter,fake,2,639,5,23,900,1,1,26,0.25,12,1,0.8187,1.62,0.182
isla_iyer2,instagram,real,451,182,32,86,1438,1,0,38,0.1,10,29,0.7455,66.89,0.42
tmp.99121,twitter,fake,1,1635,3,3,15,1,0,21,0.5556,9,0,0.3952,3.17,13.292
win570983,facebook,fake,391,875,29,86,97,1,1,112,0.6667,9,2,0.8776,34.91,6.208
leo_okoye97,instagram,real,2517,270,62,49,1794,1,1,127,0.1818,11,11,1.0,13.79,0.189
theokade52,instagram,fake,30,911,5,12,74,0,0,31,0.2,10,1,0.3151,3.77,1.119
jonas_nair,facebook,real,224,99,235,21,1119,1,1,80,0.0,10,3,0.9206,35.7,0.131
accpromo00098,facebook,fake,4,1228,15,3,9,0,0,0,0.3846,13,0,0.1816,2.97,2.029
jonas.nguyen4,instagram,real,1212,619,13,29,1003,1,1,31,0.0769,13,36,0.8528,33.8,0.202
new.real066,facebook,fake,22,219,36,1,20,1,0,23,0.2727,11,2,0.3956,4.52,8.947
xx_0722130,twitter,fake,24,336,1,3,16,0,0,7,0.7,10,1,0.1999,2.48,1.112
meeranair3,facebook,real,321,159,509,40,256,1,1,107,0.1,10,10,0.949,15.36,1.086
aisha_khan2,instagram,real,243,329,53,4,9,1,0,108,0.0909,11,4,0.5212,10.27,3.182
noah.berg94,facebook,real,204,368,622,106,880,1,1,99,0.1818,11,10,1.0,63.8,0.845
noahokoye7,twitter,fake,6,850,5,2,12,0,0,36,0.1,10,2,0.255,3.08,17.757
user130649,facebook,fake,11,837,19,4,18,0,0,35,0.6,10,2,0.2626,2.27,1.438
lucia.khan3,facebook,real,332,171,305,82,317,1,1,92,0.0909,11,8,0.9781,7.09,1.816
official_id520535,facebook,fake,3,1884,91,0,220,1,0,16,0.3529,17,1,0.4674,2.65,0.007
id.real557,instagram,fake,310,1846,12,48,5,1,1,42,0.3,10,11,0.7556,30.58,40.0
leo_berg2,instagram,real,212,381,27,46,570,1,1,23,0.1111,9,8,0.8814,65.15,0.57
follow.user07095,facebook,fake,2,774,18,4,6,0,1,56,0.3125,16,1,0.4698,1.06,4.969
luciaalvarez22,instagram,fake,739,1552,22,43,5,1,0,133,0.1429,14,10,0.6689,27.69,40.0
rohan_chen,facebook,real,61,202,632,10,453,1,1,36,0.0,10,22,0.7851,24.16,0.162
official_4929,instagram,fake,30,1144,11,3,4,1,0,14,0.3077,13,1,0.3784,1.0,5.588
real.q509662,facebook,fake,11,247,39,7,14,0,1,51,0.5,12,6,0.4728,4.6,12.022
hugo.khan2,twitter,real,32,154,162,77,112,1,0,85,0.1,10,13,0.7178,237.96,4.794
net.423630,facebook,fake,257,725,30,72,16,1,0,98,0.6,10,10,0.674,7.14,31.331
aditya.singh94,instagram,real,1011,223,16,21,524,1,1,68,0.1429,14,102,0.8959,31.51,0.28
amara.hassan6,instagram,real,1766,268,37,1556,228,1,1,125,0.0769,13,27,0.9374,219.4,40.0
hugo_weiss2,instagram,real,1333,222,24,311,754,1,0,36,0.0909,11,24,0.7426,58.35,2.889
acc_619836,facebook,fake,28,926,39,6,7,1,0,1,0.6,10,1,0.3624,0.78,14.704
omar.iyer,facebook,real,326,142,258,14,2243,1,0,100,0.0,9,5,0.7256,25.89,0.044
userwin275,twitter,fake,15,819,4,1,45,1,0,5,0.3,10,3,0.3687,2.04,0.137
real.7542691,facebook,fake,5,859,14,3,70,1,0,17,0.5833,12,1,0.4153,2.52,0.338
rohan_nair3,facebook,real,40,111,334,71,1019,1,1,133,0.0909,11,27,1.0,10.73,0.487
win_590,facebook,fake,23,772,65,3,17,0,0,0,0.4286,7,4,0.186,0.42,15.705
deal.3125,instagram,fake,4,1595,3,3,12,1,0,18,0.4444,9,3,0.3877,1.23,4.841
elena.brook,twitter,real,432,218,3,23,43,1,0,173,0.0,11,3,0.6143,0.41,3.698
isla_khan2,twitter,real,160,132,19,23,332,1,0,88,0.1,10,7,0.7454,3.76,0.475
net.8086839,twitter,fake,24,1323,4,2,18,0,0,27,0.6364,11,1,0.2423,1.56,9.085
promo.41006,facebook,fake,6,920,22,19,13,1,0,3,0.4545,11,2,0.427,4.44,17.883
kai.vale,instagram,real,563,704,67,88,561,1,1,43,0.0,8,22,0.9229,78.34,1.103
net5972,instagram,fake,11,2426,6,4,21,0,0,12,0.5714,7,2,0.2178,4.0,1.279
felixpark2,facebook,real,163,628,253,54,150,1,1,174,0.1,10,11,0.9018,9.84,2.503
noah.khan3,facebook,real,176,108,239,106,1004,1,1,81,0.1,10,34,1.0,8.56,0.737
adityachen2,facebook,real,192,107,223,651,984,1,0,10,0.0909,11,29,0.6876,28.58,4.632
noah_khan2,facebook,real,790,89,345,11,55,1,1,193,0.1,10,2,0.7394,8.4,1.453
isladsouza2,facebook,real,384,143,429,47,469,1,1,152,0.0909,11,3,1.0,14.37,0.704
xx429748,twitter,fake,5,910,3,1,29,0,0,11,0.75,8,1,0.2077,3.05,0.301
leila.alvarez5,facebook,real,163,423,1131,17,711,1,1,0,0.0714,14,4,0.7384,22.4,0.169
felix_iyer4,instagram,real,1390,211,47,47,1741,1,1,157,0.0909,11,33,1.0,39.39,0.189
net9735,instagram,fake,30,2761,19,3,11,0,1,55,0.5714,7,1,0.4646,5.64,1.712
anikaberg2,facebook,real,155,276,103,387,388,1,1,7,0.1,10,11,0.8474,17.23,6.99
zarachen32,facebook,fake,607,1353,18,22,23,1,0,50,0.2,10,2,0.5401,24.41,6.698
user7858,twitter,fake,37,2573,3,1,23,1,0,13,0.5,8,2,0.3769,0.79,0.445
nina_santos,twitter,real,1165,130,96,280,446,1,0,102,0.0,11,11,0.8333,12.88,4.393
wintmp4391204,facebook,fake,19,346,66,2,19,0,0,8,0.5385,13,1,0.2015,1.54,8.79
xx_45289,facebook,fake,29,496,4,6,13,0,0,53,0.625,8,3,0.3075,1.6,3.069
tmp25549,facebook,fake,2,745,10,6,113,0,0,6,0.625,8,1,0.2566,4.34,0.387
siennaberg2,twitter,fake,5,2294,4,42,34,0,0,31,0.0909,11,1,0.4132,1.48,8.654
theo_rao,facebook,real,98,138,264,8,280,1,1,0,0.0,8,22,0.6599,1.62,0.193
rohan_dsouza2,facebook,real,139,198,191,11,52,1,1,130,0.0769,13,1,0.7342,5.33,1.414
arjuniyer1,twitter,fake,13,524,2,4,46,1,0,50,0.1,10,2,0.4731,0.38,0.554
kai_iyer2,instagram,real,261,148,38,21,8,1,0,89,0.1111,9,2,0.5912,30.2,18.382
promo_297519,instagram,fake,12,947,15,4,55,0,1,7,0.5,12,1,0.3905,5.86,0.558
aditya.kade2,facebook,real,22,160,236,3,7,1,1,161,0.0833,12,9,0.6814,14.95,2.78
noahhassan3,twitter,fake,297,855,13,65,15,1,1,104,0.0909,11,7,0.8402,25.37,7.203
rohan_singh99,facebook,real,216,249,551,151,1369,1,1,80,0.1538,13,43,0.9999,29.08,0.77
acc_034307,facebook,fake,171,1948,5,57,2033,1,1,146,0.6,10,16,1.0,24.02,0.196
xx.1692084,twitter,fake,55,1286,2,23,660,1,0,66,0.7,10,1,0.7324,7.08,0.244
net3417577,instagram,fake,14,2395,5,1,20,0,0,49,0.7,10,4,0.2805,7.68,0.279
freya.costa,facebook,real,476,130,282,55,689,1,1,97,0.0,11,10,1.0,5.9,0.558
leo_kade,facebook,real,335,120,839,100,495,1,1,94,0.0,8,11,1.0,47.61,1.413
